Hours_Studied,Attendance,Parental_Involvement,Access_to_Resources,Extracurricular_Activities,Sleep_Hours,Previous_Scores,Motivation_Level,Internet_Access,Tutoring_Sessions,Family_Income,Teacher_Quality,School_Type,Peer_Influence,Physical_Activity,Learning_Disabilities,Parental_Education_Level,Distance_from_Home,Gender,Exam_Score,Study_Efficiency
23,84,1,3,0,7,73,1,1,0,1,2.0,0,1,3,0,1.0,1.0,1,67,2.875
19,64,1,2,0,8,59,1,1,2,2,2.0,0,-1,4,0,2.0,2.0,0,61,2.111111111111111
24,98,2,2,1,7,91,2,1,2,2,2.0,0,0,4,0,3.0,1.0,1,74,3.0
29,89,1,2,1,8,98,2,1,1,2,2.0,0,-1,4,0,1.0,2.0,1,71,3.2222222222222223
19,92,2,2,1,6,65,2,1,3,2,3.0,0,0,4,0,2.0,1.0,0,70,2.7142857142857144
19,88,2,2,1,8,89,2,1,3,2,2.0,0,1,3,0,3.0,1.0,1,71,2.111111111111111
29,84,2,1,1,7,68,1,1,1,1,2.0,1,0,2,0,1.0,2.0,1,67,3.625
25,78,1,3,1,6,50,2,1,1,3,3.0,0,-1,2,0,1.0,3.0,1,66,3.5714285714285716
17,94,2,3,0,6,80,3,1,0,2,1.0,1,0,1,0,2.0,1.0,1,69,2.4285714285714284
23,98,2,2,1,8,71,2,1,0,3,3.0,0,1,5,0,1.0,2.0,1,72,2.5555555555555554
17,80,1,3,0,8,88,2,0,4,2,3.0,1,0,4,0,2.0,2.0,1,68,1.8888888888888888
17,97,2,3,1,6,87,1,1,2,1,3.0,1,0,2,0,1.0,1.0,1,71,2.4285714285714284
21,83,2,2,1,8,97,1,1,2,2,2.0,0,1,4,0,1.0,1.0,1,70,2.3333333333333335
9,82,2,2,1,8,72,2,1,2,2,2.0,1,1,3,0,3.0,1.0,1,66,1.0
10,78,2,3,1,8,74,2,1,1,1,2.0,1,0,4,0,3.0,1.0,1,65,1.1111111111111112
17,68,2,2,0,8,70,2,1,2,2,2.0,1,1,4,0,1.0,1.0,0,64,1.8888888888888888
14,60,2,1,1,10,65,1,1,0,3,2.0,1,1,3,0,2.0,1.0,1,60,1.2727272727272727
22,70,1,2,1,6,82,2,1,1,1,3.0,0,0,3,0,1.0,1.0,0,65,3.142857142857143
15,80,2,2,1,9,91,1,1,3,1,2.0,0,1,2,0,2.0,2.0,0,67,1.5
12,75,2,3,1,7,58,2,1,3,2,2.0,1,1,4,0,2.0,1.0,1,66,1.5
29,78,2,2,0,5,99,3,1,0,3,2.0,0,-1,1,0,1.0,2.0,0,69,4.833333333333333
19,99,2,3,0,6,84,2,1,1,2,3.0,0,0,3,0,1.0,1.0,1,72,2.7142857142857144
20,74,2,3,0,8,89,1,1,1,2,2.0,0,-1,2,0,2.0,2.0,0,66,2.2222222222222223
11,78,3,2,1,8,100,3,1,1,1,2.0,0,0,3,0,1.0,2.0,1,66,1.2222222222222223
17,65,1,3,1,5,75,2,1,2,1,2.0,0,1,3,0,1.0,1.0,0,63,2.8333333333333335
21,62,3,1,1,6,54,3,1,0,3,3.0,0,1,3,0,3.0,3.0,1,64,3.0
13,91,1,2,0,6,90,2,1,1,3,2.0,0,-1,2,1,1.0,2.0,0,65,1.8571428571428572
22,83,3,3,1,6,94,2,1,0,3,2.0,0,0,2,0,2.0,2.0,1,71,3.142857142857143
16,90,2,2,0,4,58,2,1,1,1,2.0,0,0,3,0,1.0,2.0,0,66,3.2
18,66,3,3,0,4,51,1,1,2,1,2.0,1,0,2,0,2.0,1.0,1,64,3.6
16,83,1,2,0,6,57,2,1,0,3,1.0,0,1,4,1,1.0,1.0,0,63,2.2857142857142856
31,70,2,3,1,7,66,2,1,1,3,2.0,0,-1,3,0,2.0,1.0,1,69,3.875
20,69,2,2,1,8,96,2,1,2,2,3.0,0,1,3,0,1.0,1.0,1,67,2.2222222222222223
14,60,3,2,0,5,50,2,1,2,2,2.0,0,0,3,0,2.0,1.0,0,61,2.3333333333333335
25,65,3,2,0,5,90,2,1,2,2,2.0,0,1,3,0,2.0,2.0,0,68,4.166666666666667
13,72,1,2,0,6,93,1,1,1,1,2.0,0,-1,3,0,1.0,1.0,1,61,1.8571428571428572
21,65,2,1,1,7,91,1,1,2,2,3.0,0,1,3,0,1.0,3.0,0,64,2.625
8,99,2,2,0,9,54,1,1,2,1,2.0,0,0,5,0,3.0,1.0,0,67,0.8
12,72,1,2,1,8,84,2,1,1,1,2.0,0,1,5,0,1.0,1.0,0,63,1.3333333333333333
21,65,1,2,1,6,98,1,1,1,2,3.0,0,-1,4,0,1.0,1.0,1,64,3.0
24,68,3,2,0,8,56,1,1,3,3,3.0,0,0,1,0,2.0,1.0,1,67,2.6666666666666665
21,84,2,2,1,6,52,1,1,1,2,3.0,0,0,2,1,2.0,3.0,0,65,3.0
19,63,1,3,0,7,94,2,1,1,2,2.0,1,1,3,0,1.0,2.0,1,64,2.375
18,94,2,3,1,7,82,2,1,3,2,2.0,1,-1,2,1,2.0,1.0,1,70,2.25
11,98,2,2,1,9,82,1,1,1,2,2.0,1,1,3,0,3.0,3.0,1,68,1.1
16,70,2,2,1,8,98,2,1,2,2,2.0,0,1,3,0,1.0,2.0,1,65,1.7777777777777777
17,78,2,2,1,6,88,2,1,1,2,3.0,1,1,3,0,2.0,1.0,0,68,2.4285714285714284
26,61,2,1,1,6,70,2,1,2,1,2.0,0,1,3,0,1.0,2.0,0,64,3.7142857142857144
22,86,1,2,1,7,72,1,1,3,1,3.0,0,1,2,0,1.0,2.0,1,68,2.75
9,77,2,2,0,5,57,2,1,2,2,3.0,0,0,3,0,1.0,1.0,1,63,1.5
22,71,1,2,1,7,65,1,1,1,2,1.0,0,1,4,0,2.0,2.0,1,64,2.75
18,68,3,2,0,7,72,2,1,0,2,2.0,0,0,3,0,2.0,1.0,1,64,2.25
16,86,1,2,1,8,63,2,1,2,2,2.0,0,1,4,0,1.0,1.0,1,67,1.7777777777777777
24,77,3,1,0,8,96,2,1,0,2,2.0,0,0,3,0,1.0,1.0,0,67,2.6666666666666665
26,67,2,3,1,7,51,1,1,2,3,3.0,1,0,4,1,3.0,3.0,0,66,3.25
26,88,2,3,1,5,79,2,1,1,1,3.0,1,1,4,0,2.0,2.0,1,72,4.333333333333333
15,83,2,3,0,5,89,1,0,1,2,3.0,0,0,2,1,1.0,1.0,0,65,2.5
18,94,2,2,1,6,87,3,1,1,2,2.0,0,1,4,0,1.0,1.0,1,71,2.5714285714285716
22,65,3,1,0,8,82,2,1,2,2,3.0,0,1,1,0,3.0,1.0,0,66,2.4444444444444446
26,91,2,1,1,8,71,2,1,0,1,2.0,1,0,3,0,1.0,2.0,1,68,2.888888888888889
17,87,2,2,0,7,96,2,1,1,3,2.0,0,-1,5,0,3.0,1.0,0,70,2.125
19,65,2,2,1,10,66,1,1,0,1,2.0,0,1,3,0,1.0,2.0,1,62,1.7272727272727273
13,88,1,3,1,9,88,3,1,2,1,3.0,1,-1,4,0,3.0,3.0,1,68,1.3
13,78,2,3,1,9,96,3,1,2,1,2.0,0,0,3,0,2.0,2.0,1,67,1.3
25,98,1,3,1,8,56,2,0,0,2,3.0,1,0,3,0,3.0,1.0,1,71,2.7777777777777777
28,66,2,3,1,8,97,2,1,0,2,2.0,0,0,2,0,1.0,1.0,1,68,3.111111111111111
20,86,2,2,1,8,89,2,1,1,1,2.0,0,-1,3,0,3.0,1.0,1,69,2.2222222222222223
26,75,1,3,1,4,81,3,1,3,2,3.0,1,1,2,0,1.0,2.0,1,70,5.2
22,98,2,3,0,5,69,1,0,1,1,3.0,0,-1,4,0,1.0,2.0,0,69,3.6666666666666665
16,73,2,2,0,7,95,2,1,1,1,2.0,0,-1,4,0,2.0,1.0,1,65,2.0
22,98,2,1,1,7,52,2,0,3,2,2.0,0,1,3,0,2.0,1.0,0,70,2.75
29,96,2,1,1,7,72,2,1,1,1,2.0,0,1,3,0,1.0,2.0,1,71,3.625
20,71,2,2,1,7,88,2,1,1,1,1.0,0,0,4,0,2.0,1.0,0,65,2.5
29,92,1,2,0,4,91,2,1,2,2,2.0,0,-1,1,0,3.0,1.0,0,72,5.8
4,100,3,3,1,8,60,3,1,0,2,3.0,1,1,4,0,2.0,2.0,1,69,0.4444444444444444
25,70,2,2,0,7,52,2,1,1,2,2.0,0,1,3,0,3.0,1.0,0,66,3.125
21,77,1,2,1,7,90,2,1,4,2,2.0,1,0,3,0,3.0,2.0,1,68,2.625
18,81,3,1,1,8,71,2,1,0,2,2.0,0,0,3,0,1.0,2.0,0,65,2.0
21,72,2,2,1,5,57,2,1,1,3,2.0,0,0,5,1,2.0,2.0,1,64,3.5
8,61,2,2,1,7,54,2,1,1,3,2.0,0,1,3,0,2.0,1.0,1,60,1.0
19,69,2,3,1,7,82,3,1,1,1,2.0,0,-1,2,0,1.0,1.0,1,65,2.375
22,71,3,2,0,6,79,3,1,1,1,1.0,0,1,3,0,1.0,1.0,1,66,3.142857142857143
29,78,3,3,1,4,93,1,1,5,2,3.0,0,0,3,0,2.0,1.0,1,74,5.8
17,67,2,2,1,5,52,3,1,2,2,2.0,1,-1,3,0,1.0,3.0,0,62,2.8333333333333335
15,95,2,2,0,7,93,2,1,2,1,2.0,0,1,4,0,2.0,2.0,1,70,1.875
17,88,2,3,1,7,94,1,1,0,2,2.0,0,0,3,0,1.0,1.0,1,69,2.125
25,63,2,3,1,7,72,2,1,3,2,3.0,1,-1,4,0,2.0,3.0,1,67,3.125
22,86,1,1,0,6,54,2,1,2,2,2.0,0,0,0,0,1.0,2.0,1,64,3.142857142857143
17,86,2,3,0,5,97,3,1,3,3,2.0,0,0,3,0,2.0,1.0,1,71,2.8333333333333335
23,98,2,1,1,7,54,1,1,0,2,2.0,0,-1,3,0,2.0,1.0,0,68,2.875
21,60,3,2,0,7,80,2,1,0,2,3.0,0,0,4,1,2.0,1.0,1,64,2.625
26,70,2,1,1,8,75,2,1,1,2,1.0,1,0,4,1,1.0,3.0,0,63,2.888888888888889
16,97,2,2,1,6,92,1,1,0,3,2.0,1,1,4,0,2.0,1.0,1,71,2.2857142857142856
18,97,3,2,1,4,75,1,1,0,1,2.0,0,1,3,0,1.0,2.0,1,69,3.6
18,89,3,2,1,4,73,2,1,3,3,2.0,1,1,2,0,2.0,1.0,0,100,3.6
11,91,2,2,0,6,94,2,1,3,2,2.0,0,0,3,0,2.0,2.0,1,68,1.5714285714285714
22,64,1,2,0,7,98,1,0,1,2,2.0,0,-1,3,0,1.0,1.0,1,62,2.75
22,81,2,2,1,7,77,1,1,2,2,2.0,0,1,3,0,3.0,3.0,0,68,2.75
20,69,3,3,1,6,73,2,1,2,1,2.0,1,1,3,0,1.0,3.0,1,66,2.857142857142857
19,67,1,2,0,5,92,3,1,0,2,2.0,0,1,3,0,2.0,1.0,1,64,3.1666666666666665
12,92,2,2,0,4,92,3,1,2,2,3.0,0,0,3,1,1.0,2.0,1,67,2.4
17,65,2,3,1,8,66,2,1,1,3,3.0,0,0,4,1,3.0,2.0,0,65,1.8888888888888888
18,79,2,2,1,7,79,2,1,0,1,3.0,1,0,3,0,2.0,3.0,1,65,2.25
15,98,3,2,0,6,58,3,1,0,1,3.0,0,1,3,0,2.0,1.0,1,69,2.142857142857143
19,67,2,2,0,5,82,3,1,1,1,1.0,1,-1,3,0,1.0,1.0,1,63,3.1666666666666665
22,99,2,1,1,6,92,1,1,3,2,2.0,0,-1,4,0,3.0,2.0,1,72,3.142857142857143
31,100,2,2,0,7,59,2,1,2,3,3.0,0,1,5,0,3.0,2.0,1,76,3.875
21,82,2,3,1,7,66,3,1,3,1,2.0,0,1,3,1,2.0,1.0,0,69,2.625
22,67,2,2,1,7,72,3,1,3,1,3.0,0,1,2,0,3.0,2.0,0,67,2.75
20,73,3,2,1,9,92,2,1,2,2,3.0,0,1,3,0,2.0,1.0,1,69,2.0
8,77,3,2,1,6,87,2,1,0,1,2.0,0,0,2,0,1.0,2.0,1,63,1.1428571428571428
20,72,2,2,0,9,66,2,1,3,1,3.0,1,1,3,0,3.0,1.0,1,67,2.0
20,71,1,3,1,7,62,3,1,2,2,2.0,0,-1,5,0,2.0,1.0,1,66,2.5
35,99,3,3,1,7,85,1,1,2,2,3.0,1,0,2,0,3.0,1.0,0,79,4.375
19,66,2,2,0,8,74,2,1,1,3,2.0,0,0,3,0,1.0,1.0,0,64,2.111111111111111
22,89,3,3,1,6,80,2,1,1,3,3.0,0,1,3,0,1.0,1.0,0,73,3.142857142857143
20,60,1,3,0,7,82,3,1,2,1,3.0,0,1,4,1,1.0,1.0,1,63,2.5
13,84,2,2,0,5,78,2,1,1,1,3.0,0,1,2,0,1.0,1.0,1,65,2.1666666666666665
27,97,1,3,1,8,81,2,1,0,3,2.0,0,1,5,0,1.0,1.0,0,73,3.0
25,72,3,3,1,8,94,1,1,2,1,2.0,1,1,4,0,2.0,2.0,0,70,2.7777777777777777
25,67,3,2,0,9,93,3,1,2,1,3.0,0,1,3,1,1.0,1.0,0,68,2.5
15,86,2,2,1,7,57,2,1,1,2,2.0,0,-1,3,0,2.0,1.0,1,65,1.875
28,89,1,3,1,9,79,3,1,0,1,2.0,1,1,1,0,2.0,2.0,0,71,2.8
12,88,1,2,0,6,72,1,1,2,2,2.0,0,1,2,0,2.0,3.0,1,64,1.7142857142857142
24,73,2,3,1,8,64,2,1,4,3,2.0,1,0,3,1,2.0,2.0,1,68,2.6666666666666665
33,70,2,2,1,6,82,1,1,1,1,3.0,0,0,4,0,2.0,1.0,1,69,4.714285714285714
14,98,2,2,0,7,76,2,1,0,2,3.0,1,1,4,0,2.0,2.0,0,69,1.75
17,97,2,2,0,8,89,2,1,1,1,2.0,0,0,4,0,1.0,3.0,1,69,1.8888888888888888
21,78,2,2,1,10,55,2,1,1,3,1.0,1,1,2,0,2.0,1.0,1,67,1.9090909090909092
17,94,1,2,1,8,65,1,1,4,2,2.0,0,0,6,0,1.0,3.0,0,68,1.8888888888888888
11,78,2,3,1,8,51,2,1,2,1,2.0,0,0,3,0,3.0,1.0,1,64,1.2222222222222223
20,77,2,2,0,6,87,1,1,0,1,3.0,0,1,4,0,1.0,1.0,0,66,2.857142857142857
14,66,3,1,0,7,96,2,1,3,1,3.0,0,-1,3,0,1.0,1.0,1,63,1.75
23,77,2,2,1,7,79,2,1,0,1,3.0,0,0,2,0,1.0,2.0,1,66,2.875
14,81,2,2,0,9,81,2,1,1,1,3.0,1,-1,3,0,3.0,1.0,0,66,1.4
29,61,2,3,1,7,52,1,1,3,1,2.0,1,1,3,0,2.0,1.0,0,67,3.625
15,78,3,3,0,9,75,1,1,1,1,2.0,0,-1,1,0,1.0,1.0,1,65,1.5
18,91,1,2,1,5,76,2,1,1,2,2.0,0,0,3,0,1.0,1.0,0,68,3.0
25,87,2,1,0,9,52,3,1,1,1,3.0,1,1,2,0,1.0,1.0,1,68,2.5
13,85,3,2,0,6,89,2,1,0,3,2.0,1,0,1,1,1.0,1.0,1,65,1.8571428571428572
21,96,2,2,0,8,64,3,1,2,2,3.0,0,0,0,0,2.0,1.0,1,71,2.3333333333333335
28,61,2,3,0,6,86,3,1,1,1,2.0,1,-1,3,1,3.0,3.0,1,65,4.0
10,82,2,1,0,8,70,2,1,3,1,3.0,0,1,1,1,3.0,1.0,0,64,1.1111111111111112
21,91,3,2,0,6,100,2,1,0,3,2.0,1,0,2,0,3.0,1.0,0,72,3.0
22,82,2,2,0,9,61,2,1,2,1,2.0,0,-1,2,1,1.0,1.0,0,65,2.2
25,73,2,3,0,8,53,3,0,0,1,3.0,1,-1,5,0,3.0,1.0,0,66,2.7777777777777777
13,65,1,3,0,6,99,2,1,0,1,2.0,1,-1,4,0,1.0,1.0,1,61,1.8571428571428572
12,96,1,3,1,8,62,2,1,2,2,3.0,0,-1,3,0,2.0,1.0,0,68,1.3333333333333333
23,79,3,3,1,8,82,1,1,3,2,2.0,0,-1,3,1,3.0,2.0,0,69,2.5555555555555554
22,95,2,3,1,6,69,2,1,1,1,2.0,0,1,3,0,2.0,1.0,0,72,3.142857142857143
22,83,2,3,1,5,82,2,1,2,1,3.0,0,1,3,0,3.0,1.0,0,71,3.6666666666666665
22,87,3,3,0,5,80,1,1,2,1,3.0,0,-1,3,0,1.0,1.0,0,70,3.6666666666666665
16,92,2,3,1,5,85,1,1,1,1,2.0,0,0,2,0,1.0,2.0,1,68,2.6666666666666665
21,86,1,2,1,5,51,2,1,2,1,3.0,0,1,2,0,1.0,2.0,0,67,3.5
22,76,2,2,1,8,92,2,1,1,1,3.0,0,0,4,0,1.0,1.0,0,68,2.4444444444444446
16,81,2,2,1,8,74,2,1,3,2,2.0,0,1,2,0,3.0,1.0,0,68,1.7777777777777777
31,92,2,2,1,4,76,2,1,2,2,3.0,0,1,4,1,1.0,3.0,1,72,6.2
23,75,1,3,0,6,71,1,1,0,2,2.0,0,0,2,0,2.0,1.0,1,65,3.2857142857142856
13,76,2,3,0,5,99,1,1,2,2,2.0,1,1,4,0,1.0,1.0,0,66,2.1666666666666665
24,64,2,2,1,8,90,3,1,0,1,3.0,0,-1,3,0,1.0,1.0,1,65,2.6666666666666665
14,97,2,2,1,6,66,2,1,2,2,2.0,0,-1,3,1,2.0,1.0,0,67,2.0
25,64,2,3,0,5,89,1,1,2,2,2.0,0,0,4,0,2.0,3.0,1,66,4.166666666666667
27,86,2,2,0,7,72,1,1,1,2,3.0,0,1,4,0,1.0,3.0,1,69,3.375
15,77,2,2,1,8,94,1,1,0,3,3.0,0,1,3,0,2.0,2.0,1,66,1.6666666666666667
26,76,2,3,1,6,52,2,1,4,3,1.0,0,0,3,0,1.0,1.0,1,69,3.7142857142857144
22,87,3,1,1,7,68,2,0,0,1,2.0,0,0,2,0,1.0,1.0,1,67,2.75
25,63,3,2,1,6,71,2,1,1,2,1.0,1,1,3,0,1.0,1.0,1,66,3.5714285714285716
31,84,2,2,1,9,87,2,1,2,1,2.0,1,0,3,0,2.0,3.0,1,71,3.1
19,91,3,1,0,6,59,2,1,5,2,3.0,0,0,4,0,2.0,2.0,1,70,2.7142857142857144
15,93,3,2,0,6,64,2,1,2,2,3.0,0,1,4,0,3.0,1.0,1,71,2.142857142857143
15,67,2,2,1,7,86,3,1,1,3,2.0,1,1,3,0,3.0,1.0,1,66,1.875
15,96,2,2,0,7,54,3,0,3,2,3.0,0,-1,2,0,1.0,1.0,1,67,1.875
20,86,3,1,0,8,60,2,1,1,2,2.0,0,0,4,1,2.0,3.0,0,66,2.2222222222222223
22,95,2,3,0,9,88,1,1,0,1,3.0,0,1,2,0,3.0,1.0,1,72,2.2
22,79,2,2,0,9,94,2,1,1,2,2.0,0,1,3,0,1.0,1.0,1,68,2.2
25,82,2,2,0,6,86,2,0,3,1,3.0,0,1,3,0,1.0,1.0,0,69,3.5714285714285716
20,97,2,2,1,7,76,1,1,2,1,1.0,1,1,3,0,3.0,1.0,1,71,2.5
29,96,2,2,1,9,55,1,0,0,2,2.0,0,0,2,0,3.0,3.0,0,70,2.9
18,78,2,2,0,9,91,3,1,2,3,1.0,0,0,4,0,2.0,3.0,0,67,1.8
36,71,2,2,1,6,56,2,1,2,3,2.0,0,1,2,0,1.0,3.0,1,69,5.142857142857143
24,76,1,3,0,8,69,1,1,2,2,2.0,0,0,1,0,1.0,2.0,1,65,2.6666666666666665
15,76,3,3,0,8,53,2,1,1,1,2.0,0,0,4,0,2.0,1.0,1,65,1.6666666666666667
14,71,2,2,1,8,85,1,1,2,2,3.0,0,0,4,0,1.0,1.0,1,64,1.5555555555555556
23,71,1,1,1,9,75,1,1,1,1,2.0,0,-1,2,0,2.0,1.0,1,63,2.3
19,94,1,2,1,5,95,2,1,3,1,1.0,0,1,2,0,1.0,2.0,1,69,3.1666666666666665
24,63,2,1,1,6,57,2,1,1,1,3.0,1,0,5,0,2.0,1.0,0,64,3.4285714285714284
23,87,3,3,1,8,91,3,1,0,3,2.0,1,1,3,0,1.0,2.0,1,72,2.5555555555555554
20,67,1,2,1,7,76,2,1,0,2,2.0,0,0,4,0,1.0,1.0,1,63,2.5
15,74,1,3,1,4,68,1,1,3,1,2.0,0,1,3,0,1.0,1.0,0,64,3.0
11,62,2,3,1,5,82,2,1,3,3,2.0,1,0,4,0,2.0,2.0,1,64,1.8333333333333333
17,71,2,2,1,8,90,2,1,5,2,2.0,0,1,1,0,3.0,3.0,1,67,1.8888888888888888
25,91,2,2,0,8,72,1,1,2,2,3.0,0,1,0,0,3.0,1.0,1,71,2.7777777777777777
21,95,2,2,0,5,62,3,1,1,2,1.0,0,1,4,0,1.0,1.0,1,70,3.5
13,69,2,1,1,9,96,1,1,0,3,2.0,1,0,4,0,1.0,3.0,0,61,1.3
21,79,2,3,1,7,66,1,1,2,1,2.0,0,-1,4,0,2.0,2.0,1,67,2.625
22,79,3,2,0,5,100,2,1,4,3,3.0,0,-1,3,0,2.0,1.0,1,72,3.6666666666666665
15,95,1,1,1,6,88,1,1,1,1,2.0,0,-1,5,0,1.0,1.0,1,66,2.142857142857143
21,91,2,3,1,5,84,2,1,1,3,1.0,0,0,2,0,1.0,1.0,1,70,3.5
20,81,3,2,1,6,51,3,0,3,2,2.0,0,0,4,1,1.0,1.0,1,67,2.857142857142857
13,87,3,1,1,4,72,2,1,2,2,3.0,0,0,3,0,1.0,2.0,0,67,2.6
22,94,1,2,1,7,75,3,1,2,3,2.0,0,0,2,0,2.0,1.0,0,71,2.75
23,60,3,2,1,8,69,2,1,1,1,2.0,1,1,4,0,2.0,1.0,1,66,2.5555555555555554
26,76,2,2,1,5,57,2,1,1,2,2.0,0,1,4,0,1.0,1.0,1,68,4.333333333333333
26,96,2,2,1,7,68,2,1,3,3,2.0,1,1,3,0,2.0,1.0,0,74,3.25
12,90,2,1,1,6,54,2,0,1,3,2.0,0,0,3,0,1.0,1.0,1,64,1.7142857142857142
14,82,2,2,0,8,65,2,1,1,1,2.0,1,1,3,0,2.0,1.0,1,65,1.5555555555555556
23,81,1,2,1,4,54,2,1,1,1,2.0,0,0,3,0,2.0,1.0,1,66,4.6
23,74,2,3,1,8,88,1,1,0,2,3.0,0,-1,3,1,1.0,1.0,1,66,2.5555555555555554
23,81,2,1,0,4,84,2,1,2,2,2.0,0,1,5,0,1.0,1.0,1,68,4.6
43,86,3,2,1,7,97,2,1,2,2,3.0,0,1,1,0,1.0,1.0,0,78,5.375
23,77,2,3,1,6,69,1,1,1,2,2.0,1,1,2,0,1.0,2.0,0,67,3.2857142857142856
27,89,2,3,1,6,89,2,1,3,2,2.0,1,1,3,0,1.0,1.0,1,74,3.857142857142857
26,94,2,3,0,5,79,3,1,1,1,3.0,0,1,2,0,3.0,1.0,1,74,4.333333333333333
24,66,2,1,0,9,82,1,1,1,2,2.0,0,0,2,1,1.0,1.0,0,62,2.4
18,78,3,2,1,5,77,2,0,2,2,2.0,0,0,4,0,1.0,3.0,1,66,3.0
25,76,2,2,1,5,89,3,1,3,2,3.0,0,0,3,0,1.0,3.0,0,69,4.166666666666667
15,87,2,3,1,10,52,2,1,2,1,3.0,1,1,3,0,2.0,1.0,1,68,1.3636363636363635
19,70,2,1,0,7,54,3,1,0,2,2.0,0,1,2,1,1.0,2.0,1,89,2.375
17,86,3,1,0,5,55,1,0,2,3,2.0,1,0,4,0,2.0,1.0,1,66,2.8333333333333335
20,95,1,2,1,7,64,1,0,2,2,3.0,0,0,3,0,1.0,1.0,0,68,2.5
34,77,2,1,1,7,80,1,1,0,2,2.0,0,1,3,0,1.0,1.0,1,69,4.25
9,96,2,2,1,4,82,3,0,0,1,2.0,0,1,4,0,2.0,1.0,1,67,1.8
24,100,3,3,1,6,86,1,1,2,2,2.0,1,1,5,0,1.0,1.0,1,75,3.4285714285714284
10,64,2,3,0,7,64,3,1,0,2,2.0,0,1,4,1,1.0,2.0,0,60,1.25
17,69,3,2,1,9,83,2,1,2,2,3.0,1,1,4,1,2.0,2.0,0,66,1.7
27,98,1,3,1,7,56,1,1,1,3,2.0,1,1,3,0,2.0,1.0,0,73,3.375
20,98,2,1,0,7,50,1,1,1,2,3.0,1,0,2,0,1.0,1.0,0,68,2.5
14,64,2,2,1,6,85,2,1,0,2,2.0,0,0,3,0,1.0,1.0,1,62,2.0
16,61,2,2,0,9,86,1,1,2,1,3.0,0,1,2,0,1.0,1.0,1,62,1.6
24,66,3,1,1,8,81,3,1,1,2,2.0,0,0,4,0,1.0,3.0,1,65,2.6666666666666665
16,100,3,1,1,8,63,3,1,2,1,2.0,0,-1,3,0,1.0,2.0,1,69,1.7777777777777777
21,67,2,2,0,7,96,1,1,3,1,2.0,0,0,2,0,1.0,3.0,0,64,2.625
20,80,2,3,0,5,94,2,1,0,1,1.0,1,1,4,1,3.0,2.0,0,67,3.3333333333333335
16,94,3,3,1,9,76,2,1,0,1,3.0,0,0,2,0,1.0,1.0,1,70,1.6
33,61,2,2,0,7,99,3,1,2,2,3.0,0,0,3,0,2.0,1.0,0,70,4.125
24,84,3,1,0,7,65,1,1,3,2,3.0,0,1,3,0,1.0,1.0,0,69,3.0
8,71,3,1,0,8,75,2,1,0,2,3.0,0,1,3,0,1.0,1.0,1,61,0.8888888888888888
21,94,2,2,0,7,96,1,1,0,2,2.0,1,0,2,1,3.0,2.0,1,69,2.625
16,71,3,2,1,5,73,2,1,1,2,2.0,0,0,0,1,1.0,1.0,1,63,2.6666666666666665
25,87,2,1,1,7,74,1,1,0,2,3.0,0,0,4,1,1.0,1.0,1,67,3.125
15,87,1,2,0,4,54,2,1,1,2,2.0,0,0,6,0,1.0,2.0,1,65,3.0
19,69,2,2,1,7,61,3,1,3,3,3.0,0,0,4,0,1.0,2.0,1,66,2.375
23,61,1,2,0,9,58,2,1,4,2,2.0,0,0,2,0,1.0,1.0,1,63,2.3
25,76,2,3,1,4,78,2,1,2,2,2.0,1,-1,3,0,1.0,2.0,0,68,5.0
13,72,3,3,0,7,66,2,1,0,1,3.0,0,0,4,0,3.0,1.0,1,65,1.625
18,92,1,2,1,8,54,2,1,1,2,2.0,0,1,3,0,1.0,1.0,1,67,2.0
17,92,1,1,1,8,75,2,1,2,2,3.0,0,0,3,0,3.0,1.0,0,68,1.8888888888888888
16,78,2,3,0,6,83,2,1,0,1,1.0,0,0,3,1,2.0,1.0,1,64,2.2857142857142856
31,84,2,2,0,5,87,3,1,0,2,2.0,1,1,3,0,2.0,2.0,1,71,5.166666666666667
22,84,2,2,1,6,92,1,1,0,2,2.0,0,0,5,0,1.0,1.0,0,69,3.142857142857143
12,93,2,2,1,9,74,1,1,1,2,2.0,0,0,3,0,3.0,2.0,1,67,1.2
26,77,1,2,0,4,70,1,1,2,3,1.0,0,0,3,1,2.0,2.0,0,65,5.2
33,71,1,2,0,5,84,2,1,1,2,2.0,0,1,2,0,1.0,1.0,1,68,5.5
26,71,3,2,1,6,51,1,0,1,3,2.0,1,1,3,0,3.0,2.0,1,67,3.7142857142857144
11,81,2,2,1,6,82,3,1,3,2,3.0,0,0,4,0,1.0,1.0,1,67,1.5714285714285714
17,78,2,3,1,7,70,2,0,2,1,3.0,0,1,3,0,1.0,1.0,1,66,2.125
28,78,3,2,0,9,73,3,1,2,2,2.0,0,0,4,0,2.0,2.0,0,70,2.8
16,64,3,1,1,5,65,2,1,3,2,3.0,1,1,4,0,3.0,2.0,0,65,2.6666666666666665
23,89,1,1,1,7,56,1,1,4,2,1.0,1,1,4,0,3.0,1.0,0,69,2.875
25,69,2,2,1,7,70,1,0,1,3,3.0,0,1,4,0,1.0,3.0,0,65,3.125
14,68,3,2,0,6,65,2,1,1,3,2.0,0,0,3,1,2.0,1.0,1,63,2.0
20,77,2,2,0,5,98,1,1,2,1,3.0,1,0,2,0,3.0,3.0,0,67,3.3333333333333335
1,69,3,2,1,6,97,2,1,1,1,2.0,0,1,3,0,1.0,1.0,0,61,0.14285714285714285
14,83,2,1,1,6,82,2,1,0,2,2.0,0,1,2,0,1.0,1.0,0,65,2.0
18,75,1,3,1,8,95,2,1,1,1,1.0,0,0,2,0,2.0,1.0,0,66,2.0
13,78,2,3,1,8,88,3,1,0,3,1.0,0,0,3,0,2.0,1.0,1,66,1.4444444444444444
30,81,2,1,1,5,67,2,1,1,3,3.0,0,-1,1,0,1.0,1.0,1,69,5.0
11,68,2,2,0,6,80,2,1,2,2,2.0,0,1,3,0,2.0,2.0,0,63,1.5714285714285714
17,66,1,3,0,6,61,2,1,1,3,2.0,0,1,6,0,3.0,1.0,1,65,2.4285714285714284
21,95,1,1,0,10,84,1,1,0,3,2.0,0,0,4,1,1.0,1.0,1,67,1.9090909090909092
29,77,3,3,1,7,52,2,1,2,3,2.0,0,-1,3,1,1.0,1.0,0,69,3.625
11,76,1,2,1,5,92,2,1,4,2,1.0,0,-1,2,0,3.0,1.0,1,65,1.8333333333333333
27,61,2,2,0,6,79,2,1,1,1,2.0,0,1,3,0,1.0,2.0,1,65,3.857142857142857
20,80,3,1,1,6,53,2,1,0,1,2.0,0,0,2,0,2.0,2.0,1,65,2.857142857142857
14,82,2,3,1,8,94,1,1,2,1,3.0,0,-1,5,0,2.0,3.0,0,67,1.5555555555555556
23,82,1,2,1,8,94,2,1,1,2,2.0,0,-1,2,1,1.0,1.0,1,66,2.5555555555555554
21,88,2,3,0,7,93,2,1,4,1,2.0,0,1,3,0,1.0,1.0,0,72,2.625
16,67,2,3,0,7,89,3,1,3,1,2.0,0,1,3,0,2.0,1.0,1,66,2.0
20,70,2,2,1,7,84,1,0,2,2,3.0,1,0,4,0,2.0,3.0,1,65,2.5
18,92,3,2,1,7,70,2,1,1,1,2.0,0,0,3,0,1.0,2.0,1,69,2.25
21,98,2,1,0,4,57,2,1,2,3,1.0,0,0,2,0,1.0,1.0,0,68,4.2
24,65,2,1,0,7,64,1,1,1,3,2.0,0,0,1,0,3.0,1.0,1,64,3.0
30,80,1,3,0,6,67,2,1,3,2,2.0,0,-1,4,0,2.0,2.0,0,69,4.285714285714286
13,69,2,1,1,5,68,1,1,0,3,2.0,0,1,1,1,1.0,2.0,0,59,2.1666666666666665
33,62,3,2,1,10,78,2,1,0,2,2.0,1,1,3,0,1.0,2.0,0,68,3.0
8,73,2,2,0,7,60,2,0,0,3,2.0,1,0,3,0,1.0,1.0,0,60,1.0
19,66,2,3,0,7,59,2,1,1,3,2.0,0,-1,3,0,1.0,3.0,1,62,2.375
24,88,1,2,1,6,86,1,1,0,1,1.0,0,-1,3,0,2.0,1.0,1,67,3.4285714285714284
22,81,1,3,1,8,50,3,1,4,2,2.0,1,1,5,0,1.0,3.0,0,68,2.4444444444444446
16,66,2,3,1,5,57,3,1,3,2,2.0,0,1,3,0,1.0,2.0,0,64,2.6666666666666665
19,60,2,3,1,7,72,3,1,3,1,3.0,0,1,3,0,1.0,2.0,0,65,2.375
17,92,1,1,1,6,57,2,1,2,2,2.0,1,1,2,1,1.0,2.0,0,65,2.4285714285714284
16,67,3,2,0,8,98,2,1,0,1,1.0,0,0,3,0,1.0,1.0,0,63,1.7777777777777777
25,84,2,1,1,6,84,1,1,2,2,3.0,0,1,3,0,1.0,1.0,1,70,3.5714285714285716
22,73,1,2,1,9,72,1,1,3,2,2.0,0,1,3,0,1.0,1.0,0,66,2.2
16,83,2,3,1,7,56,1,1,4,3,2.0,0,1,3,0,1.0,1.0,0,68,2.0
25,73,1,1,0,8,69,2,1,3,2,2.0,1,1,3,0,1.0,1.0,0,66,2.7777777777777777
22,63,1,1,0,8,83,2,1,3,2,2.0,1,-1,1,0,2.0,1.0,1,63,2.4444444444444446
25,69,3,2,1,9,98,2,1,1,1,2.0,0,-1,3,1,2.0,2.0,0,66,2.5
24,68,2,2,1,6,74,2,1,1,2,2.0,0,0,3,0,1.0,1.0,0,65,3.4285714285714284
15,77,2,2,1,8,85,3,1,1,1,2.0,0,1,2,0,3.0,2.0,1,66,1.6666666666666667
17,86,3,1,1,4,60,3,1,2,3,1.0,1,1,3,1,2.0,2.0,0,67,3.4
24,71,2,2,1,7,81,2,1,0,1,2.0,1,1,3,0,1.0,1.0,1,66,3.0
24,60,1,2,0,6,62,3,1,4,1,3.0,0,-1,3,0,1.0,1.0,0,63,3.4285714285714284
20,81,2,2,1,5,60,1,1,3,2,2.0,0,1,4,1,1.0,1.0,1,66,3.3333333333333335
21,84,2,2,0,6,75,1,0,1,3,2.0,0,1,3,0,2.0,2.0,1,67,3.0
28,99,2,2,1,6,61,2,0,1,1,2.0,0,1,3,0,1.0,1.0,1,71,4.0
16,84,2,3,1,7,86,2,1,1,1,2.0,1,0,2,0,1.0,1.0,0,67,2.0
23,79,2,3,1,6,97,2,1,1,3,1.0,0,0,4,0,1.0,2.0,1,69,3.2857142857142856
19,83,2,2,1,7,70,2,1,2,1,2.0,0,-1,4,1,3.0,1.0,0,67,2.375
19,97,3,2,1,6,66,3,1,2,2,2.0,1,1,2,0,2.0,2.0,0,72,2.7142857142857144
27,93,3,1,0,6,59,3,1,2,1,2.0,1,-1,4,0,1.0,1.0,0,70,3.857142857142857
25,73,2,3,1,7,70,1,1,0,1,2.0,1,0,4,0,3.0,2.0,1,67,3.125
25,69,1,3,1,7,78,2,1,0,1,3.0,0,-1,3,0,1.0,3.0,0,64,3.125
28,71,2,2,0,8,69,3,1,1,2,3.0,1,0,1,0,2.0,2.0,0,67,3.111111111111111
20,80,1,3,0,8,81,2,1,3,2,2.0,1,-1,4,0,3.0,1.0,1,69,2.2222222222222223
24,90,1,1,0,7,83,2,1,0,1,2.0,1,1,3,0,2.0,1.0,1,68,3.0
18,80,2,2,0,8,55,1,1,2,1,1.0,0,0,3,0,1.0,2.0,1,63,2.0
22,63,2,3,1,7,85,2,1,4,3,3.0,0,-1,3,0,2.0,1.0,0,68,2.75
19,89,3,2,1,7,95,2,1,0,2,2.0,0,1,3,0,1.0,1.0,1,70,2.375
21,92,2,1,1,8,51,1,1,0,2,2.0,0,0,2,0,2.0,2.0,1,66,2.3333333333333335
24,72,3,3,0,6,78,3,1,0,1,3.0,0,-1,6,0,1.0,1.0,0,68,3.4285714285714284
15,87,3,1,1,4,80,3,1,0,1,2.0,1,1,3,0,2.0,1.0,1,67,3.0
33,77,1,3,1,5,85,2,1,0,1,2.0,1,0,5,0,1.0,3.0,0,69,5.5
14,96,2,1,1,9,69,3,1,0,2,2.0,1,-1,3,1,2.0,1.0,0,66,1.4
13,94,2,2,1,7,91,1,1,3,1,2.0,0,0,3,0,1.0,1.0,1,68,1.625
27,81,2,2,1,7,77,2,1,2,2,1.0,0,0,2,1,3.0,2.0,0,69,3.375
25,88,2,2,1,7,70,1,1,1,2,2.0,1,1,3,0,3.0,2.0,1,70,3.125
24,95,2,3,1,8,86,3,1,1,2,3.0,1,0,3,0,2.0,1.0,1,74,2.6666666666666665
24,80,2,3,1,7,96,3,1,0,1,3.0,0,1,0,0,2.0,2.0,0,70,3.0
20,73,2,2,1,7,91,1,1,1,2,3.0,0,0,2,0,3.0,2.0,1,66,2.5
15,90,3,2,1,8,97,2,1,1,1,3.0,1,-1,3,0,2.0,1.0,0,69,1.6666666666666667
20,69,2,3,0,6,63,1,1,0,1,2.0,0,-1,3,0,3.0,1.0,1,64,2.857142857142857
16,76,1,3,1,8,56,2,0,1,1,2.0,0,1,1,0,1.0,1.0,1,62,1.7777777777777777
26,95,1,3,0,7,77,2,1,0,2,2.0,0,0,3,0,1.0,2.0,0,70,3.25
19,89,3,2,1,7,52,2,1,2,2,2.0,0,-1,4,0,1.0,2.0,1,68,2.375
15,76,2,2,1,6,84,1,1,0,2,3.0,0,0,3,0,2.0,1.0,0,65,2.142857142857143
18,69,3,3,0,7,62,1,1,3,2,2.0,0,1,3,0,1.0,2.0,1,65,2.25
22,74,3,3,1,6,73,1,1,3,3,3.0,0,1,4,0,3.0,2.0,0,71,3.142857142857143
17,71,3,2,1,9,83,1,1,2,2,2.0,0,0,5,0,1.0,1.0,1,66,1.7
15,67,2,2,0,4,74,2,1,0,1,2.0,0,-1,3,0,2.0,2.0,1,61,3.0
21,90,1,2,1,8,62,1,1,2,2,3.0,0,-1,5,1,1.0,1.0,1,67,2.3333333333333335
21,70,1,3,1,4,94,2,1,0,1,3.0,1,0,2,0,2.0,3.0,1,65,4.2
17,78,2,3,0,8,88,2,1,0,1,2.0,0,-1,3,0,1.0,1.0,0,65,1.8888888888888888
17,75,2,3,1,6,80,2,0,1,1,2.0,1,1,5,0,1.0,2.0,1,65,2.4285714285714284
21,99,2,2,0,8,85,3,1,4,2,2.0,0,1,4,0,1.0,2.0,1,73,2.3333333333333335
11,76,2,2,1,7,71,2,0,1,2,1.0,0,0,2,0,2.0,1.0,1,62,1.375
12,63,2,3,1,5,69,1,1,0,2,3.0,0,-1,2,0,2.0,2.0,0,60,2.0
16,64,1,2,1,9,58,1,1,1,2,2.0,0,1,3,0,2.0,2.0,0,61,1.6
19,84,1,2,1,8,90,3,1,2,1,2.0,1,0,3,0,3.0,3.0,1,67,2.111111111111111
22,84,3,2,0,8,69,2,0,3,2,3.0,1,0,4,0,2.0,1.0,1,70,2.4444444444444446
29,77,1,3,0,6,85,2,1,1,2,2.0,0,1,1,0,2.0,1.0,1,69,4.142857142857143
25,77,2,1,1,8,65,3,0,0,2,2.0,0,1,5,0,2.0,3.0,0,66,2.7777777777777777
19,62,2,2,0,5,90,1,1,2,1,3.0,0,1,3,0,2.0,2.0,1,64,3.1666666666666665
20,81,3,2,1,4,55,2,1,1,3,2.0,1,1,2,0,3.0,2.0,1,68,4.0
14,80,3,2,1,5,81,2,1,1,1,2.0,0,1,4,0,3.0,3.0,0,67,2.3333333333333335
20,66,2,2,0,6,90,3,1,0,2,2.0,0,0,1,0,2.0,1.0,0,64,2.857142857142857
18,64,2,2,1,6,83,3,1,2,1,2.0,0,1,2,0,2.0,1.0,1,65,2.5714285714285716
22,65,1,3,1,6,85,2,1,2,3,2.0,0,1,3,1,3.0,1.0,0,66,3.142857142857143
15,64,2,2,1,6,76,3,1,2,2,2.0,1,1,4,1,1.0,1.0,0,63,2.142857142857143
23,84,3,2,1,6,78,1,1,2,1,1.0,0,-1,2,0,1.0,2.0,0,68,3.2857142857142856
29,68,2,3,1,4,53,2,1,1,2,2.0,1,-1,4,0,1.0,3.0,1,66,5.8
19,70,2,2,0,7,63,1,0,3,1,1.0,0,0,5,0,1.0,1.0,1,63,2.375
22,67,1,2,0,7,86,1,1,1,1,2.0,0,1,3,0,1.0,2.0,0,63,2.75
24,98,3,2,1,6,97,2,1,1,2,2.0,0,1,4,0,2.0,3.0,1,74,3.4285714285714284
18,94,2,3,1,9,77,1,1,1,2,3.0,0,1,2,0,2.0,2.0,1,70,1.8
21,69,3,3,1,7,86,2,1,2,1,2.0,1,0,3,0,1.0,1.0,1,68,2.625
20,73,2,2,1,7,84,2,1,0,2,2.0,0,0,4,0,3.0,2.0,0,66,2.5
21,68,2,1,0,8,100,1,1,0,2,2.0,0,1,4,0,1.0,3.0,1,63,2.3333333333333335
15,80,1,3,0,5,90,2,1,4,1,2.0,0,1,3,0,2.0,3.0,0,67,2.5
20,61,2,2,0,7,81,2,1,1,2,1.0,0,0,3,0,1.0,2.0,1,62,2.5
23,87,3,3,0,8,56,2,1,1,2,3.0,0,1,3,0,3.0,2.0,1,71,2.5555555555555554
29,81,3,2,0,7,68,2,1,2,2,2.0,0,0,4,0,3.0,1.0,1,72,3.625
26,96,2,2,1,5,63,2,0,1,3,2.0,1,1,2,0,3.0,1.0,1,72,4.333333333333333
33,67,2,2,1,6,93,3,1,0,1,3.0,0,0,3,0,1.0,3.0,0,68,4.714285714285714
15,92,2,1,1,7,72,1,1,1,2,2.0,0,-1,5,0,1.0,1.0,0,66,1.875
25,92,2,2,0,4,77,2,1,0,1,2.0,0,1,3,0,1.0,1.0,1,70,5.0
21,65,2,1,1,5,98,3,0,2,1,2.0,1,1,4,0,3.0,1.0,1,66,3.5
33,76,2,2,1,10,92,1,1,1,3,2.0,1,1,3,0,3.0,1.0,0,72,3.0
15,67,3,2,1,8,89,1,1,0,3,3.0,0,0,4,0,1.0,2.0,0,64,1.6666666666666667
15,70,3,2,0,9,57,2,1,1,2,2.0,1,-1,3,0,1.0,1.0,0,63,1.5
16,71,2,2,0,8,51,2,1,0,1,2.0,0,-1,2,0,3.0,3.0,0,61,1.7777777777777777
7,82,3,3,1,8,56,2,1,0,1,2.0,1,-1,2,0,1.0,3.0,1,62,0.7777777777777778
17,76,2,3,0,7,87,3,1,1,2,3.0,0,1,4,0,1.0,1.0,0,68,2.125
15,98,1,2,1,8,71,1,1,1,2,2.0,0,1,3,0,1.0,1.0,1,68,1.6666666666666667
21,65,1,2,0,9,56,3,1,1,2,2.0,0,1,5,0,1.0,2.0,1,63,2.1
22,99,2,1,1,8,87,1,1,1,2,2.0,1,0,4,0,1.0,2.0,0,70,2.4444444444444446
31,69,3,1,1,7,60,2,1,1,1,2.0,0,0,3,0,3.0,1.0,0,68,3.875
26,91,3,2,1,7,79,2,1,1,1,2.0,1,0,5,0,1.0,1.0,0,72,3.25
17,74,2,2,1,8,87,2,1,4,1,1.0,0,1,3,0,2.0,1.0,1,67,1.8888888888888888
15,66,1,3,0,6,80,2,0,1,1,2.0,1,0,1,0,2.0,1.0,1,61,2.142857142857143
23,94,1,2,0,8,100,2,0,0,1,2.0,0,0,3,0,3.0,1.0,1,69,2.5555555555555554
12,72,2,1,1,6,72,3,1,2,1,3.0,1,-1,2,0,1.0,2.0,0,61,1.7142857142857142
31,86,3,3,1,6,66,2,1,3,2,2.0,0,1,3,0,2.0,2.0,1,75,4.428571428571429
27,83,3,1,0,5,60,2,1,0,3,1.0,0,0,2,0,2.0,2.0,0,68,4.5
17,79,2,1,1,6,75,1,1,1,2,3.0,0,0,4,0,1.0,1.0,1,65,2.4285714285714284
10,80,3,2,1,6,93,3,1,4,2,2.0,0,-1,3,0,2.0,2.0,0,67,1.4285714285714286
28,89,2,3,1,10,97,3,1,3,2,1.0,0,-1,6,0,1.0,1.0,0,75,2.5454545454545454
19,64,1,2,0,6,99,2,1,1,2,2.0,0,1,3,0,2.0,1.0,1,64,2.7142857142857144
27,87,2,2,0,8,77,2,1,1,1,3.0,0,0,4,0,1.0,2.0,1,70,3.0
10,96,3,3,0,6,80,2,0,0,2,2.0,0,0,4,0,1.0,2.0,0,67,1.4285714285714286
16,62,2,2,1,7,79,1,1,2,2,2.0,0,0,3,0,1.0,1.0,1,63,2.0
20,66,3,3,0,7,73,2,1,1,2,2.0,0,-1,4,0,2.0,1.0,0,65,2.5
20,89,2,2,1,4,58,2,1,1,2,2.0,0,1,3,0,1.0,3.0,0,67,4.0
17,77,1,3,1,5,53,2,1,2,3,2.0,0,0,3,0,2.0,1.0,1,86,2.8333333333333335
24,76,1,3,0,6,72,3,1,3,2,3.0,0,0,3,1,1.0,2.0,0,67,3.4285714285714284
14,65,3,2,0,5,59,1,1,1,3,2.0,0,1,4,0,3.0,3.0,1,63,2.3333333333333335
19,80,2,2,0,7,94,2,1,0,2,1.0,0,0,3,0,2.0,2.0,0,66,2.375
21,65,3,3,0,7,88,1,1,2,1,2.0,1,0,1,0,1.0,1.0,1,65,2.625
23,79,2,2,0,5,81,2,1,1,2,2.0,1,0,3,0,1.0,1.0,0,67,3.8333333333333335
24,91,2,2,0,7,52,1,1,0,3,3.0,0,0,4,0,2.0,1.0,1,69,3.0
13,70,3,3,0,6,81,2,1,2,2,1.0,0,1,2,0,3.0,1.0,1,66,1.8571428571428572
11,79,2,2,1,7,81,2,1,1,3,2.0,0,0,2,0,1.0,2.0,1,64,1.375
28,100,3,1,1,6,72,2,1,1,1,2.0,0,-1,2,0,3.0,1.0,0,73,4.0
22,87,1,2,0,8,83,1,1,1,1,2.0,0,0,1,0,2.0,3.0,1,66,2.4444444444444446
16,94,2,2,0,9,93,1,1,1,1,2.0,0,-1,4,0,3.0,1.0,0,68,1.6
29,77,3,1,1,8,88,1,1,0,2,3.0,0,1,4,0,2.0,2.0,1,70,3.2222222222222223
21,91,3,2,0,9,74,2,1,2,1,1.0,1,-1,2,0,1.0,1.0,0,69,2.1
27,62,2,3,1,5,63,1,1,4,3,2.0,0,-1,4,0,1.0,1.0,0,67,4.5
20,65,2,1,0,6,74,1,1,0,2,2.0,1,1,3,0,2.0,2.0,1,62,2.857142857142857
32,68,2,1,0,8,97,3,1,1,1,2.0,0,1,2,0,1.0,1.0,1,68,3.5555555555555554
31,76,2,3,1,9,91,2,1,1,1,2.0,1,0,4,0,3.0,1.0,1,72,3.1
19,94,1,2,0,8,51,2,1,3,2,1.0,1,1,5,0,3.0,1.0,1,69,2.111111111111111
26,74,1,1,0,5,89,1,1,3,3,3.0,1,-1,2,0,1.0,1.0,1,66,4.333333333333333
24,86,3,3,0,6,59,2,1,1,1,2.0,0,1,3,0,1.0,2.0,0,70,3.4285714285714284
28,88,3,2,0,8,79,2,1,0,2,2.0,0,1,3,0,1.0,3.0,1,71,3.111111111111111
14,83,2,2,1,7,90,2,1,0,1,1.0,0,-1,3,0,2.0,1.0,0,65,1.75
24,74,3,2,1,6,78,2,1,3,1,3.0,0,1,3,0,2.0,1.0,0,70,3.4285714285714284
26,83,1,1,0,7,70,3,0,2,2,3.0,0,-1,4,1,1.0,2.0,1,65,3.25
9,74,2,3,0,7,66,1,1,1,3,3.0,1,0,3,0,1.0,3.0,0,62,1.125
13,63,3,2,1,5,65,2,1,2,3,2.0,1,0,2,0,1.0,3.0,1,62,2.1666666666666665
8,100,3,2,1,8,92,2,1,1,2,3.0,0,0,3,0,3.0,2.0,0,70,0.8888888888888888
18,65,2,3,1,6,91,2,0,5,1,2.0,1,0,3,0,2.0,1.0,1,66,2.5714285714285716
24,63,3,1,1,7,91,1,1,4,1,2.0,1,1,4,0,1.0,1.0,0,67,3.0
29,95,2,1,0,9,64,2,1,1,2,3.0,0,1,3,0,1.0,1.0,0,72,2.9
20,72,3,1,1,7,90,1,1,0,1,3.0,1,-1,3,0,3.0,1.0,0,66,2.5
30,86,2,1,1,8,52,2,1,2,2,2.0,0,-1,2,1,2.0,2.0,0,68,3.3333333333333335
12,73,3,2,0,5,60,2,1,1,1,2.0,0,-1,4,0,1.0,2.0,1,62,2.0
10,76,1,2,1,8,76,2,1,2,3,3.0,1,1,3,1,3.0,2.0,1,64,1.1111111111111112
20,70,2,2,0,8,70,2,1,0,1,2.0,0,0,5,0,3.0,1.0,0,65,2.2222222222222223
22,74,2,1,1,6,56,1,1,4,2,3.0,0,-1,3,0,3.0,2.0,1,66,3.142857142857143
20,76,2,1,0,7,52,2,1,2,1,3.0,1,0,3,0,1.0,1.0,0,64,2.5
8,89,2,3,1,7,81,1,1,4,1,2.0,0,0,3,0,2.0,1.0,1,67,1.0
19,80,3,2,1,7,66,1,1,4,2,2.0,0,-1,4,0,2.0,1.0,0,69,2.375
12,98,3,2,1,8,51,2,1,0,2,1.0,0,1,5,0,3.0,2.0,1,68,1.3333333333333333
24,62,2,2,0,6,72,3,1,2,1,1.0,0,0,4,0,1.0,1.0,1,64,3.4285714285714284
22,80,3,2,1,7,65,2,1,2,3,2.0,1,0,2,0,1.0,2.0,0,68,2.75
14,83,1,1,1,9,79,2,1,1,2,1.0,0,1,3,0,1.0,1.0,1,64,1.4
17,97,2,3,0,9,96,3,1,0,3,2.0,0,-1,1,0,3.0,1.0,1,71,1.7
14,62,3,3,1,8,65,1,1,3,1,2.0,0,-1,2,0,1.0,3.0,1,61,1.5555555555555556
20,83,1,2,0,7,100,2,1,4,1,2.0,0,-1,3,0,2.0,1.0,1,68,2.5
26,94,3,2,1,10,54,1,1,2,3,2.0,0,0,5,0,1.0,1.0,1,73,2.3636363636363638
14,70,3,2,1,9,54,2,0,3,2,2.0,0,1,1,0,2.0,1.0,1,64,1.4
23,95,2,2,1,7,86,2,1,3,1,2.0,0,1,4,1,3.0,3.0,1,72,2.875
17,61,2,2,1,7,87,3,1,5,2,2.0,0,0,3,0,1.0,1.0,1,65,2.125
15,89,2,2,1,6,71,2,1,1,2,3.0,0,1,4,0,1.0,1.0,0,68,2.142857142857143
19,97,3,1,1,8,64,2,1,2,1,3.0,0,1,3,0,1.0,1.0,1,71,2.111111111111111
14,86,2,1,1,8,90,2,0,3,2,2.0,0,-1,3,1,3.0,1.0,1,65,1.5555555555555556
17,78,2,2,0,8,98,1,1,2,2,2.0,1,1,2,0,1.0,1.0,1,66,1.8888888888888888
13,62,1,3,0,7,99,2,1,4,2,1.0,0,1,1,0,3.0,2.0,0,63,1.625
32,97,2,3,0,5,82,2,1,1,2,2.0,0,0,3,0,1.0,2.0,1,74,5.333333333333333
20,79,3,1,1,7,87,1,0,2,2,3.0,1,0,4,1,1.0,1.0,0,66,2.5
16,61,2,1,0,8,91,3,1,2,2,3.0,0,0,3,0,2.0,2.0,1,63,1.7777777777777777
21,88,3,2,1,6,90,3,1,2,3,2.0,1,0,4,0,1.0,2.0,1,72,3.0
19,79,2,3,0,7,100,1,1,1,3,3.0,0,1,2,0,2.0,3.0,0,69,2.375
19,65,2,3,1,9,91,2,1,1,2,3.0,0,1,4,0,2.0,1.0,1,67,1.9
24,69,1,3,0,5,83,1,1,3,1,2.0,1,0,3,0,1.0,1.0,1,66,4.0
25,63,3,2,0,7,69,2,1,0,1,3.0,1,-1,5,0,1.0,2.0,0,64,3.125
17,83,1,2,0,9,80,2,1,4,2,3.0,0,-1,2,0,2.0,1.0,0,67,1.7
17,85,2,1,0,7,94,3,1,4,1,2.0,0,1,3,0,2.0,1.0,0,69,2.125
18,80,2,1,1,6,65,2,1,2,1,3.0,0,-1,2,0,2.0,1.0,0,65,2.5714285714285716
6,93,2,2,0,7,52,3,1,0,2,2.0,0,0,2,0,2.0,1.0,0,64,0.75
11,94,2,1,1,8,66,3,0,1,3,1.0,0,0,4,0,1.0,1.0,0,65,1.2222222222222223
28,85,2,3,1,7,98,2,1,2,1,3.0,1,1,1,1,1.0,1.0,1,72,3.5
30,61,1,3,1,8,90,2,1,2,1,3.0,0,-1,2,0,1.0,2.0,0,66,3.3333333333333335
19,88,2,1,0,7,59,2,1,2,1,2.0,0,0,3,0,2.0,1.0,0,66,2.375
23,77,3,3,1,7,51,2,1,1,1,1.0,1,1,3,0,2.0,2.0,1,67,2.875
22,83,2,2,1,8,83,3,1,1,3,2.0,1,-1,3,1,3.0,2.0,1,69,2.4444444444444446
38,86,1,3,1,7,79,1,1,3,1,2.0,0,-1,3,0,1.0,1.0,1,73,4.75
27,74,2,3,0,6,54,2,1,3,2,2.0,0,0,3,0,2.0,1.0,0,69,3.857142857142857
19,97,2,1,0,8,98,2,1,1,1,2.0,1,0,4,1,1.0,1.0,1,68,2.111111111111111
14,65,1,2,1,7,81,2,1,1,1,2.0,0,1,3,0,1.0,2.0,0,61,1.75
10,87,2,1,1,6,83,2,0,0,1,2.0,0,1,4,0,1.0,1.0,1,63,1.4285714285714286
21,60,2,3,1,8,93,1,1,0,1,2.0,0,1,2,0,1.0,3.0,0,63,2.3333333333333335
15,97,1,2,1,9,67,2,1,1,1,3.0,0,0,2,0,2.0,1.0,1,68,1.5
11,65,2,3,0,7,78,2,1,2,1,2.0,0,0,3,0,3.0,1.0,0,63,1.375
16,64,3,2,1,7,79,2,1,3,2,2.0,1,1,4,1,3.0,1.0,0,66,2.0
14,73,3,2,1,5,98,2,1,2,1,2.0,0,-1,4,0,1.0,2.0,0,65,2.3333333333333335
30,75,3,3,0,7,57,3,1,0,1,2.0,0,0,1,1,2.0,1.0,0,68,3.75
25,69,2,2,1,7,88,3,1,0,1,2.0,0,-1,4,0,2.0,1.0,0,66,3.125
20,83,1,1,0,7,79,1,0,2,2,2.0,0,1,5,0,3.0,2.0,1,66,2.5
29,78,3,2,0,6,92,2,1,2,1,2.0,1,-1,4,0,1.0,1.0,1,70,4.142857142857143
20,61,1,1,1,8,92,2,1,0,2,2.0,0,-1,2,0,1.0,1.0,0,61,2.2222222222222223
15,73,2,1,1,7,51,2,1,2,1,3.0,1,-1,3,0,1.0,2.0,1,61,1.875
29,92,2,2,1,10,63,3,1,1,1,3.0,1,-1,4,0,1.0,2.0,1,71,2.6363636363636362
23,88,1,2,1,7,59,2,1,1,2,2.0,0,-1,2,0,1.0,1.0,1,67,2.875
14,89,3,3,1,4,73,2,1,2,2,3.0,0,-1,3,0,2.0,1.0,1,70,2.8
19,88,3,2,0,5,95,2,1,2,1,2.0,1,-1,4,0,2.0,2.0,1,69,3.1666666666666665
15,72,3,3,0,8,50,2,1,2,2,2.0,0,0,4,0,1.0,1.0,0,65,1.6666666666666667
12,64,3,1,1,6,74,3,1,0,2,2.0,0,1,2,0,1.0,2.0,1,61,1.7142857142857142
26,71,2,1,0,6,94,1,1,3,1,2.0,0,1,4,0,3.0,1.0,1,68,3.7142857142857144
31,93,3,1,1,5,96,2,1,2,1,2.0,0,1,2,0,1.0,1.0,1,74,5.166666666666667
12,99,2,2,0,6,83,1,1,1,2,2.0,0,-1,3,0,1.0,1.0,0,67,1.7142857142857142
23,80,2,2,1,7,91,1,1,5,3,2.0,0,-1,1,0,1.0,1.0,0,70,2.875
16,60,1,2,1,8,66,1,1,1,3,3.0,1,0,2,1,1.0,2.0,0,59,1.7777777777777777
17,66,3,3,0,5,64,1,1,0,2,3.0,1,0,2,0,2.0,1.0,1,64,2.8333333333333335
16,73,3,2,1,8,52,2,1,2,2,3.0,0,1,4,0,2.0,1.0,0,66,1.7777777777777777
15,83,1,1,1,5,75,2,1,1,2,2.0,0,0,3,0,1.0,3.0,0,63,2.5
20,63,1,1,1,8,73,1,1,0,3,2.0,0,0,3,0,2.0,1.0,0,61,2.2222222222222223
15,98,1,3,1,8,69,1,1,2,1,2.0,0,0,4,0,1.0,2.0,0,68,1.6666666666666667
22,75,2,2,0,6,56,1,1,3,2,2.0,1,1,3,0,1.0,3.0,1,65,3.142857142857143
20,97,2,3,0,5,62,2,1,1,2,2.0,1,0,4,0,1.0,3.0,1,69,3.3333333333333335
19,91,3,1,1,8,60,2,1,2,1,2.0,1,0,4,0,1.0,2.0,1,68,2.111111111111111
15,90,2,1,1,6,97,1,1,2,3,3.0,0,1,2,0,1.0,1.0,1,69,2.142857142857143
17,84,2,1,1,7,98,3,1,1,1,3.0,0,0,2,0,2.0,3.0,0,67,2.125
25,85,3,3,0,8,50,3,1,1,3,2.0,0,0,1,0,2.0,2.0,0,70,2.7777777777777777
23,86,2,2,1,8,59,1,1,1,1,2.0,0,0,3,0,3.0,2.0,0,68,2.5555555555555554
14,85,2,2,0,6,94,1,1,0,3,2.0,0,1,4,0,2.0,1.0,1,67,2.0
21,82,3,2,0,7,52,2,1,4,1,2.0,0,0,3,0,1.0,3.0,1,67,2.625
25,99,3,2,1,6,97,3,1,0,2,2.0,0,1,3,0,2.0,2.0,1,75,3.5714285714285716
10,89,1,1,1,8,69,1,1,3,1,2.0,0,-1,4,0,2.0,2.0,1,63,1.1111111111111112
23,91,1,2,0,9,77,3,1,1,1,2.0,0,1,5,0,1.0,1.0,1,70,2.3
16,95,2,1,1,6,88,1,1,2,3,3.0,0,1,4,0,1.0,1.0,0,70,2.2857142857142856
23,69,2,3,1,7,62,2,1,1,2,2.0,0,0,4,1,1.0,3.0,1,64,2.875
15,63,2,1,0,8,55,1,1,0,2,1.0,0,0,3,0,2.0,1.0,0,59,1.6666666666666667
9,79,2,1,0,7,90,3,1,1,3,1.0,0,0,3,0,1.0,1.0,1,63,1.125
10,81,3,2,1,8,99,2,0,2,2,2.0,0,1,4,0,3.0,2.0,0,67,1.1111111111111112
20,93,1,3,1,7,83,2,1,0,2,2.0,1,-1,2,1,1.0,1.0,1,68,2.5
22,78,2,2,1,5,91,1,1,0,2,3.0,1,-1,3,0,3.0,1.0,1,68,3.6666666666666665
15,83,2,2,0,7,97,2,1,2,1,3.0,1,0,2,0,1.0,1.0,0,97,1.875
24,81,2,1,0,9,61,2,1,1,1,1.0,0,1,4,0,2.0,1.0,0,66,2.4
10,62,2,1,0,7,68,3,1,3,2,2.0,0,0,3,0,3.0,1.0,1,61,1.25
20,85,3,2,0,9,61,3,1,2,3,2.0,0,1,3,0,2.0,1.0,1,70,2.0
13,93,1,1,1,4,53,3,1,1,2,1.0,0,1,1,0,3.0,1.0,1,65,2.6
16,66,1,2,1,8,87,3,1,3,2,2.0,0,1,2,0,1.0,2.0,0,64,1.7777777777777777
20,84,2,3,1,6,57,3,1,2,2,2.0,0,1,4,0,1.0,3.0,0,69,2.857142857142857
15,84,2,3,0,6,55,1,1,1,2,2.0,1,-1,2,0,1.0,1.0,1,64,2.142857142857143
18,67,1,1,1,9,68,1,1,2,1,3.0,1,-1,2,0,3.0,1.0,1,61,1.8
26,65,1,2,0,7,53,1,1,3,3,2.0,0,1,2,0,1.0,1.0,0,64,3.25
17,99,2,3,0,6,59,2,1,0,2,2.0,0,0,3,0,1.0,2.0,1,68,2.4285714285714284
25,76,2,3,0,8,53,3,1,1,3,3.0,0,1,3,1,1.0,3.0,0,67,2.7777777777777777
13,69,3,1,0,4,94,2,1,3,1,1.0,0,1,3,1,1.0,1.0,1,62,2.6
23,67,2,2,1,9,89,2,1,2,1,3.0,0,0,2,0,1.0,1.0,0,66,2.3
29,87,2,3,1,10,93,3,1,1,1,2.0,0,0,4,0,1.0,2.0,1,72,2.6363636363636362
5,84,2,2,1,8,93,3,1,4,3,3.0,0,1,3,0,2.0,2.0,1,68,0.5555555555555556
15,86,2,3,1,8,97,2,1,4,3,2.0,0,1,3,0,1.0,1.0,1,71,1.6666666666666667
23,64,2,2,1,7,59,3,1,3,2,2.0,0,1,2,0,1.0,2.0,0,65,2.875
19,96,2,1,1,5,95,1,0,2,2,1.0,1,0,3,0,1.0,2.0,0,68,3.1666666666666665
22,76,2,1,0,9,76,2,1,2,1,3.0,0,0,5,0,1.0,3.0,0,65,2.2
16,73,3,1,1,8,58,2,1,1,2,2.0,0,0,4,0,1.0,1.0,0,64,1.7777777777777777
21,78,2,1,0,8,83,2,1,2,2,2.0,0,1,4,1,1.0,3.0,1,65,2.3333333333333335
19,76,3,3,1,8,66,1,1,0,1,3.0,1,-1,4,1,1.0,1.0,1,65,2.111111111111111
27,95,3,2,0,7,52,3,1,3,2,3.0,1,-1,3,0,2.0,2.0,0,73,3.375
22,97,2,3,1,6,54,2,1,1,1,3.0,0,1,3,0,3.0,1.0,1,72,3.142857142857143
22,72,1,2,1,10,71,2,1,1,2,2.0,1,-1,1,0,2.0,1.0,1,64,2.0
18,95,2,2,1,7,91,1,1,0,1,2.0,0,1,4,1,3.0,2.0,1,69,2.25
17,91,2,2,0,6,66,3,1,1,3,2.0,1,1,3,0,1.0,1.0,1,69,2.4285714285714284
17,97,2,3,1,9,88,2,0,0,2,2.0,0,1,2,0,1.0,1.0,1,70,1.7
22,70,1,2,0,7,53,1,1,1,1,2.0,0,1,3,0,1.0,1.0,0,83,2.75
17,83,3,2,0,7,70,1,1,3,1,2.0,1,0,5,0,3.0,1.0,0,68,2.125
22,71,1,3,1,9,56,3,1,1,1,3.0,0,0,3,1,2.0,1.0,0,84,2.2
32,93,2,2,1,8,93,3,1,1,2,3.0,0,-1,3,0,3.0,3.0,0,75,3.5555555555555554
25,60,1,3,0,8,98,2,1,1,2,2.0,0,0,5,0,3.0,1.0,0,67,2.7777777777777777
18,83,2,3,1,5,66,2,1,0,3,2.0,1,1,4,0,3.0,1.0,1,69,3.0
27,74,3,2,0,8,99,3,0,3,2,2.0,0,1,4,0,1.0,1.0,1,71,3.0
18,73,2,1,1,5,88,2,1,1,2,2.0,0,1,5,0,2.0,1.0,0,66,3.0
8,86,2,3,0,6,50,3,1,1,2,2.0,0,1,2,0,2.0,1.0,1,65,1.1428571428571428
14,94,3,2,0,7,74,2,1,1,3,2.0,1,1,5,0,2.0,1.0,1,70,1.75
9,84,3,1,0,7,92,3,1,1,1,3.0,0,-1,4,0,3.0,1.0,1,66,1.125
18,94,3,2,1,8,77,2,1,3,2,3.0,0,1,4,0,3.0,1.0,1,74,2.0
20,71,3,2,0,8,77,2,1,0,3,2.0,1,0,4,0,1.0,2.0,1,66,2.2222222222222223
30,81,2,3,0,8,72,1,1,0,1,2.0,0,0,2,0,1.0,2.0,1,68,3.3333333333333335
22,78,2,3,1,5,70,2,1,2,1,2.0,0,1,1,0,2.0,1.0,1,68,3.6666666666666665
19,60,2,3,0,10,51,2,1,0,2,2.0,0,1,3,1,2.0,1.0,0,62,1.7272727272727273
25,82,2,3,1,7,81,2,1,2,2,2.0,1,0,2,0,3.0,2.0,1,71,3.125
7,86,2,1,0,9,88,2,1,2,1,2.0,0,-1,2,0,2.0,1.0,0,63,0.7
21,84,3,3,0,4,90,2,1,2,2,1.0,0,0,3,0,1.0,3.0,1,69,4.2
25,89,2,2,1,7,81,3,1,3,2,2.0,0,-1,0,0,2.0,1.0,1,71,3.125
11,83,3,1,1,5,67,2,1,1,2,2.0,0,1,2,0,3.0,1.0,1,66,1.8333333333333333
27,63,2,3,0,6,51,1,1,0,1,2.0,0,1,2,0,3.0,2.0,1,64,3.857142857142857
22,65,2,2,1,7,95,1,1,3,1,2.0,0,1,2,0,1.0,2.0,0,65,2.75
18,84,2,3,0,6,71,2,1,4,2,1.0,0,1,2,0,1.0,1.0,0,69,2.5714285714285716
24,71,2,1,0,9,80,2,1,2,2,3.0,1,1,3,0,1.0,1.0,0,66,2.4
34,63,2,3,1,10,60,1,1,1,2,2.0,0,-1,4,0,1.0,1.0,0,67,3.090909090909091
21,77,2,1,1,6,57,2,1,4,1,2.0,0,-1,5,0,1.0,3.0,1,65,3.0
21,82,1,1,1,6,54,3,1,3,1,2.0,0,-1,2,0,2.0,2.0,1,65,3.0
17,73,3,2,0,5,90,3,1,1,1,2.0,1,1,4,0,1.0,1.0,1,67,2.8333333333333335
15,89,1,2,1,9,82,1,1,1,2,2.0,0,0,3,0,2.0,1.0,1,66,1.5
25,86,2,2,1,7,81,1,1,1,3,1.0,0,1,1,0,1.0,1.0,1,69,3.125
15,73,2,3,0,7,96,1,1,1,1,2.0,0,-1,2,0,2.0,1.0,1,64,1.875
20,90,2,2,1,7,58,3,1,1,3,3.0,1,0,4,0,1.0,1.0,1,70,2.5
17,86,3,2,1,7,59,1,1,3,1,2.0,0,1,3,0,3.0,2.0,1,68,2.125
23,85,3,1,1,6,59,1,1,1,2,2.0,0,-1,1,0,1.0,1.0,1,68,3.2857142857142856
22,82,3,2,1,7,71,1,1,1,3,2.0,1,1,3,0,1.0,1.0,0,69,2.75
26,60,2,2,1,7,94,3,1,3,3,2.0,0,1,2,0,1.0,2.0,0,68,3.25
17,88,2,2,1,8,94,2,1,5,2,2.0,0,0,2,1,2.0,1.0,0,70,1.8888888888888888
18,75,3,2,1,5,80,2,1,2,1,3.0,0,0,3,0,1.0,1.0,0,67,3.0
14,98,3,3,1,7,83,2,0,3,1,2.0,0,1,3,0,2.0,1.0,1,72,1.75
17,93,3,1,0,6,95,2,1,1,1,2.0,0,0,4,0,1.0,1.0,1,69,2.4285714285714284
22,84,3,2,0,7,81,2,1,1,2,1.0,1,1,3,0,1.0,2.0,1,69,2.75
25,70,1,2,1,8,61,1,0,3,1,2.0,0,1,4,0,2.0,2.0,0,64,2.7777777777777777
14,68,1,2,1,6,85,2,1,2,2,2.0,0,0,3,0,1.0,1.0,0,63,2.0
25,74,3,3,1,9,88,2,1,3,2,3.0,0,0,3,1,1.0,1.0,1,70,2.5
28,79,3,2,1,4,82,2,1,0,2,2.0,1,1,3,0,1.0,1.0,1,70,5.6
22,72,3,2,1,9,64,1,1,1,2,2.0,0,-1,2,0,2.0,1.0,0,66,2.2
31,81,2,2,0,9,70,1,1,1,1,2.0,0,0,4,0,3.0,1.0,0,70,3.1
15,67,2,3,1,6,74,3,1,0,3,2.0,0,1,2,0,3.0,1.0,0,66,2.142857142857143
13,99,2,2,1,6,57,2,1,1,1,2.0,0,-1,5,0,2.0,1.0,1,68,1.8571428571428572
9,64,2,2,0,5,73,2,1,1,2,2.0,0,1,4,0,2.0,1.0,1,61,1.5
29,97,2,2,0,8,58,2,1,1,3,2.0,1,-1,4,0,2.0,2.0,0,72,3.2222222222222223
24,97,3,1,0,7,75,1,1,1,2,2.0,0,-1,2,0,1.0,2.0,0,69,3.0
20,81,2,1,1,6,53,1,1,0,2,1.0,0,0,4,0,1.0,3.0,0,63,2.857142857142857
22,89,2,3,1,5,97,2,1,2,2,2.0,1,0,5,0,1.0,1.0,1,72,3.6666666666666665
13,77,2,2,1,10,62,2,1,1,3,2.0,1,0,4,0,2.0,2.0,1,65,1.1818181818181819
35,85,2,3,1,6,73,3,1,1,3,2.0,0,-1,5,0,1.0,2.0,0,74,5.0
21,74,2,1,1,7,52,1,1,1,3,2.0,0,-1,4,0,1.0,3.0,1,62,2.625
21,72,3,2,0,7,60,1,1,0,1,2.0,1,0,4,0,3.0,1.0,1,65,2.625
24,83,1,3,0,6,85,1,1,1,1,3.0,0,0,4,0,1.0,2.0,0,68,3.4285714285714284
23,80,2,1,1,6,56,2,1,3,2,2.0,0,1,2,1,1.0,1.0,1,66,3.2857142857142856
21,83,3,2,1,6,81,1,1,3,3,2.0,0,-1,4,0,3.0,2.0,1,71,3.0
15,71,2,3,0,8,50,1,1,1,2,2.0,0,0,2,1,3.0,1.0,0,62,1.6666666666666667
23,75,1,3,1,6,73,1,1,1,1,2.0,0,1,2,0,1.0,2.0,0,65,3.2857142857142856
31,63,2,3,0,9,86,1,1,0,3,2.0,0,0,3,0,3.0,2.0,1,68,3.1
28,62,2,3,0,6,96,2,1,4,2,3.0,0,1,3,0,1.0,1.0,1,70,4.0
30,70,1,2,0,8,75,2,1,1,2,2.0,1,1,2,0,1.0,1.0,0,67,3.3333333333333335
17,63,2,2,0,4,92,2,1,2,1,2.0,0,-1,4,0,1.0,1.0,0,63,3.4
14,64,3,3,1,6,90,1,1,0,1,3.0,1,-1,2,0,1.0,1.0,0,63,2.0
19,93,2,3,0,6,65,2,1,0,2,3.0,0,0,3,0,1.0,1.0,1,69,2.7142857142857144
20,62,1,2,1,5,94,3,1,3,2,2.0,0,0,3,0,3.0,1.0,1,66,3.3333333333333335
27,86,2,2,1,7,82,1,1,2,1,2.0,0,1,3,0,1.0,2.0,0,70,3.375
10,71,2,2,1,7,55,3,1,2,1,3.0,0,1,3,0,2.0,1.0,0,63,1.25
29,95,1,2,1,4,97,2,1,0,2,2.0,1,1,4,1,2.0,2.0,0,72,5.8
19,79,3,2,1,10,59,1,1,1,2,2.0,0,0,3,1,2.0,2.0,1,65,1.7272727272727273
17,72,2,3,1,7,74,1,1,2,3,2.0,0,1,4,0,3.0,3.0,1,67,2.125
14,81,2,2,1,7,73,1,0,1,3,2.0,1,1,3,1,1.0,2.0,1,63,1.75
10,75,3,2,0,9,81,2,1,3,1,3.0,0,-1,5,0,1.0,1.0,0,65,1.0
25,83,2,2,1,8,83,2,1,2,1,2.0,0,0,1,1,1.0,2.0,0,67,2.7777777777777777
20,65,2,1,1,7,62,3,1,0,2,2.0,0,0,0,1,3.0,1.0,1,80,2.5
12,100,2,2,1,4,68,2,1,2,1,2.0,0,0,3,0,2.0,3.0,1,68,2.4
12,77,2,2,1,8,57,2,1,2,1,3.0,0,-1,2,0,2.0,2.0,1,63,1.3333333333333333
18,74,2,2,0,6,56,2,1,1,2,2.0,1,1,3,0,2.0,2.0,1,64,2.5714285714285716
30,88,2,2,0,9,91,2,1,3,2,1.0,0,1,3,0,1.0,1.0,0,73,3.0
18,75,2,2,1,6,88,1,1,2,2,3.0,0,-1,1,1,3.0,1.0,0,66,2.5714285714285716
11,93,2,2,1,6,72,1,1,2,1,2.0,0,-1,3,0,2.0,2.0,1,66,1.5714285714285714
19,78,3,3,0,5,55,2,1,0,2,2.0,0,0,4,0,1.0,2.0,1,66,3.1666666666666665
18,89,2,3,1,5,72,1,1,4,2,1.0,0,0,2,0,1.0,1.0,0,69,3.0
4,64,2,3,1,7,65,2,1,1,2,3.0,0,-1,4,0,1.0,3.0,1,59,0.5
20,94,2,2,0,7,89,2,1,0,1,2.0,1,0,1,0,1.0,1.0,1,68,2.5
19,89,2,2,0,6,55,2,1,1,1,2.0,1,0,3,0,3.0,2.0,0,67,2.7142857142857144
24,68,2,2,1,10,73,1,1,1,2,2.0,0,0,4,1,1.0,2.0,0,64,2.1818181818181817
31,66,1,3,1,8,80,1,1,0,1,1.0,1,-1,4,0,1.0,1.0,0,65,3.4444444444444446
27,73,2,2,0,7,99,1,1,1,1,2.0,0,1,4,0,2.0,1.0,1,68,3.375
18,99,2,3,1,4,54,1,1,0,2,2.0,0,1,3,0,3.0,2.0,1,70,3.6
13,70,2,2,0,8,56,2,1,2,2,3.0,0,0,0,0,1.0,1.0,1,62,1.4444444444444444
35,78,3,1,1,10,99,2,1,1,1,2.0,1,1,2,0,1.0,1.0,1,72,3.1818181818181817
20,61,2,1,1,7,70,1,1,1,2,2.0,1,1,4,0,1.0,2.0,0,62,2.5
20,76,3,3,1,6,87,1,1,1,1,2.0,0,-1,4,0,3.0,2.0,1,68,2.857142857142857
20,83,3,2,0,7,89,2,1,3,1,3.0,1,-1,4,0,1.0,1.0,0,69,2.5
21,98,3,2,0,5,66,1,1,3,3,3.0,0,1,5,0,1.0,1.0,1,73,3.5
19,81,3,3,0,8,61,1,1,3,2,2.0,1,-1,5,0,3.0,1.0,1,69,2.111111111111111
17,93,2,2,1,9,64,2,1,1,2,2.0,0,0,3,0,1.0,2.0,0,67,1.7
17,82,2,1,0,6,88,1,1,2,1,1.0,1,0,3,0,3.0,1.0,1,65,2.4285714285714284
20,62,1,1,0,6,92,3,1,2,2,2.0,0,1,3,0,3.0,2.0,1,63,2.857142857142857
17,73,3,2,1,7,85,2,1,2,1,2.0,0,1,2,0,1.0,2.0,1,66,2.125
16,83,2,2,0,6,72,2,1,1,1,3.0,0,1,2,0,2.0,1.0,1,66,2.2857142857142856
21,98,2,3,0,5,63,1,1,0,1,3.0,0,0,2,0,3.0,1.0,1,70,3.5
18,94,2,2,0,6,71,1,1,2,3,2.0,0,0,3,0,3.0,3.0,1,69,2.5714285714285716
29,69,2,3,0,6,96,1,1,1,3,2.0,0,1,4,0,1.0,1.0,0,70,4.142857142857143
4,69,2,1,0,9,93,1,0,2,2,3.0,1,-1,3,0,1.0,2.0,0,58,0.4
27,68,2,2,0,9,66,2,1,3,3,2.0,1,1,3,0,1.0,3.0,1,67,2.7
27,97,3,3,1,9,66,1,1,1,1,2.0,0,1,3,0,1.0,3.0,1,73,2.7
8,94,3,1,0,8,89,3,1,0,2,2.0,0,0,2,0,1.0,1.0,0,66,0.8888888888888888
18,91,3,3,1,7,71,3,1,0,2,2.0,0,0,3,0,1.0,1.0,1,70,2.25
18,76,3,3,0,6,79,2,1,1,2,2.0,1,1,2,0,3.0,3.0,0,67,2.5714285714285716
12,80,1,1,0,9,71,3,1,1,1,1.0,1,1,3,1,1.0,2.0,0,60,1.2
15,79,3,2,0,8,62,1,1,1,1,1.0,0,1,3,0,2.0,1.0,1,65,1.6666666666666667
13,70,2,2,0,5,59,2,1,0,2,3.0,1,1,2,0,3.0,1.0,0,63,2.1666666666666665
31,80,3,3,1,6,57,1,1,1,2,3.0,1,1,3,0,1.0,1.0,0,72,4.428571428571429
26,61,1,2,1,5,51,3,1,0,1,2.0,1,0,5,0,1.0,2.0,0,62,4.333333333333333
28,65,2,2,1,4,64,2,1,6,2,3.0,0,0,3,0,3.0,1.0,1,70,5.6
24,95,3,1,1,8,59,2,1,2,1,3.0,0,-1,1,0,2.0,2.0,1,70,2.6666666666666665
13,90,2,2,0,5,63,2,1,0,1,2.0,0,0,4,0,1.0,2.0,0,64,2.1666666666666665
17,77,2,2,1,6,54,1,1,3,1,2.0,0,0,4,0,1.0,2.0,1,64,2.4285714285714284
23,81,2,1,1,7,67,2,1,0,2,3.0,1,1,5,0,1.0,2.0,0,67,2.875
13,75,2,3,1,7,76,3,1,1,2,3.0,0,-1,1,0,1.0,2.0,1,64,1.625
24,90,2,2,1,6,97,1,1,1,3,3.0,0,1,4,0,1.0,1.0,1,72,3.4285714285714284
19,91,2,1,0,9,67,2,1,0,2,2.0,1,-1,3,0,2.0,1.0,0,66,1.9
18,91,2,2,0,5,52,2,1,2,2,2.0,0,-1,4,0,1.0,2.0,0,66,3.0
24,89,2,3,1,5,68,2,1,0,1,3.0,0,1,2,0,3.0,1.0,0,71,4.0
23,68,1,1,0,8,91,2,1,5,1,2.0,0,-1,5,0,3.0,1.0,0,66,2.5555555555555554
18,74,2,1,1,6,67,3,1,2,1,3.0,0,0,2,0,1.0,1.0,1,64,2.5714285714285716
27,79,2,1,0,6,65,1,1,0,2,2.0,1,-1,2,0,2.0,1.0,1,66,3.857142857142857
14,73,2,1,1,5,96,1,1,1,1,2.0,0,-1,3,0,1.0,2.0,0,62,2.3333333333333335
24,90,2,2,0,8,65,2,1,4,1,2.0,0,0,4,0,1.0,2.0,1,70,2.6666666666666665
24,73,2,2,1,7,99,2,1,3,2,3.0,1,0,3,0,1.0,1.0,0,69,3.0
18,66,3,2,0,7,92,2,1,2,1,2.0,1,0,4,0,1.0,2.0,1,65,2.25
22,76,3,2,1,6,84,3,1,2,2,3.0,0,0,3,0,1.0,1.0,1,70,3.142857142857143
12,99,3,3,1,6,80,2,0,0,3,2.0,0,1,3,0,1.0,2.0,1,70,1.7142857142857142
26,69,2,2,1,7,61,2,1,1,3,3.0,0,1,2,0,2.0,1.0,1,67,3.25
19,84,2,3,1,8,87,1,1,2,1,3.0,0,1,3,0,1.0,2.0,0,69,2.111111111111111
17,77,1,2,0,9,67,1,1,0,1,3.0,0,0,5,1,1.0,1.0,0,62,1.7
26,63,2,3,1,9,74,2,1,1,1,2.0,1,1,4,0,1.0,1.0,0,67,2.6
16,80,3,2,0,8,55,3,0,0,1,2.0,0,1,6,0,2.0,2.0,1,65,1.7777777777777777
12,88,2,2,0,8,65,2,1,0,1,2.0,0,1,4,0,1.0,1.0,1,65,1.3333333333333333
11,81,2,3,1,5,76,2,1,1,1,2.0,0,0,3,0,3.0,3.0,1,65,1.8333333333333333
24,95,2,1,1,6,73,2,0,3,1,2.0,0,1,2,0,1.0,2.0,1,69,3.4285714285714284
12,72,2,2,0,8,67,1,1,4,2,2.0,0,0,4,0,1.0,1.0,1,63,1.3333333333333333
31,63,1,3,1,7,74,1,1,3,2,2.0,0,-1,2,0,2.0,2.0,1,66,3.875
8,97,2,3,1,8,87,2,1,0,2,2.0,0,1,2,1,1.0,1.0,1,67,0.8888888888888888
30,75,2,2,0,8,73,3,1,1,2,2.0,0,-1,3,0,2.0,1.0,1,69,3.3333333333333335
21,83,2,2,1,8,75,3,1,1,1,3.0,0,0,2,0,1.0,3.0,1,67,2.3333333333333335
19,92,2,2,1,5,85,2,1,1,2,3.0,1,0,4,0,1.0,1.0,1,70,3.1666666666666665
17,73,3,3,1,7,92,2,1,2,3,2.0,1,-1,2,0,1.0,2.0,1,67,2.125
22,89,3,2,0,6,76,2,1,2,1,2.0,0,0,4,0,1.0,1.0,1,70,3.142857142857143
20,65,3,3,1,6,97,2,1,0,1,1.0,1,-1,3,0,1.0,2.0,0,65,2.857142857142857
27,72,2,1,0,4,68,2,0,0,2,3.0,0,-1,3,1,2.0,1.0,1,63,5.4
21,66,2,2,1,7,63,2,1,0,3,2.0,0,0,3,0,1.0,1.0,0,64,2.625
21,92,3,2,1,4,85,1,1,1,3,2.0,0,-1,3,0,1.0,3.0,1,69,4.2
18,69,1,2,0,8,59,1,0,1,1,2.0,0,1,4,0,1.0,1.0,0,60,2.0
20,89,1,2,1,9,95,2,1,3,1,2.0,0,1,3,0,1.0,2.0,1,69,2.0
22,98,2,1,1,8,69,2,1,4,3,2.0,1,1,2,0,1.0,1.0,0,72,2.4444444444444446
10,81,2,1,1,7,85,1,1,1,1,2.0,0,0,2,0,2.0,1.0,1,63,1.25
12,82,1,2,0,9,79,3,1,0,1,2.0,1,1,2,0,2.0,2.0,0,63,1.2
24,78,3,1,1,7,53,3,1,0,2,2.0,0,0,4,1,1.0,1.0,1,66,3.0
21,73,2,2,0,6,85,2,1,6,2,3.0,0,0,5,0,2.0,1.0,1,70,3.0
19,79,2,3,1,7,90,2,1,1,3,2.0,0,-1,4,0,2.0,3.0,0,68,2.375
20,84,2,2,1,10,99,1,1,2,2,2.0,1,1,3,0,1.0,2.0,1,69,1.8181818181818181
22,99,2,2,1,5,71,3,1,0,2,3.0,0,0,4,0,2.0,1.0,0,72,3.6666666666666665
17,98,1,3,0,5,75,1,1,1,1,1.0,1,1,3,1,2.0,1.0,1,67,2.8333333333333335
15,94,1,2,0,8,94,1,1,1,3,2.0,0,1,4,0,1.0,2.0,1,68,1.6666666666666667
21,96,2,3,0,7,63,2,1,1,2,2.0,1,-1,2,0,3.0,3.0,0,70,2.625
14,79,3,2,1,6,59,2,1,5,2,3.0,0,1,3,0,3.0,3.0,1,68,2.0
22,86,2,2,1,5,57,3,1,2,2,2.0,0,1,3,0,2.0,2.0,1,69,3.6666666666666665
10,96,2,2,0,4,99,2,1,1,2,2.0,1,-1,5,0,2.0,1.0,0,68,2.0
26,76,2,2,0,5,64,1,1,0,2,2.0,0,1,5,0,2.0,3.0,0,66,4.333333333333333
23,98,2,2,0,9,88,3,1,1,1,2.0,0,-1,4,0,3.0,2.0,0,72,2.3
22,77,2,2,1,7,72,2,1,2,2,3.0,0,0,3,0,1.0,1.0,1,67,2.75
26,84,1,3,0,4,62,2,0,3,3,3.0,0,1,2,0,1.0,1.0,1,70,5.2
30,88,3,2,1,9,96,2,1,1,2,3.0,1,0,3,1,1.0,1.0,1,73,3.0
26,98,2,1,1,9,73,3,1,1,3,1.0,0,0,6,0,3.0,2.0,1,73,2.6
9,70,2,2,0,9,78,1,1,1,2,1.0,0,0,2,0,1.0,1.0,0,60,0.9
12,90,2,3,0,6,61,1,1,2,2,3.0,0,0,3,0,2.0,1.0,1,67,1.7142857142857142
16,81,3,2,1,7,66,2,1,3,3,3.0,1,1,4,0,1.0,1.0,1,69,2.0
20,71,2,1,0,7,87,3,1,1,2,2.0,0,-1,5,0,1.0,1.0,1,65,2.5
23,91,1,3,1,9,67,1,1,2,1,2.0,0,0,4,0,1.0,1.0,0,70,2.3
16,82,3,3,1,6,75,1,1,3,2,2.0,0,0,3,0,2.0,2.0,0,68,2.2857142857142856
21,86,2,1,0,6,56,2,1,1,1,3.0,1,-1,2,0,2.0,1.0,0,66,3.0
15,73,1,3,1,8,93,2,1,1,1,3.0,0,1,4,0,2.0,3.0,1,65,1.6666666666666667
16,79,1,2,1,9,87,2,1,1,1,2.0,0,0,2,0,2.0,2.0,0,64,1.6
12,85,3,3,1,7,88,3,1,1,1,2.0,0,0,0,0,2.0,3.0,0,67,1.5
14,76,3,2,1,8,59,1,1,3,2,2.0,1,0,5,0,1.0,2.0,1,65,1.5555555555555556
12,68,3,3,1,7,75,2,1,1,2,1.0,1,1,4,0,1.0,1.0,1,64,1.5
14,98,3,3,0,7,51,2,1,0,2,1.0,0,1,1,1,1.0,1.0,1,67,1.75
26,80,2,1,1,6,66,2,1,2,3,2.0,0,0,4,0,3.0,1.0,1,70,3.7142857142857144
14,89,2,1,1,5,67,1,0,3,1,1.0,1,0,3,0,1.0,3.0,0,63,2.3333333333333335
36,76,2,2,0,6,96,2,1,1,1,2.0,1,0,2,0,2.0,1.0,1,71,5.142857142857143
23,74,3,1,0,6,100,1,1,2,3,1.0,1,1,3,0,1.0,1.0,1,68,3.2857142857142856
21,76,2,2,0,7,81,2,1,0,2,3.0,1,1,2,0,2.0,2.0,0,67,2.625
15,76,3,3,1,9,76,2,1,1,2,3.0,0,0,2,0,3.0,3.0,0,67,1.5
24,82,1,2,1,7,72,2,1,0,2,3.0,0,1,2,0,3.0,2.0,0,68,3.0
17,82,3,2,0,6,51,2,1,1,1,2.0,0,1,3,0,3.0,2.0,1,66,2.4285714285714284
21,80,2,2,1,8,90,2,1,0,2,2.0,0,-1,4,0,2.0,1.0,1,68,2.3333333333333335
35,65,3,2,1,7,84,3,1,0,2,2.0,0,1,2,0,1.0,2.0,1,70,4.375
19,80,1,1,0,8,82,2,1,5,1,1.0,0,1,3,0,2.0,1.0,1,67,2.111111111111111
27,67,1,2,1,6,90,2,1,2,3,3.0,1,0,3,0,1.0,2.0,1,67,3.857142857142857
16,65,1,3,0,9,96,1,1,2,1,2.0,0,-1,2,0,1.0,1.0,1,62,1.6
20,97,2,3,0,9,69,1,1,0,1,1.0,0,-1,3,1,1.0,1.0,1,67,2.0
31,84,2,3,0,7,71,1,1,4,1,2.0,0,-1,4,0,1.0,3.0,1,70,3.875
16,86,3,3,0,8,99,2,1,4,1,3.0,1,0,4,0,2.0,1.0,1,72,1.7777777777777777
31,76,2,2,1,9,83,2,1,2,3,2.0,1,-1,3,0,1.0,2.0,0,70,3.1
24,96,1,3,0,6,93,2,1,2,1,2.0,0,0,2,0,1.0,2.0,0,94,3.4285714285714284
17,86,2,2,0,7,61,2,0,2,3,2.0,0,1,3,0,1.0,2.0,1,66,2.125
24,91,1,1,1,7,66,3,1,2,1,3.0,0,0,3,0,1.0,1.0,1,69,3.0
26,75,3,2,0,5,70,1,1,0,3,1.0,1,0,2,0,3.0,1.0,1,68,4.333333333333333
24,98,3,1,0,8,66,3,1,2,1,2.0,0,1,1,0,1.0,2.0,1,71,2.6666666666666665
11,93,3,2,0,9,94,2,1,4,1,3.0,0,0,4,0,1.0,2.0,1,69,1.1
16,94,2,2,0,7,76,1,1,2,2,2.0,0,0,3,1,1.0,1.0,0,67,2.0
19,67,1,2,1,8,98,2,1,2,1,2.0,1,-1,2,0,3.0,1.0,0,64,2.111111111111111
20,71,2,2,1,9,66,2,1,1,2,1.0,1,-1,5,1,2.0,1.0,0,63,2.0
24,71,2,3,1,6,52,2,1,2,2,2.0,1,0,3,0,2.0,3.0,0,66,3.4285714285714284
21,71,3,2,1,8,57,1,0,2,3,2.0,0,1,1,0,3.0,1.0,0,66,2.3333333333333335
12,94,1,3,1,6,61,2,1,3,3,3.0,0,0,4,0,2.0,1.0,1,69,1.7142857142857142
22,61,1,1,1,6,82,1,1,4,2,2.0,0,1,4,0,1.0,2.0,0,64,3.142857142857143
24,63,3,2,0,8,59,1,1,1,1,2.0,0,0,3,1,1.0,1.0,1,62,2.6666666666666665
23,71,2,2,1,7,69,3,1,3,1,2.0,0,1,5,1,1.0,3.0,0,66,2.875
26,68,2,3,1,8,90,2,1,4,1,3.0,1,0,3,0,1.0,1.0,1,70,2.888888888888889
25,69,3,2,1,7,56,2,1,2,1,2.0,1,0,4,0,1.0,1.0,1,67,3.125
23,92,1,2,0,8,54,2,1,0,3,1.0,0,1,1,0,3.0,1.0,0,68,2.5555555555555554
20,83,3,1,0,9,77,3,1,0,1,2.0,0,1,3,1,1.0,1.0,1,67,2.0
10,60,2,2,0,9,85,2,1,0,2,3.0,0,1,4,0,3.0,1.0,1,62,1.0
23,77,1,2,1,8,96,2,1,1,3,2.0,1,0,1,1,2.0,1.0,1,67,2.5555555555555554
21,76,2,3,1,8,83,2,1,0,1,2.0,0,1,5,0,1.0,1.0,1,68,2.3333333333333335
22,65,1,2,0,7,97,1,1,2,2,3.0,1,0,4,0,1.0,2.0,0,64,2.75
12,87,2,1,1,7,62,2,0,2,2,2.0,0,0,4,0,1.0,1.0,0,64,1.5
14,88,2,2,0,8,67,2,1,2,3,1.0,0,0,3,0,3.0,3.0,1,66,1.5555555555555556
26,89,2,1,1,7,92,2,1,2,1,3.0,0,1,2,0,3.0,2.0,1,72,3.25
20,89,2,3,1,8,91,2,1,2,2,2.0,0,1,3,0,1.0,1.0,0,72,2.2222222222222223
24,60,2,3,1,9,83,3,1,2,2,1.0,0,1,3,1,1.0,1.0,1,66,2.4
20,98,1,2,0,7,75,3,1,4,2,2.0,1,1,1,0,2.0,1.0,1,72,2.5
20,93,3,2,1,4,51,1,1,1,2,2.0,0,1,3,0,1.0,1.0,1,69,4.0
26,96,3,3,1,10,64,1,1,2,2,2.0,1,0,3,1,1.0,1.0,0,72,2.3636363636363638
17,61,1,1,1,6,58,2,1,1,2,3.0,0,0,4,0,1.0,1.0,1,60,2.4285714285714284
21,97,2,2,1,7,53,2,1,0,3,2.0,0,0,2,0,1.0,2.0,1,69,2.625
17,92,2,3,0,8,89,2,1,0,1,1.0,0,1,3,1,1.0,1.0,1,68,1.8888888888888888
17,93,1,2,1,9,57,3,1,3,1,3.0,1,0,2,0,2.0,1.0,1,69,1.7
18,64,2,1,1,10,68,1,1,1,1,2.0,0,1,5,0,1.0,1.0,1,62,1.6363636363636365
21,90,2,2,1,6,99,1,1,2,1,3.0,0,1,2,0,1.0,2.0,1,71,3.0
17,98,2,3,1,9,70,1,1,1,3,2.0,1,-1,2,0,1.0,1.0,1,70,1.7
28,87,1,1,1,7,57,2,1,2,2,3.0,1,-1,4,0,1.0,2.0,1,68,3.5
15,83,3,2,1,10,84,2,1,1,3,3.0,0,-1,2,0,2.0,1.0,1,68,1.3636363636363635
19,98,2,3,0,9,90,1,0,1,3,2.0,1,1,2,0,2.0,3.0,0,70,1.9
17,78,2,3,0,7,64,2,1,0,1,2.0,1,0,3,0,1.0,1.0,0,65,2.125
29,84,3,2,1,6,90,2,1,0,2,3.0,0,1,3,0,3.0,3.0,1,73,4.142857142857143
21,79,3,2,0,4,64,1,1,0,1,3.0,0,-1,4,0,2.0,2.0,1,66,4.2
26,97,2,2,0,8,85,1,0,2,3,1.0,0,0,3,0,1.0,1.0,1,71,2.888888888888889
11,63,3,2,1,9,56,3,1,2,2,2.0,0,0,3,0,1.0,1.0,0,62,1.1
22,80,2,2,1,8,71,3,1,2,1,2.0,1,1,3,0,1.0,1.0,0,68,2.4444444444444446
25,87,2,3,0,4,76,1,1,1,1,3.0,0,1,4,0,2.0,3.0,1,70,5.0
20,92,2,1,0,5,86,1,1,0,2,2.0,0,0,2,0,3.0,2.0,0,68,3.3333333333333335
26,83,3,1,1,8,83,2,1,2,1,3.0,0,0,2,0,2.0,1.0,0,71,2.888888888888889
17,96,2,2,1,10,93,2,1,2,2,1.0,0,-1,4,0,1.0,1.0,0,70,1.5454545454545454
28,98,2,2,1,7,59,2,1,1,1,2.0,0,1,3,0,1.0,1.0,1,72,3.5
34,63,2,3,1,9,83,2,1,2,2,3.0,0,-1,2,0,2.0,2.0,1,69,3.4
18,76,2,3,0,5,56,2,1,1,1,1.0,0,-1,2,0,2.0,2.0,1,63,3.0
17,61,2,2,0,7,74,3,1,0,2,2.0,0,0,2,0,3.0,1.0,0,62,2.125
29,73,2,2,0,7,76,2,1,2,1,3.0,1,0,3,0,1.0,1.0,0,68,3.625
29,81,1,2,1,9,51,1,1,2,2,2.0,0,1,5,0,3.0,1.0,1,70,2.9
17,96,2,2,1,6,54,2,1,1,2,2.0,1,1,4,0,1.0,1.0,1,69,2.4285714285714284
17,94,2,2,0,10,92,1,1,2,1,2.0,1,-1,2,0,1.0,1.0,1,68,1.5454545454545454
18,65,3,2,1,7,64,2,1,2,3,2.0,0,1,1,0,1.0,1.0,1,65,2.25
12,64,2,1,0,5,67,2,1,3,1,2.0,1,1,2,1,1.0,1.0,1,59,2.0
14,84,2,2,0,5,82,2,1,3,1,2.0,0,1,3,0,2.0,3.0,1,66,2.3333333333333335
14,81,3,2,0,6,61,1,1,0,1,2.0,0,1,4,0,1.0,2.0,1,64,2.0
15,71,1,2,0,8,60,3,0,5,1,3.0,0,1,4,0,1.0,3.0,0,63,1.6666666666666667
20,96,2,2,0,6,71,2,1,5,1,3.0,0,0,3,0,2.0,1.0,1,72,2.857142857142857
21,97,2,3,1,6,53,1,1,0,1,2.0,0,-1,3,1,1.0,2.0,1,67,3.0
29,76,2,2,0,8,96,1,1,2,1,2.0,0,1,2,0,3.0,2.0,1,94,3.2222222222222223
14,96,2,3,1,4,97,1,1,2,2,2.0,0,-1,3,0,1.0,1.0,0,70,2.8
26,75,1,2,0,6,72,2,1,0,1,3.0,0,0,3,0,1.0,1.0,1,66,3.7142857142857144
19,89,1,2,1,5,60,1,1,4,2,2.0,0,1,2,0,3.0,2.0,0,69,3.1666666666666665
20,79,2,1,1,6,74,1,1,2,1,2.0,0,1,2,0,1.0,3.0,1,64,2.857142857142857
24,65,2,2,0,7,55,1,1,1,1,3.0,1,1,3,1,1.0,1.0,0,63,3.0
13,97,3,3,0,7,70,2,1,1,1,3.0,0,0,4,0,3.0,1.0,0,71,1.625
22,78,3,2,0,7,54,2,1,1,2,2.0,0,-1,3,1,1.0,2.0,1,65,2.75
21,89,1,2,1,9,85,1,1,1,2,2.0,0,-1,5,0,2.0,3.0,0,68,2.1
23,75,2,2,0,7,64,3,1,1,1,2.0,0,-1,3,1,1.0,2.0,1,64,2.875
22,61,1,1,1,10,76,3,1,1,3,3.0,0,1,2,0,2.0,1.0,1,64,2.0
35,64,2,2,1,8,51,2,1,2,2,2.0,0,-1,5,1,1.0,1.0,1,66,3.888888888888889
16,80,3,2,0,6,76,2,1,1,2,3.0,0,1,4,0,2.0,1.0,1,68,2.2857142857142856
17,88,2,2,0,10,50,2,1,3,1,3.0,0,0,5,0,2.0,2.0,0,67,1.5454545454545454
16,73,1,3,1,7,96,2,1,1,2,2.0,1,1,3,0,1.0,2.0,0,66,2.0
17,88,2,2,1,10,75,2,1,2,2,2.0,0,0,3,0,1.0,1.0,1,68,1.5454545454545454
16,88,1,2,0,7,55,2,1,3,1,1.0,0,0,3,0,3.0,1.0,1,66,2.0
27,88,2,2,0,7,67,2,1,3,3,2.0,0,0,4,0,2.0,3.0,1,71,3.375
29,80,2,3,1,8,52,2,1,4,1,2.0,0,1,4,0,1.0,2.0,0,71,3.2222222222222223
17,97,2,3,0,7,77,2,1,0,1,2.0,1,-1,4,0,2.0,3.0,1,68,2.125
15,80,3,1,0,9,56,3,1,3,2,2.0,0,0,3,1,1.0,1.0,0,64,1.5
23,78,2,2,1,10,74,1,1,3,2,2.0,0,-1,4,0,1.0,2.0,1,67,2.090909090909091
17,68,3,2,1,4,65,3,1,0,2,2.0,1,1,2,0,1.0,2.0,1,64,3.4
24,72,3,1,1,8,88,3,1,3,1,2.0,0,1,2,0,1.0,1.0,0,68,2.6666666666666665
21,62,2,1,0,6,74,3,1,0,1,3.0,1,1,3,1,3.0,3.0,1,62,3.0
11,85,2,1,1,4,92,1,1,0,2,3.0,0,0,1,0,2.0,1.0,1,64,2.2
29,70,1,3,0,8,97,1,1,3,1,3.0,0,1,3,0,3.0,2.0,1,70,3.2222222222222223
31,72,2,2,0,8,98,3,1,0,1,2.0,0,0,4,0,2.0,3.0,1,68,3.4444444444444446
16,91,2,2,0,8,63,3,1,2,2,3.0,0,0,3,0,2.0,1.0,0,69,1.7777777777777777
18,73,1,2,1,8,88,1,1,3,1,2.0,0,1,4,0,2.0,2.0,1,65,2.0
22,70,2,3,1,8,72,2,1,2,3,2.0,0,0,3,0,1.0,1.0,1,67,2.4444444444444446
22,67,3,2,0,6,71,1,1,2,2,2.0,0,1,2,0,2.0,2.0,1,65,3.142857142857143
24,91,3,2,0,7,93,1,1,0,2,2.0,0,1,2,0,1.0,2.0,1,71,3.0
32,65,2,1,1,8,57,1,1,2,1,2.0,0,1,3,0,1.0,2.0,0,65,3.5555555555555554
19,78,2,2,1,9,74,1,1,2,1,2.0,0,1,5,0,1.0,2.0,0,66,1.9
15,80,3,2,0,7,80,2,1,0,1,1.0,0,0,5,0,1.0,1.0,0,65,1.875
12,87,2,2,1,7,53,1,1,2,2,2.0,1,0,1,0,2.0,1.0,1,65,1.5
16,85,1,2,0,7,93,3,1,1,2,3.0,0,1,3,0,1.0,1.0,1,68,2.0
20,92,2,2,1,5,66,2,1,2,2,2.0,0,-1,2,1,2.0,2.0,1,68,3.3333333333333335
31,62,3,2,0,8,83,2,1,0,2,3.0,1,0,2,1,2.0,1.0,0,67,3.4444444444444446
17,72,1,2,1,5,96,3,1,3,3,2.0,0,-1,3,0,1.0,2.0,1,65,2.8333333333333335
21,71,2,1,0,8,86,2,1,2,2,3.0,0,0,2,0,2.0,1.0,1,66,2.3333333333333335
20,66,2,2,1,7,94,1,1,0,2,1.0,0,0,4,0,1.0,2.0,0,63,2.5
27,72,3,3,1,5,53,2,1,1,3,2.0,1,0,5,0,3.0,1.0,1,70,4.5
35,72,3,3,1,5,75,2,1,1,1,2.0,0,1,5,0,2.0,2.0,1,72,5.833333333333333
17,81,2,3,0,6,78,2,1,2,1,2.0,1,1,2,0,1.0,2.0,1,67,2.4285714285714284
17,87,3,1,1,6,84,2,1,0,2,2.0,0,1,3,0,2.0,3.0,1,67,2.4285714285714284
26,75,1,2,1,9,56,2,1,1,1,2.0,0,1,5,0,1.0,2.0,1,66,2.6
24,89,1,2,0,7,83,2,0,1,1,1.0,0,0,3,0,1.0,2.0,1,66,3.0
31,73,3,2,1,8,57,2,1,2,1,3.0,0,0,4,0,1.0,3.0,1,69,3.4444444444444446
24,72,2,1,1,9,53,2,1,0,1,3.0,1,0,4,1,1.0,2.0,1,62,2.4
18,82,1,2,0,9,73,1,1,2,1,2.0,0,1,4,0,2.0,1.0,0,66,1.8
24,61,2,2,0,7,80,3,1,0,1,2.0,0,1,3,0,3.0,2.0,1,64,3.0
27,63,3,2,1,6,98,2,1,1,1,3.0,0,1,2,0,1.0,2.0,0,67,3.857142857142857
25,77,3,3,0,8,85,2,1,2,2,2.0,0,1,1,0,2.0,1.0,1,71,2.7777777777777777
23,98,3,2,1,6,80,2,1,1,2,2.0,0,1,2,0,1.0,2.0,1,73,3.2857142857142856
26,89,2,1,1,10,61,1,1,0,2,3.0,0,0,3,0,1.0,2.0,0,68,2.3636363636363638
27,64,3,1,1,8,58,2,1,2,3,3.0,0,0,1,0,3.0,3.0,1,66,3.0
28,94,2,3,1,7,80,2,1,3,1,3.0,0,1,4,0,3.0,3.0,1,75,3.5
24,89,2,3,1,8,61,2,1,1,1,3.0,0,1,3,0,3.0,1.0,0,72,2.6666666666666665
19,84,3,1,1,7,85,2,1,1,3,2.0,1,0,3,0,1.0,1.0,1,68,2.375
21,93,2,2,1,6,56,2,0,1,1,2.0,0,1,3,0,1.0,1.0,1,68,3.0
27,76,1,3,1,8,67,2,1,1,2,2.0,0,1,4,0,1.0,1.0,1,69,3.0
15,69,2,2,1,7,89,2,1,1,1,3.0,0,-1,2,0,2.0,2.0,0,63,1.875
22,80,2,3,1,10,92,2,1,0,2,3.0,0,1,2,0,1.0,1.0,0,70,2.0
18,82,1,2,1,6,67,1,1,1,3,1.0,1,1,3,0,3.0,2.0,1,66,2.5714285714285716
20,82,1,1,1,8,60,2,1,3,2,3.0,0,1,4,0,1.0,2.0,1,66,2.2222222222222223
28,83,2,3,0,6,98,2,1,1,1,3.0,1,0,2,0,3.0,2.0,1,72,4.0
21,98,1,2,0,6,88,2,1,1,2,1.0,0,0,3,0,3.0,1.0,1,71,3.0
20,96,3,2,0,4,90,2,1,3,1,2.0,1,0,2,0,2.0,1.0,1,72,4.0
12,95,2,2,0,8,61,3,1,4,3,3.0,1,0,1,0,2.0,1.0,1,69,1.3333333333333333
24,92,1,3,1,6,71,1,1,2,1,3.0,0,1,2,0,1.0,1.0,1,71,3.4285714285714284
24,98,2,1,0,9,53,2,1,3,3,1.0,1,-1,2,0,3.0,3.0,1,69,2.4
33,64,3,2,0,8,55,2,1,1,2,3.0,0,0,3,0,2.0,2.0,0,68,3.6666666666666665
18,71,1,1,1,7,61,1,1,2,1,2.0,0,-1,4,0,2.0,1.0,1,61,2.25
21,80,2,3,0,5,65,3,1,2,2,1.0,1,0,1,0,3.0,2.0,1,68,3.5
21,94,3,2,1,8,100,1,1,0,1,2.0,0,0,3,0,3.0,1.0,1,72,2.3333333333333335
29,80,2,2,1,6,71,2,1,0,2,2.0,0,1,3,0,2.0,2.0,0,70,4.142857142857143
19,90,3,2,1,5,85,3,1,0,2,3.0,1,1,5,0,3.0,1.0,0,73,3.1666666666666665
22,66,2,3,0,8,95,1,1,3,2,2.0,1,1,3,0,1.0,2.0,0,67,2.4444444444444446
24,70,2,3,0,5,62,2,1,2,1,2.0,1,-1,4,1,2.0,1.0,1,65,4.0
21,89,2,2,0,4,57,2,1,1,3,2.0,1,1,2,0,1.0,1.0,0,68,4.2
17,67,1,3,1,9,62,3,1,3,2,2.0,0,1,3,0,1.0,1.0,1,65,1.7
21,74,3,2,0,6,94,2,1,1,1,3.0,0,1,1,0,1.0,1.0,1,97,3.0
26,71,3,1,1,4,83,1,1,1,2,2.0,0,-1,3,0,2.0,2.0,1,66,5.2
14,74,3,3,1,6,73,3,1,2,2,2.0,1,0,3,0,1.0,1.0,0,67,2.0
21,88,3,2,0,6,91,2,1,2,3,2.0,0,0,1,0,1.0,2.0,0,70,3.0
16,75,3,2,1,9,62,2,1,3,1,2.0,0,1,4,0,1.0,2.0,0,66,1.6
27,82,2,3,1,5,62,1,1,1,1,3.0,1,0,4,0,1.0,2.0,0,69,4.5
11,64,3,2,1,5,78,1,1,2,1,3.0,1,0,4,0,2.0,2.0,1,62,1.8333333333333333
17,92,2,1,1,8,90,3,1,1,3,1.0,0,-1,3,0,1.0,1.0,1,68,1.8888888888888888
22,75,2,3,1,6,63,1,1,1,1,2.0,0,1,2,0,2.0,1.0,1,67,3.142857142857143
29,86,2,2,1,7,61,2,1,0,2,2.0,0,-1,4,0,1.0,3.0,0,68,3.625
20,89,3,2,1,6,74,2,1,1,1,3.0,1,0,2,0,1.0,2.0,1,69,2.857142857142857
17,68,2,2,1,10,57,2,1,1,3,2.0,1,1,1,1,1.0,2.0,0,62,1.5454545454545454
31,95,3,2,1,5,87,2,1,2,1,2.0,0,0,3,0,3.0,2.0,1,75,5.166666666666667
11,85,2,2,0,7,79,1,1,2,3,1.0,0,1,3,0,1.0,1.0,1,65,1.375
7,77,3,2,0,9,76,2,1,2,2,3.0,0,-1,3,0,2.0,2.0,1,63,0.7
23,67,3,2,0,6,94,1,1,1,2,2.0,0,1,2,0,2.0,3.0,1,66,3.2857142857142856
17,98,1,3,0,6,87,3,0,3,2,2.0,1,1,5,0,2.0,1.0,0,71,2.4285714285714284
14,90,3,2,1,8,57,2,1,0,2,2.0,0,1,3,1,2.0,2.0,1,66,1.5555555555555556
24,68,2,2,0,9,71,2,1,2,2,2.0,0,0,4,0,2.0,1.0,1,66,2.4
21,74,2,3,0,6,66,1,1,1,2,3.0,1,-1,4,0,1.0,1.0,1,66,3.0
17,92,3,3,1,9,90,2,1,1,3,1.0,0,1,3,0,1.0,2.0,1,71,1.7
12,88,2,2,1,7,86,3,1,3,2,3.0,0,1,3,1,1.0,2.0,1,68,1.5
25,91,2,2,0,8,74,3,1,1,2,3.0,1,1,3,0,2.0,2.0,1,71,2.7777777777777777
24,78,2,2,1,9,91,1,1,0,3,3.0,0,-1,3,0,3.0,3.0,0,68,2.4
19,89,1,2,0,8,71,2,1,2,1,3.0,0,1,4,0,1.0,1.0,1,68,2.111111111111111
31,75,2,2,0,7,90,1,1,2,2,3.0,0,0,2,1,1.0,2.0,1,68,3.875
14,68,2,2,1,6,52,2,1,2,1,2.0,0,1,2,0,2.0,1.0,1,62,2.0
11,85,3,1,1,10,57,3,1,0,2,3.0,0,0,5,0,1.0,1.0,1,65,1.0
16,99,1,3,0,6,88,3,1,2,1,1.0,0,0,3,0,3.0,1.0,1,71,2.2857142857142856
20,72,2,3,1,7,56,1,1,0,1,2.0,0,-1,6,1,2.0,2.0,1,63,2.5
21,78,3,2,0,8,84,1,1,1,3,1.0,0,1,4,0,1.0,1.0,1,68,2.3333333333333335
19,87,3,1,1,8,86,1,1,1,2,3.0,0,1,4,0,1.0,2.0,0,69,2.111111111111111
22,82,3,3,0,10,83,2,1,1,1,3.0,1,0,2,1,2.0,2.0,1,69,2.0
12,94,2,3,1,7,91,1,1,3,2,2.0,1,1,3,0,3.0,1.0,0,71,1.5
29,90,2,3,0,7,76,2,1,0,1,2.0,0,0,1,0,3.0,2.0,0,71,3.625
20,62,2,2,1,9,95,1,1,0,2,2.0,1,0,3,1,1.0,1.0,1,62,2.0
27,100,1,1,1,7,78,1,1,2,2,2.0,0,-1,2,0,1.0,1.0,1,70,3.375
22,90,3,3,0,8,75,3,1,1,1,1.0,1,0,3,0,2.0,2.0,1,70,2.4444444444444446
23,95,2,2,1,7,75,2,1,2,3,2.0,0,1,2,0,2.0,1.0,1,73,2.875
23,86,2,3,1,8,96,1,1,3,2,2.0,1,1,2,0,1.0,2.0,0,71,2.5555555555555554
23,94,2,1,1,8,62,2,1,2,1,2.0,0,1,0,0,3.0,2.0,0,69,2.5555555555555554
24,64,2,3,1,6,85,3,1,0,3,1.0,1,0,3,1,3.0,1.0,1,66,3.4285714285714284
28,74,2,1,1,4,62,2,1,1,1,2.0,1,0,3,0,1.0,2.0,1,65,5.6
21,95,3,2,0,4,55,2,1,2,2,3.0,1,0,1,0,2.0,1.0,1,71,4.2
24,68,2,2,1,4,98,3,1,2,2,3.0,0,-1,2,0,1.0,1.0,1,68,4.8
19,63,2,3,1,7,56,2,1,2,1,2.0,1,1,3,0,1.0,1.0,0,64,2.375
29,92,1,1,1,4,84,2,1,2,1,2.0,0,-1,3,0,3.0,1.0,1,71,5.8
16,93,1,2,0,7,71,2,1,0,2,3.0,0,1,2,0,1.0,1.0,1,67,2.0
31,67,2,1,0,7,92,3,1,2,2,2.0,0,-1,3,0,1.0,3.0,0,66,3.875
20,94,1,3,1,8,89,2,1,1,1,2.0,0,1,4,0,1.0,1.0,1,71,2.2222222222222223
11,87,1,2,0,8,57,3,1,0,1,2.0,0,-1,2,0,1.0,2.0,1,62,1.2222222222222223
21,81,3,2,0,8,73,2,1,3,1,2.0,0,1,2,1,1.0,1.0,1,67,2.3333333333333335
16,93,2,1,1,8,51,2,1,3,1,2.0,0,0,2,0,2.0,1.0,1,67,1.7777777777777777
25,77,1,2,1,7,71,2,1,0,2,2.0,0,-1,3,0,1.0,1.0,0,66,3.125
16,68,1,2,1,7,85,3,1,1,1,3.0,1,1,3,0,3.0,2.0,0,64,2.0
17,71,1,2,1,6,62,2,1,2,1,2.0,0,0,3,1,2.0,1.0,1,62,2.4285714285714284
9,80,2,3,0,7,91,1,1,1,2,2.0,0,0,3,0,2.0,1.0,0,65,1.125
17,81,2,1,1,5,53,1,1,0,2,2.0,0,0,1,0,2.0,1.0,1,63,2.8333333333333335
5,92,2,2,1,9,52,2,1,2,3,2.0,1,0,4,1,2.0,2.0,0,64,0.5
10,92,1,3,1,6,51,1,1,1,2,2.0,1,0,3,0,1.0,1.0,0,65,1.4285714285714286
25,83,2,3,0,7,64,2,1,0,1,2.0,0,0,2,0,2.0,2.0,1,68,3.125
25,91,2,3,1,7,73,2,1,2,1,2.0,0,1,3,0,1.0,1.0,0,72,3.125
23,68,2,2,1,9,55,2,1,0,1,2.0,0,1,3,0,2.0,2.0,1,64,2.3
14,62,3,2,0,4,100,1,1,1,1,2.0,0,0,3,0,1.0,1.0,1,62,2.8
20,95,2,1,1,7,100,1,0,3,1,2.0,1,0,2,0,1.0,1.0,0,69,2.5
20,63,1,1,1,8,76,2,1,3,2,2.0,0,0,4,0,3.0,1.0,0,64,2.2222222222222223
13,70,3,2,0,10,78,2,1,1,1,2.0,0,-1,2,0,1.0,3.0,0,61,1.1818181818181819
29,88,2,3,0,7,96,1,1,2,1,1.0,0,1,2,0,1.0,1.0,0,72,3.625
25,76,2,1,1,6,88,1,1,1,2,2.0,1,-1,3,0,2.0,3.0,1,66,3.5714285714285716
19,95,3,1,0,10,58,1,1,2,3,2.0,0,1,3,0,1.0,1.0,1,69,1.7272727272727273
20,72,2,2,0,8,90,3,0,2,1,1.0,1,0,2,0,2.0,1.0,0,65,2.2222222222222223
21,60,3,2,1,9,62,2,1,2,1,2.0,0,1,3,0,1.0,1.0,1,64,2.1
8,72,1,2,1,5,72,2,1,3,3,1.0,1,1,4,0,1.0,1.0,0,62,1.3333333333333333
19,83,2,2,0,8,77,3,1,1,1,2.0,0,1,4,0,1.0,3.0,1,66,2.111111111111111
16,75,1,1,1,5,86,2,1,0,1,2.0,0,1,1,0,2.0,2.0,0,62,2.6666666666666665
14,81,2,2,1,5,58,3,1,3,1,3.0,0,-1,4,0,3.0,2.0,1,66,2.3333333333333335
18,95,2,3,0,8,54,2,1,2,3,2.0,0,0,3,0,2.0,2.0,0,70,2.0
31,96,2,2,1,8,93,1,1,3,1,2.0,0,1,3,0,1.0,1.0,1,75,3.4444444444444446
24,71,1,3,1,6,91,2,1,3,3,2.0,0,0,2,0,1.0,3.0,0,67,3.4285714285714284
17,78,1,2,1,9,76,1,1,4,2,2.0,0,1,2,0,2.0,1.0,1,66,1.7
23,82,2,3,0,6,83,2,1,2,2,2.0,1,1,3,0,3.0,2.0,1,71,3.2857142857142856
28,98,3,2,1,7,86,2,1,2,2,3.0,1,0,2,0,1.0,1.0,0,75,3.5
26,100,3,3,0,7,74,1,1,1,2,2.0,0,0,2,0,1.0,3.0,0,72,3.25
20,69,3,2,0,7,63,1,1,2,1,2.0,1,-1,2,0,1.0,2.0,0,64,2.5
16,89,2,2,1,9,74,2,0,1,1,2.0,0,0,3,0,1.0,3.0,1,65,1.6
24,75,1,2,0,5,98,3,1,1,1,2.0,0,1,3,0,1.0,1.0,1,67,4.0
22,60,2,2,0,6,92,1,1,2,1,3.0,0,-1,2,0,1.0,1.0,1,63,3.142857142857143
25,60,2,1,1,5,73,1,1,1,2,2.0,0,-1,2,0,1.0,1.0,1,62,4.166666666666667
24,78,1,3,1,10,61,3,1,2,2,2.0,0,1,4,0,2.0,2.0,0,69,2.1818181818181817
26,80,2,2,1,7,94,2,1,1,1,2.0,1,1,2,0,3.0,2.0,1,70,3.25
17,61,1,2,1,6,82,3,1,0,2,3.0,0,0,4,0,3.0,1.0,1,63,2.4285714285714284
28,87,2,2,1,7,70,2,1,2,1,2.0,0,0,2,0,3.0,1.0,1,71,3.5
21,72,2,1,1,8,56,2,1,0,1,2.0,0,0,4,0,1.0,1.0,1,63,2.3333333333333335
32,82,1,2,1,8,88,1,1,0,3,2.0,0,1,2,0,2.0,2.0,1,71,3.5555555555555554
16,72,2,2,1,6,66,1,1,0,1,2.0,1,1,4,0,2.0,1.0,1,63,2.2857142857142856
30,67,2,3,1,6,80,3,1,0,1,2.0,0,0,4,0,1.0,2.0,1,68,4.285714285714286
21,76,2,1,1,5,78,3,0,0,1,3.0,0,0,3,0,1.0,1.0,1,65,3.5
16,69,3,3,1,7,85,2,1,0,3,3.0,1,-1,3,0,1.0,1.0,0,66,2.0
17,81,1,2,1,9,77,2,1,3,1,2.0,0,0,4,0,2.0,3.0,1,66,1.7
18,68,3,3,0,6,82,1,1,0,2,3.0,0,1,3,0,1.0,1.0,1,66,2.5714285714285716
23,80,1,1,1,8,54,2,1,0,2,3.0,1,1,2,0,1.0,1.0,0,65,2.5555555555555554
23,66,2,3,0,6,83,2,1,0,3,2.0,0,1,2,0,1.0,1.0,0,66,3.2857142857142856
17,87,2,2,1,5,60,2,1,4,2,2.0,1,1,3,1,1.0,1.0,0,67,2.8333333333333335
20,90,3,2,0,8,70,2,1,0,2,2.0,1,0,3,0,1.0,2.0,0,68,2.2222222222222223
33,64,2,1,1,10,76,1,1,2,3,3.0,1,0,3,0,1.0,1.0,1,68,3.0
30,79,1,2,0,8,84,2,1,3,1,2.0,1,-1,3,0,2.0,2.0,0,69,3.3333333333333335
23,63,2,1,1,6,87,1,1,1,2,2.0,0,0,2,0,3.0,1.0,1,64,3.2857142857142856
20,84,2,2,0,6,85,2,1,0,2,2.0,1,1,3,0,1.0,2.0,1,67,2.857142857142857
21,71,2,2,1,10,55,1,1,1,2,2.0,0,-1,4,0,1.0,2.0,0,63,1.9090909090909092
24,81,1,3,1,7,69,2,1,3,1,2.0,0,-1,3,0,2.0,1.0,1,67,3.0
14,81,2,3,1,6,64,1,0,2,3,3.0,0,0,2,0,1.0,3.0,0,64,2.0
18,97,1,2,0,7,70,1,1,0,3,2.0,0,0,2,1,1.0,1.0,0,66,2.25
10,82,3,2,0,7,82,1,1,2,1,3.0,1,0,4,0,1.0,1.0,1,65,1.25
22,83,2,2,1,8,60,1,0,4,2,2.0,0,0,2,0,3.0,2.0,0,68,2.4444444444444446
24,76,1,3,0,9,75,1,1,0,1,2.0,1,1,5,0,1.0,1.0,1,66,2.4
17,98,3,3,0,9,94,1,1,0,3,1.0,0,-1,3,0,2.0,1.0,1,71,1.7
29,91,2,3,1,7,87,2,0,2,2,3.0,1,-1,4,0,2.0,1.0,0,74,3.625
13,71,2,3,0,7,86,1,1,2,1,2.0,0,1,3,0,3.0,1.0,1,65,1.625
11,94,1,3,1,8,92,3,1,0,2,2.0,0,0,4,0,1.0,1.0,0,68,1.2222222222222223
21,77,2,3,1,6,70,1,0,2,3,2.0,1,1,2,0,2.0,1.0,1,68,3.0
26,93,2,2,0,8,88,2,1,1,2,3.0,0,0,4,1,2.0,1.0,1,72,2.888888888888889
30,93,3,3,1,7,53,2,1,3,1,2.0,1,-1,2,0,3.0,2.0,0,74,3.75
17,68,1,3,0,8,53,2,1,0,1,2.0,0,0,2,0,2.0,1.0,1,61,1.8888888888888888
26,88,1,1,0,10,67,1,1,0,1,1.0,1,1,3,0,1.0,3.0,1,65,2.3636363636363638
20,72,3,1,0,8,60,1,1,0,1,2.0,0,0,5,0,1.0,1.0,1,63,2.2222222222222223
19,72,3,2,1,7,76,2,1,1,2,3.0,0,1,2,0,1.0,2.0,0,66,2.375
25,72,1,3,1,6,59,2,1,2,1,2.0,0,-1,3,0,1.0,1.0,1,66,3.5714285714285716
24,89,3,2,1,7,99,2,1,2,1,3.0,1,0,4,0,1.0,1.0,0,73,3.0
11,69,2,2,0,5,93,2,1,0,2,3.0,0,-1,4,0,2.0,1.0,1,63,1.8333333333333333
29,60,3,3,1,8,99,2,1,0,2,2.0,0,1,4,1,1.0,1.0,0,68,3.2222222222222223
28,89,3,1,1,4,90,3,1,3,1,3.0,0,1,2,1,3.0,2.0,0,73,5.6
16,67,1,3,1,8,98,2,1,0,3,1.0,1,-1,3,0,1.0,2.0,1,63,1.7777777777777777
22,64,2,3,1,8,68,2,1,2,2,2.0,0,-1,4,0,1.0,1.0,1,65,2.4444444444444446
23,70,1,3,1,7,75,3,1,0,1,2.0,0,1,4,0,1.0,1.0,0,66,2.875
22,75,1,1,1,6,62,2,1,0,3,3.0,0,-1,3,0,3.0,1.0,0,65,3.142857142857143
17,79,1,3,1,7,82,2,1,0,2,3.0,0,-1,2,0,2.0,1.0,1,66,2.125
16,62,3,2,0,4,89,3,1,3,1,2.0,0,0,3,0,2.0,1.0,0,65,3.2
20,99,2,2,0,8,75,2,1,2,1,3.0,1,-1,2,0,3.0,3.0,0,70,2.2222222222222223
27,89,2,2,0,7,65,2,1,1,2,2.0,0,0,3,0,1.0,1.0,0,70,3.375
23,73,3,2,1,9,75,2,1,0,3,3.0,1,1,3,0,1.0,2.0,0,68,2.3
18,73,2,3,0,8,53,2,0,1,1,3.0,0,0,3,0,3.0,2.0,1,64,2.0
25,78,2,2,0,7,86,2,1,1,2,2.0,0,-1,3,0,3.0,2.0,0,68,3.125
3,85,1,3,0,8,73,1,1,2,1,2.0,1,0,3,0,1.0,1.0,1,62,0.3333333333333333
27,66,2,2,1,6,95,2,1,1,2,2.0,0,1,3,0,2.0,2.0,1,68,3.857142857142857
10,68,1,2,0,6,96,1,1,1,3,2.0,0,0,3,0,2.0,2.0,1,61,1.4285714285714286
18,94,3,2,1,7,56,1,0,1,1,2.0,0,1,3,0,3.0,1.0,1,69,2.25
13,70,2,2,1,7,100,2,1,3,1,2.0,0,0,3,0,1.0,1.0,1,65,1.625
12,75,2,3,1,6,98,2,1,2,1,2.0,0,0,2,0,2.0,3.0,1,65,1.7142857142857142
27,95,2,3,0,7,81,1,1,3,1,2.0,0,0,2,0,1.0,2.0,1,72,3.375
17,87,2,2,1,7,91,3,1,3,1,3.0,0,1,3,1,2.0,1.0,0,70,2.125
22,74,2,3,1,10,51,2,0,1,2,2.0,1,-1,4,0,1.0,1.0,1,65,2.0
20,87,2,2,0,7,99,2,1,3,1,2.0,0,-1,3,0,1.0,1.0,1,69,2.5
23,61,3,1,1,6,73,2,1,1,2,2.0,0,1,3,0,2.0,1.0,1,65,3.2857142857142856
20,89,1,2,1,7,95,1,1,3,1,2.0,1,0,2,0,1.0,1.0,1,69,2.5
12,79,1,2,1,9,69,2,1,2,1,3.0,0,0,3,0,3.0,1.0,1,65,1.2
26,93,2,3,1,9,89,2,1,0,1,2.0,0,0,3,0,2.0,2.0,1,72,2.6
17,98,3,1,1,10,71,2,1,0,1,3.0,1,1,3,0,3.0,2.0,0,70,1.5454545454545454
11,97,2,2,1,7,68,1,1,0,1,2.0,1,-1,2,0,1.0,2.0,0,64,1.375
17,96,2,1,0,8,97,1,1,0,2,2.0,0,-1,3,0,1.0,1.0,0,67,1.8888888888888888
29,80,2,1,0,5,85,3,1,0,3,3.0,0,0,2,0,1.0,2.0,1,69,4.833333333333333
25,74,1,2,1,6,92,1,1,4,2,2.0,1,1,3,0,3.0,1.0,1,70,3.5714285714285716
18,79,2,2,1,5,77,1,1,1,1,3.0,0,0,3,0,1.0,1.0,1,65,3.0
18,88,3,3,1,8,96,1,1,1,1,2.0,0,1,3,0,1.0,3.0,0,69,2.0
18,95,3,2,1,7,87,3,1,5,2,2.0,0,0,2,0,2.0,1.0,1,74,2.25
32,68,1,2,1,7,54,2,1,1,1,2.0,1,0,1,0,3.0,1.0,1,66,4.0
22,97,2,2,1,6,88,3,1,1,1,1.0,1,1,4,0,2.0,1.0,1,72,3.142857142857143
23,93,2,1,1,8,51,3,0,0,1,3.0,1,1,1,0,1.0,1.0,1,67,2.5555555555555554
26,99,1,3,1,4,91,3,1,2,3,1.0,0,0,4,0,3.0,2.0,0,75,5.2
21,95,2,1,1,7,67,2,1,3,2,2.0,0,1,2,0,2.0,3.0,0,70,2.625
18,71,1,1,0,7,80,2,1,1,2,1.0,0,0,4,0,3.0,2.0,0,63,2.25
19,64,2,2,0,4,87,3,1,2,2,2.0,1,1,4,0,1.0,2.0,1,65,3.8
20,64,2,3,0,8,82,2,1,3,2,1.0,0,-1,3,0,1.0,2.0,0,64,2.2222222222222223
20,72,2,3,0,7,84,1,1,2,2,3.0,0,-1,2,0,1.0,2.0,0,65,2.5
24,85,2,2,1,8,95,2,1,2,2,2.0,0,-1,4,0,1.0,1.0,0,70,2.6666666666666665
20,92,2,1,0,10,69,2,1,0,1,2.0,0,1,2,0,3.0,3.0,1,67,1.8181818181818181
24,96,2,2,1,7,77,1,0,0,1,2.0,0,-1,2,1,1.0,1.0,0,67,3.0
20,85,2,3,0,8,59,2,1,1,2,2.0,0,1,3,0,3.0,3.0,0,68,2.2222222222222223
20,60,2,2,0,9,73,3,1,4,2,2.0,0,-1,4,0,2.0,1.0,1,65,2.0
8,67,3,2,1,8,58,1,1,2,2,2.0,0,1,1,0,3.0,2.0,0,61,0.8888888888888888
25,64,2,1,1,6,82,1,1,2,1,2.0,0,-1,3,0,1.0,2.0,0,63,3.5714285714285716
22,75,2,1,1,5,66,1,1,2,1,2.0,0,1,2,0,1.0,3.0,1,80,3.6666666666666665
26,80,2,2,1,8,93,2,1,2,1,1.0,0,0,1,0,3.0,2.0,1,69,2.888888888888889
3,62,2,1,0,6,67,2,1,1,1,2.0,0,-1,3,0,1.0,1.0,1,55,0.42857142857142855
33,74,2,2,0,9,64,2,1,2,2,2.0,1,0,4,0,3.0,1.0,0,70,3.3
19,67,2,2,1,6,75,3,1,1,1,2.0,0,0,3,0,2.0,1.0,0,65,2.7142857142857144
27,86,1,2,1,7,59,1,1,1,2,2.0,0,0,3,0,1.0,1.0,1,68,3.375
14,79,2,1,1,5,60,2,1,3,1,2.0,0,-1,5,0,1.0,1.0,1,64,2.3333333333333335
24,80,2,2,0,6,89,2,1,1,1,3.0,0,0,3,0,2.0,1.0,1,69,3.4285714285714284
14,77,1,3,0,6,75,2,1,1,2,3.0,0,0,4,1,1.0,1.0,0,89,2.0
16,98,2,1,1,6,60,2,1,1,2,2.0,1,1,3,0,1.0,3.0,1,67,2.2857142857142856
31,69,2,2,0,7,52,2,0,2,3,1.0,0,0,5,0,2.0,3.0,1,92,3.875
19,81,3,3,0,6,73,1,0,1,1,3.0,1,1,3,0,1.0,1.0,0,67,2.7142857142857144
21,89,1,2,1,10,87,1,1,3,2,2.0,0,1,3,0,2.0,1.0,1,70,1.9090909090909092
25,82,3,1,0,8,68,2,1,1,1,3.0,0,0,3,0,2.0,1.0,1,68,2.7777777777777777
23,97,2,1,1,9,62,2,1,0,1,2.0,1,1,2,0,3.0,1.0,1,70,2.3
21,75,2,2,1,7,70,1,1,3,2,2.0,0,1,4,1,3.0,1.0,1,67,2.625
22,79,2,2,1,7,98,3,1,0,3,2.0,0,0,3,0,1.0,1.0,1,69,2.75
34,64,2,2,0,6,71,3,1,0,1,3.0,1,-1,4,0,1.0,1.0,0,67,4.857142857142857
20,84,3,3,1,10,63,2,1,0,1,2.0,1,1,4,0,1.0,1.0,0,69,1.8181818181818181
21,72,2,3,0,7,78,1,0,0,3,2.0,0,0,1,1,1.0,1.0,0,63,2.625
26,66,2,2,0,6,91,2,1,3,2,2.0,0,1,3,0,2.0,1.0,0,69,3.7142857142857144
27,82,2,3,0,6,51,1,1,1,1,2.0,0,-1,3,0,1.0,2.0,1,66,3.857142857142857
27,81,2,2,0,8,78,2,1,0,2,2.0,0,1,3,0,1.0,2.0,1,68,3.0
24,63,2,2,1,9,92,2,1,4,2,2.0,1,1,4,0,3.0,1.0,1,69,2.4
13,88,3,1,1,9,61,1,1,4,2,2.0,1,-1,3,0,1.0,1.0,0,66,1.3
30,85,2,2,1,6,96,1,1,1,2,2.0,1,0,4,0,1.0,1.0,0,72,4.285714285714286
13,68,1,2,1,6,79,2,1,1,3,2.0,1,-1,3,0,2.0,1.0,1,62,1.8571428571428572
22,79,2,2,0,9,76,2,1,1,1,2.0,1,1,2,0,1.0,1.0,1,67,2.2
15,89,3,1,0,10,98,1,1,0,1,2.0,1,1,2,0,2.0,1.0,1,67,1.3636363636363635
20,81,3,3,1,7,56,1,0,1,2,2.0,1,1,3,0,1.0,1.0,1,67,2.5
22,76,2,1,0,9,87,1,1,2,1,3.0,0,0,3,1,2.0,1.0,0,65,2.2
22,73,3,1,0,5,91,2,1,1,2,2.0,0,1,3,0,3.0,2.0,1,67,3.6666666666666665
23,84,1,1,0,6,74,2,0,3,1,2.0,0,1,1,0,1.0,1.0,0,66,3.2857142857142856
30,98,1,1,1,5,50,3,1,0,1,3.0,0,-1,2,0,2.0,1.0,1,70,5.0
23,87,1,3,0,8,76,2,1,2,3,2.0,0,1,5,1,3.0,1.0,0,71,2.5555555555555554
19,63,1,3,1,7,58,2,1,2,1,3.0,1,0,3,0,3.0,1.0,0,64,2.375
26,78,1,3,1,7,78,1,1,4,2,2.0,1,0,4,0,1.0,2.0,0,69,3.25
27,96,2,3,1,9,87,1,0,0,2,3.0,0,1,2,0,2.0,2.0,1,72,2.7
13,64,2,1,1,6,77,2,1,0,1,3.0,0,0,4,0,1.0,1.0,1,60,1.8571428571428572
24,100,2,1,1,7,82,1,1,1,2,3.0,1,1,3,0,1.0,2.0,1,71,3.0
24,98,2,2,1,5,55,3,1,0,2,2.0,0,1,3,0,1.0,2.0,1,71,4.0
18,63,3,3,0,9,55,2,1,2,3,3.0,1,1,2,0,3.0,1.0,0,66,1.8
28,97,2,2,0,9,93,1,1,3,2,3.0,0,0,3,0,1.0,1.0,0,74,2.8
19,75,2,2,0,8,52,3,1,0,1,2.0,0,-1,4,0,3.0,2.0,1,64,2.111111111111111
21,94,2,1,1,7,64,1,1,2,2,2.0,1,0,2,0,1.0,1.0,1,68,2.625
19,77,3,1,0,6,97,1,1,4,1,2.0,0,-1,2,0,1.0,1.0,1,66,2.7142857142857144
20,78,2,2,0,5,73,1,1,1,1,2.0,0,-1,3,0,2.0,1.0,0,65,3.3333333333333335
13,85,1,3,1,7,84,2,0,0,1,2.0,0,0,5,0,1.0,2.0,0,64,1.625
11,91,2,1,0,8,61,2,1,1,3,2.0,1,1,3,0,3.0,3.0,1,65,1.2222222222222223
30,61,3,3,0,10,64,1,1,4,2,2.0,0,1,2,0,3.0,2.0,1,69,2.727272727272727
15,84,2,3,1,6,75,2,1,2,2,2.0,1,1,4,1,3.0,1.0,0,68,2.142857142857143
14,67,2,3,0,7,82,1,1,1,2,2.0,0,0,3,0,1.0,3.0,0,62,1.75
7,74,1,3,0,9,98,3,1,3,3,1.0,0,0,2,0,1.0,2.0,1,63,0.7
16,74,3,1,0,9,79,3,1,0,3,2.0,0,0,4,0,3.0,2.0,0,65,1.6
12,79,1,3,0,6,55,2,1,1,1,3.0,1,0,4,0,2.0,3.0,0,62,1.7142857142857142
30,73,1,2,0,7,68,2,1,0,1,3.0,0,1,2,0,3.0,1.0,1,67,3.75
26,64,1,3,0,6,62,1,1,1,1,2.0,1,1,5,0,1.0,2.0,1,64,3.7142857142857144
16,66,2,1,0,6,63,1,1,2,2,3.0,0,0,3,0,2.0,2.0,1,61,2.2857142857142856
34,61,1,2,0,9,75,2,1,1,1,2.0,0,0,2,0,2.0,3.0,1,65,3.4
26,79,3,1,0,7,66,2,1,1,3,2.0,0,1,5,1,1.0,2.0,1,67,3.25
18,98,3,1,0,7,64,2,1,0,2,2.0,0,1,4,0,3.0,2.0,1,70,2.25
5,65,2,3,1,7,98,1,1,1,1,1.0,1,1,3,0,1.0,3.0,1,59,0.625
34,98,2,3,0,7,79,2,1,1,1,2.0,1,0,4,0,2.0,1.0,1,75,4.25
12,89,1,2,1,7,63,2,1,4,1,3.0,0,0,2,0,2.0,1.0,1,67,1.5
10,85,2,2,1,6,64,1,1,1,2,2.0,0,-1,3,0,2.0,1.0,1,64,1.4285714285714286
26,86,2,3,1,9,91,2,1,3,3,2.0,0,0,3,1,1.0,1.0,0,72,2.6
35,93,2,2,1,6,94,2,1,5,2,2.0,0,0,2,1,2.0,1.0,0,76,5.0
28,64,2,3,1,6,84,1,1,2,2,2.0,1,1,2,0,3.0,1.0,1,69,4.0
23,80,1,2,0,7,72,1,1,0,1,3.0,0,-1,5,0,1.0,1.0,1,65,2.875
24,88,3,2,0,10,88,1,1,2,3,3.0,0,1,1,0,3.0,3.0,0,72,2.1818181818181817
25,83,2,3,1,6,97,1,1,0,1,1.0,0,0,4,0,1.0,1.0,1,69,3.5714285714285716
25,93,3,2,0,8,58,2,1,0,3,2.0,1,1,4,0,1.0,2.0,0,71,2.7777777777777777
22,63,3,2,0,7,93,3,1,0,2,2.0,1,0,2,0,1.0,3.0,1,64,2.75
21,88,3,3,1,7,92,3,1,2,2,2.0,0,1,3,0,3.0,1.0,0,74,2.625
20,81,2,3,1,8,68,2,1,0,2,2.0,0,0,3,0,2.0,1.0,1,68,2.2222222222222223
15,75,2,3,1,4,65,3,1,1,1,1.0,1,1,4,0,3.0,2.0,0,66,3.0
18,74,2,2,0,6,78,3,1,0,3,2.0,0,1,2,0,1.0,2.0,0,65,2.5714285714285716
10,85,3,2,1,8,64,1,1,2,3,2.0,0,0,3,0,3.0,1.0,0,67,1.1111111111111112
19,96,2,2,0,7,57,3,1,0,1,2.0,0,1,3,0,1.0,1.0,0,69,2.375
14,80,3,1,1,7,98,3,1,2,1,3.0,1,-1,2,0,1.0,1.0,1,66,1.75
13,93,2,3,1,8,75,2,1,1,2,2.0,1,1,2,0,1.0,1.0,1,69,1.4444444444444444
21,76,2,2,1,6,74,2,1,2,2,2.0,1,0,3,0,1.0,1.0,1,67,3.0
28,64,2,2,1,9,56,2,1,1,1,1.0,0,-1,2,0,2.0,1.0,1,64,2.8
26,62,3,3,0,8,75,2,1,2,2,2.0,0,0,2,0,2.0,2.0,1,67,2.888888888888889
11,62,1,3,1,7,87,3,0,3,1,3.0,0,1,3,0,1.0,3.0,0,61,1.375
14,75,2,1,1,8,62,1,1,0,3,2.0,0,-1,2,0,1.0,2.0,0,61,1.5555555555555556
26,73,2,2,1,9,68,3,1,4,2,2.0,0,0,2,0,1.0,3.0,1,68,2.6
14,89,1,3,0,6,59,1,1,2,1,3.0,0,0,5,0,3.0,2.0,1,66,2.0
19,90,2,2,0,8,68,1,1,0,3,2.0,0,-1,4,0,1.0,2.0,1,66,2.111111111111111
23,62,2,3,0,10,93,3,1,2,1,2.0,0,1,4,0,2.0,1.0,0,68,2.090909090909091
14,69,1,3,0,8,62,3,1,1,2,3.0,1,0,2,0,1.0,1.0,1,63,1.5555555555555556
21,71,2,2,1,7,51,2,1,3,2,3.0,1,0,3,0,3.0,2.0,0,66,2.625
12,82,3,2,1,10,77,3,1,0,2,2.0,0,0,4,0,2.0,3.0,0,66,1.0909090909090908
16,66,3,2,1,7,79,3,1,0,3,3.0,1,0,3,0,2.0,1.0,0,66,2.0
22,65,2,2,1,9,66,3,1,2,2,2.0,0,-1,4,0,1.0,1.0,1,65,2.2
10,98,2,2,1,6,82,2,1,2,3,2.0,0,1,2,0,2.0,2.0,1,69,1.4285714285714286
23,92,2,3,0,9,52,3,1,1,3,2.0,1,1,2,0,1.0,1.0,0,71,2.3
20,67,3,3,0,6,67,3,1,1,2,3.0,0,1,2,1,2.0,1.0,0,66,2.857142857142857
23,76,2,2,1,7,57,3,1,1,2,2.0,0,-1,3,0,1.0,2.0,0,66,2.875
21,74,2,3,1,6,61,1,0,0,1,2.0,1,1,4,0,1.0,1.0,1,65,3.0
28,92,1,2,0,10,69,2,1,4,1,2.0,0,0,4,0,1.0,2.0,0,71,2.5454545454545454
21,80,2,3,0,7,75,3,1,3,2,3.0,1,0,2,0,1.0,3.0,1,69,2.625
17,65,1,1,1,5,55,2,1,2,1,2.0,0,1,3,0,1.0,1.0,0,61,2.8333333333333335
21,90,3,2,1,7,55,3,1,1,1,3.0,0,0,4,0,1.0,1.0,0,70,2.625
23,76,2,2,0,8,84,3,1,2,3,2.0,0,1,4,0,2.0,1.0,0,70,2.5555555555555554
20,71,2,2,0,7,70,3,1,0,3,3.0,0,-1,4,0,1.0,1.0,0,65,2.5
20,75,2,1,1,6,59,2,1,2,2,2.0,0,-1,1,0,3.0,2.0,1,64,2.857142857142857
16,80,3,3,1,9,62,1,1,0,3,2.0,0,0,4,0,3.0,1.0,0,68,1.6
16,74,1,2,1,9,86,1,1,1,1,2.0,1,0,2,0,1.0,1.0,0,63,1.6
12,70,2,3,0,5,53,2,1,2,1,2.0,1,1,3,0,2.0,1.0,1,63,2.0
30,76,2,2,1,6,75,1,1,3,3,2.0,0,1,3,0,2.0,1.0,0,71,4.285714285714286
13,61,3,1,0,7,68,1,0,1,2,2.0,0,0,2,0,1.0,1.0,1,58,1.625
16,91,2,2,1,6,91,2,1,1,2,2.0,0,0,2,0,1.0,2.0,0,68,2.2857142857142856
16,67,2,3,0,8,90,3,1,1,3,1.0,0,0,4,0,1.0,1.0,1,65,1.7777777777777777
25,62,2,2,0,10,84,1,1,2,1,2.0,0,1,3,0,2.0,1.0,0,65,2.272727272727273
18,86,3,1,1,6,69,1,1,2,2,3.0,0,1,2,0,1.0,1.0,1,68,2.5714285714285716
27,91,1,3,1,9,82,2,1,0,1,1.0,0,0,1,0,1.0,3.0,1,69,2.7
16,93,2,2,1,5,82,1,1,5,3,2.0,0,1,1,0,1.0,1.0,1,71,2.6666666666666665
22,80,1,2,0,8,67,1,1,2,1,1.0,1,1,2,0,3.0,2.0,1,65,2.4444444444444446
15,68,1,2,1,6,94,1,1,0,2,3.0,0,0,5,0,3.0,1.0,0,64,2.142857142857143
33,89,1,2,0,8,99,2,1,2,3,3.0,1,1,4,0,2.0,2.0,1,75,3.6666666666666665
13,88,3,2,0,4,66,1,1,1,1,3.0,0,1,4,0,1.0,1.0,0,67,2.6
22,70,2,3,1,5,90,3,1,1,2,3.0,0,0,3,0,2.0,3.0,0,68,3.6666666666666665
24,96,3,3,0,8,75,1,1,1,2,2.0,0,1,1,0,2.0,2.0,0,72,2.6666666666666665
22,64,2,2,0,6,73,3,1,3,2,2.0,0,1,4,0,3.0,2.0,0,67,3.142857142857143
19,99,3,2,0,7,69,2,1,1,3,2.0,0,1,3,0,1.0,1.0,1,72,2.375
19,94,2,1,1,10,65,3,1,1,1,3.0,0,-1,3,0,3.0,2.0,1,69,1.7272727272727273
20,88,1,1,0,7,96,1,1,0,3,3.0,0,1,3,0,3.0,2.0,1,68,2.5
19,98,2,2,1,8,87,2,1,0,2,2.0,1,-1,6,0,1.0,1.0,1,70,2.111111111111111
26,89,2,2,0,6,72,3,1,1,1,2.0,0,0,3,1,2.0,1.0,0,69,3.7142857142857144
33,68,2,1,1,5,88,2,1,2,1,2.0,0,-1,1,0,2.0,2.0,1,67,5.5
17,78,2,2,0,7,86,2,0,0,1,1.0,0,0,3,0,2.0,1.0,0,63,2.125
12,63,2,3,0,5,63,1,1,4,1,2.0,1,1,2,0,1.0,2.0,1,61,2.0
19,76,2,3,1,6,59,2,1,1,2,2.0,0,0,3,0,1.0,1.0,0,66,2.7142857142857144
35,90,3,2,1,7,92,1,0,0,1,2.0,1,0,4,0,1.0,1.0,1,73,4.375
15,75,2,3,1,7,91,3,1,0,2,3.0,0,0,3,0,2.0,2.0,1,67,1.875
30,73,3,2,1,8,100,2,1,2,3,3.0,0,0,2,0,1.0,1.0,0,72,3.3333333333333335
30,84,3,2,0,8,51,1,1,1,1,2.0,0,1,4,1,3.0,3.0,1,69,3.3333333333333335
17,95,1,3,0,5,77,2,1,2,2,2.0,0,1,4,0,1.0,2.0,0,69,2.8333333333333335
23,62,1,3,1,6,85,2,1,1,1,2.0,0,-1,3,1,2.0,2.0,1,63,3.2857142857142856
30,75,2,2,1,4,79,1,1,0,2,2.0,0,-1,4,0,1.0,2.0,1,67,6.0
18,66,2,2,0,6,86,2,1,0,3,2.0,0,1,2,0,1.0,2.0,0,63,2.5714285714285716
19,88,2,3,1,8,57,1,0,1,2,1.0,1,-1,4,0,2.0,1.0,1,66,2.111111111111111
17,64,2,2,0,9,50,2,1,2,1,3.0,0,1,4,0,1.0,2.0,0,62,1.7
14,87,2,2,1,7,55,2,1,2,1,3.0,1,1,4,0,3.0,1.0,1,68,1.75
16,71,2,3,0,9,69,2,1,1,1,2.0,0,0,4,0,3.0,1.0,0,65,1.6
13,68,1,1,1,8,66,2,1,0,2,1.0,0,0,4,1,2.0,1.0,1,59,1.4444444444444444
20,97,3,2,1,7,94,3,1,1,2,2.0,0,-1,1,0,2.0,2.0,1,72,2.5
15,61,2,3,1,6,54,2,1,0,3,3.0,1,0,2,0,3.0,1.0,1,63,2.142857142857143
21,78,2,2,0,4,72,2,1,1,2,3.0,0,0,4,0,3.0,1.0,1,68,4.2
11,61,2,2,1,9,98,3,1,0,2,3.0,0,-1,2,0,1.0,2.0,1,61,1.1
22,79,1,2,0,7,75,1,1,1,1,3.0,1,0,3,0,1.0,1.0,0,65,2.75
25,80,2,2,1,9,57,1,1,2,1,3.0,0,1,3,0,1.0,2.0,0,68,2.5
8,73,1,2,1,6,65,3,1,1,1,2.0,0,0,4,0,2.0,2.0,1,61,1.1428571428571428
22,65,1,1,1,10,81,2,1,1,1,2.0,1,0,3,0,3.0,1.0,1,63,2.0
27,75,2,2,1,7,51,3,1,1,2,1.0,0,-1,2,0,3.0,1.0,1,67,3.375
13,87,1,2,1,6,98,1,1,0,3,3.0,0,1,3,1,3.0,2.0,1,66,1.8571428571428572
30,91,2,2,1,7,78,3,1,3,2,2.0,1,1,2,0,3.0,1.0,1,75,3.75
23,81,2,2,0,7,85,1,1,0,2,2.0,0,1,4,0,1.0,1.0,1,68,2.875
16,84,1,2,0,7,75,3,1,2,2,2.0,0,-1,3,0,1.0,1.0,0,65,2.0
20,68,1,2,0,6,98,3,1,0,1,3.0,0,-1,4,0,1.0,1.0,0,64,2.857142857142857
23,71,3,2,1,4,79,2,0,2,1,2.0,0,1,3,0,1.0,1.0,1,67,4.6
20,66,1,2,1,6,83,2,1,2,1,2.0,1,0,3,0,2.0,1.0,1,64,2.857142857142857
23,70,2,3,1,9,93,2,1,0,1,3.0,0,0,2,1,3.0,2.0,0,67,2.3
14,69,2,3,1,6,93,1,0,2,1,2.0,1,0,0,0,1.0,1.0,1,63,2.0
21,81,3,2,1,4,51,2,1,0,2,2.0,1,1,2,0,2.0,2.0,0,67,4.2
12,83,3,1,1,5,64,2,1,1,3,2.0,1,-1,2,0,3.0,1.0,0,65,2.0
19,98,3,1,1,7,62,3,1,1,1,3.0,0,0,2,0,1.0,1.0,0,70,2.375
15,68,2,2,1,6,50,3,1,2,3,1.0,0,0,3,0,1.0,2.0,1,62,2.142857142857143
16,86,3,2,1,7,94,2,1,2,1,3.0,0,0,3,0,1.0,2.0,0,69,2.0
27,93,2,1,1,6,66,2,1,2,2,2.0,0,-1,3,0,2.0,2.0,0,70,3.857142857142857
27,82,2,2,1,9,67,1,1,1,1,3.0,1,0,2,0,1.0,2.0,1,68,2.7
24,70,2,3,0,8,55,2,1,4,1,3.0,0,1,4,0,3.0,2.0,0,68,2.6666666666666665
13,71,2,2,1,10,99,2,1,0,1,2.0,0,0,3,0,3.0,1.0,1,64,1.1818181818181819
18,62,1,3,1,6,91,3,0,4,1,2.0,1,0,1,0,1.0,2.0,1,63,2.5714285714285716
27,72,1,1,1,7,79,2,1,2,3,3.0,0,1,2,0,3.0,2.0,0,68,3.375
21,90,3,1,1,9,89,1,1,1,1,1.0,0,0,2,0,1.0,3.0,0,67,2.1
34,62,3,1,0,8,89,1,1,3,1,2.0,1,0,4,0,2.0,2.0,0,68,3.7777777777777777
22,69,2,3,1,6,83,2,1,1,1,2.0,0,1,2,0,2.0,2.0,0,66,3.142857142857143
21,88,2,2,1,8,59,1,0,2,2,2.0,1,-1,1,0,3.0,1.0,1,67,2.3333333333333335
18,91,3,2,0,8,86,3,1,1,2,2.0,0,0,4,1,1.0,2.0,1,69,2.0
21,78,3,2,1,4,78,2,1,2,3,2.0,1,-1,3,0,1.0,3.0,1,68,4.2
19,88,2,3,0,6,86,2,1,4,2,2.0,0,1,3,1,2.0,2.0,1,70,2.7142857142857144
24,76,2,2,0,7,77,2,1,3,2,2.0,1,-1,4,0,3.0,2.0,0,68,3.0
26,66,1,2,1,9,98,2,1,2,1,2.0,0,0,2,0,2.0,1.0,1,66,2.6
15,76,2,3,1,8,81,2,1,2,1,2.0,1,0,4,0,3.0,2.0,0,67,1.6666666666666667
12,83,2,2,0,6,79,2,1,1,3,1.0,0,0,4,0,1.0,2.0,0,65,1.7142857142857142
9,98,2,2,0,6,92,2,1,0,2,2.0,0,0,5,0,1.0,2.0,1,67,1.2857142857142858
23,63,2,2,0,8,69,3,1,2,2,1.0,0,-1,4,1,1.0,1.0,1,63,2.5555555555555554
13,80,1,3,1,4,66,3,1,2,1,2.0,0,-1,2,0,1.0,2.0,0,64,2.6
7,73,3,2,1,6,75,2,1,3,1,2.0,0,0,3,0,2.0,1.0,0,64,1.0
22,80,1,1,0,9,79,3,1,0,2,2.0,1,0,3,0,2.0,2.0,0,66,2.2
35,61,2,3,1,7,61,1,1,2,2,2.0,1,1,4,1,1.0,1.0,1,68,4.375
20,73,3,2,1,6,84,3,1,0,2,2.0,0,1,3,0,1.0,2.0,1,67,2.857142857142857
25,93,2,3,0,5,90,1,1,1,2,2.0,0,1,2,0,2.0,1.0,1,72,4.166666666666667
20,82,2,2,1,8,79,1,1,1,1,2.0,0,1,4,0,1.0,1.0,1,67,2.2222222222222223
19,78,2,2,0,7,76,3,1,2,2,1.0,0,0,3,0,2.0,2.0,0,66,2.375
26,71,3,1,0,7,65,2,1,1,1,2.0,0,1,3,0,2.0,1.0,0,66,3.25
18,72,3,3,1,8,95,2,1,1,2,2.0,0,-1,4,0,1.0,2.0,1,67,2.0
22,75,2,2,0,7,88,1,1,0,1,2.0,1,0,3,0,3.0,3.0,1,65,2.75
22,93,3,2,0,7,74,1,1,2,2,3.0,0,-1,3,0,2.0,3.0,1,70,2.75
16,99,1,2,1,5,83,1,1,0,1,3.0,1,0,4,0,3.0,1.0,0,69,2.6666666666666665
26,78,3,3,1,5,67,1,1,1,3,3.0,1,-1,3,0,1.0,2.0,1,69,4.333333333333333
19,76,3,2,1,8,53,2,1,1,2,2.0,0,-1,4,0,2.0,1.0,0,66,2.111111111111111
15,94,2,1,0,8,60,2,1,2,2,2.0,0,0,4,0,1.0,3.0,1,66,1.6666666666666667
23,77,3,3,1,8,54,2,1,1,1,2.0,0,-1,3,0,2.0,2.0,0,67,2.5555555555555554
15,82,2,3,1,6,75,2,1,1,2,1.0,0,1,3,0,1.0,1.0,1,67,2.142857142857143
20,69,2,2,1,8,81,3,1,2,2,2.0,0,1,4,0,1.0,1.0,1,67,2.2222222222222223
20,90,3,3,1,6,69,2,1,2,3,3.0,0,0,3,0,1.0,1.0,0,72,2.857142857142857
27,81,2,1,1,9,77,1,1,1,2,3.0,0,0,4,0,2.0,2.0,0,68,2.7
23,92,2,1,1,6,54,3,1,3,2,2.0,0,1,2,1,3.0,1.0,1,70,3.2857142857142856
20,91,2,2,1,6,88,2,1,1,1,2.0,0,1,4,0,1.0,2.0,1,69,2.857142857142857
25,69,3,1,1,7,52,3,1,1,1,2.0,0,1,4,0,1.0,2.0,1,65,3.125
28,89,3,3,0,8,82,2,1,0,2,2.0,0,-1,3,0,3.0,3.0,1,72,3.111111111111111
23,92,2,3,0,7,72,2,1,0,1,2.0,0,0,4,0,2.0,3.0,0,69,2.875
20,74,2,2,1,7,59,1,1,5,3,2.0,0,1,4,0,1.0,1.0,0,68,2.5
12,67,3,3,0,6,76,3,1,1,1,2.0,0,-1,2,0,1.0,2.0,1,62,1.7142857142857142
14,60,2,1,1,7,89,1,1,2,2,2.0,0,0,3,0,1.0,2.0,1,60,1.75
18,78,3,2,1,7,71,1,1,3,2,2.0,0,0,4,0,1.0,2.0,1,67,2.25
16,74,3,3,1,6,68,1,1,2,2,2.0,0,0,4,0,2.0,1.0,1,67,2.2857142857142856
19,82,2,3,1,7,57,2,1,1,2,2.0,0,0,3,0,1.0,1.0,1,67,2.375
20,68,2,2,1,7,80,1,1,0,1,2.0,1,0,4,0,1.0,1.0,0,63,2.5
23,94,2,1,1,10,91,3,1,1,2,2.0,0,0,3,0,1.0,1.0,1,71,2.090909090909091
20,70,2,2,1,6,78,3,1,0,2,2.0,1,1,2,0,2.0,1.0,0,66,2.857142857142857
23,69,2,2,1,6,58,3,1,0,2,2.0,0,0,1,0,3.0,1.0,0,65,3.2857142857142856
20,79,3,2,1,7,83,3,1,2,2,2.0,0,1,2,0,1.0,2.0,0,69,2.5
8,80,3,1,0,6,52,3,1,2,2,2.0,0,1,1,0,1.0,1.0,0,63,1.1428571428571428
14,69,2,2,1,5,92,3,1,3,1,1.0,0,-1,2,0,3.0,2.0,0,64,2.3333333333333335
19,71,3,3,0,5,96,3,1,2,1,2.0,1,0,0,1,2.0,1.0,0,67,3.1666666666666665
13,67,2,2,1,6,80,3,1,1,1,3.0,0,-1,2,0,1.0,2.0,1,62,1.8571428571428572
24,89,2,1,1,6,94,1,1,2,2,2.0,0,0,2,0,1.0,3.0,1,68,3.4285714285714284
29,91,2,3,0,5,54,1,1,2,1,2.0,0,0,3,0,3.0,2.0,1,71,4.833333333333333
27,78,3,2,0,7,61,2,0,1,1,2.0,0,-1,3,0,1.0,2.0,0,66,3.375
19,89,2,3,1,4,66,1,1,1,1,2.0,0,1,1,0,3.0,1.0,0,69,3.8
29,89,2,1,1,8,89,1,1,1,2,3.0,1,0,4,0,1.0,2.0,1,71,3.2222222222222223
21,66,2,2,1,6,74,2,1,2,2,3.0,1,0,4,0,1.0,1.0,0,66,3.0
18,99,2,2,0,6,67,2,1,5,1,2.0,0,1,3,0,3.0,1.0,0,72,2.5714285714285716
16,93,2,2,1,8,58,2,1,1,3,3.0,0,1,4,0,2.0,1.0,0,70,1.7777777777777777
18,68,1,2,0,8,91,3,1,1,1,3.0,1,0,3,0,3.0,1.0,0,65,2.0
18,67,3,2,0,6,51,2,1,0,2,3.0,0,1,2,0,2.0,1.0,0,64,2.5714285714285716
21,65,2,2,1,8,67,2,1,1,1,2.0,0,1,2,0,2.0,2.0,1,63,2.3333333333333335
21,66,2,2,0,9,62,1,0,3,2,2.0,1,1,2,0,1.0,1.0,1,63,2.1
20,90,1,2,0,5,56,2,0,3,2,2.0,0,1,2,0,1.0,2.0,1,66,3.3333333333333335
23,79,3,3,1,8,59,1,1,1,1,3.0,0,-1,4,0,2.0,2.0,1,68,2.5555555555555554
27,91,2,3,1,5,75,1,1,1,3,3.0,0,0,4,0,2.0,1.0,1,74,4.5
26,90,3,3,0,9,71,1,1,0,3,1.0,1,-1,2,0,2.0,1.0,0,71,2.6
11,84,3,2,1,6,76,3,1,3,1,3.0,0,-1,3,0,1.0,2.0,0,67,1.5714285714285714
5,87,3,1,0,6,86,2,1,2,2,3.0,0,1,3,0,3.0,1.0,0,66,0.7142857142857143
26,61,3,2,1,9,95,2,1,0,2,2.0,1,-1,6,0,2.0,1.0,1,67,2.6
12,72,1,3,1,8,56,3,1,3,1,2.0,0,1,1,1,1.0,2.0,1,62,1.3333333333333333
19,86,2,1,0,6,54,1,1,1,3,3.0,1,1,5,0,3.0,1.0,1,68,2.7142857142857144
13,60,2,2,1,7,66,2,1,2,1,2.0,0,1,3,0,3.0,1.0,1,62,1.625
9,61,3,2,1,6,77,1,0,1,3,2.0,1,0,2,0,1.0,1.0,1,82,1.2857142857142858
23,94,3,2,0,5,55,3,1,2,2,2.0,0,1,2,1,1.0,1.0,1,70,3.8333333333333335
25,87,3,2,0,7,86,2,1,4,2,1.0,1,-1,2,0,2.0,1.0,1,72,3.125
17,71,1,3,1,6,78,1,1,0,2,2.0,0,1,4,0,2.0,1.0,0,64,2.4285714285714284
4,88,2,3,0,6,87,1,1,1,2,3.0,0,0,4,0,2.0,1.0,1,66,0.5714285714285714
17,92,2,2,1,9,68,3,1,0,2,1.0,1,1,3,0,2.0,1.0,0,68,1.7
22,72,1,2,0,6,70,1,1,1,3,2.0,0,0,3,0,3.0,3.0,1,64,3.142857142857143
11,61,1,2,1,7,90,3,1,0,2,3.0,0,0,3,0,1.0,1.0,0,61,1.375
21,97,2,2,1,9,63,2,1,0,2,2.0,0,1,1,0,1.0,2.0,1,69,2.1
20,74,3,3,0,7,69,1,1,2,3,3.0,1,0,2,0,2.0,1.0,1,68,2.5
23,64,2,2,0,6,51,2,1,1,2,2.0,0,1,5,0,2.0,1.0,1,64,3.2857142857142856
21,80,2,3,0,7,78,2,1,1,1,3.0,1,-1,4,0,1.0,2.0,0,67,2.625
14,91,2,2,1,8,93,2,1,0,2,2.0,0,0,3,0,1.0,2.0,1,67,1.5555555555555556
27,69,2,2,0,8,51,2,1,1,3,2.0,0,-1,2,0,1.0,1.0,1,65,3.0
19,71,3,2,1,10,81,2,1,2,2,3.0,0,1,3,0,1.0,1.0,0,68,1.7272727272727273
20,70,2,3,1,6,92,2,1,2,2,1.0,0,1,3,0,1.0,1.0,1,67,2.857142857142857
14,100,1,2,0,7,75,1,1,1,1,2.0,0,1,3,0,3.0,2.0,1,67,1.75
17,68,2,3,1,5,66,2,1,1,3,2.0,0,-1,4,0,1.0,1.0,1,64,2.8333333333333335
15,83,3,3,1,8,100,2,1,0,2,2.0,0,1,3,0,2.0,1.0,0,70,1.6666666666666667
19,97,2,3,0,7,53,2,1,2,1,1.0,1,0,3,0,2.0,2.0,1,69,2.375
30,66,2,3,0,7,61,1,1,0,3,3.0,1,1,2,0,1.0,3.0,1,66,3.75
12,99,1,2,0,6,94,2,1,2,2,2.0,0,0,3,0,3.0,2.0,1,69,1.7142857142857142
10,98,1,2,1,6,65,2,1,1,1,3.0,1,1,2,0,1.0,1.0,1,66,1.4285714285714286
29,95,3,2,1,7,91,1,1,1,1,2.0,0,0,3,0,1.0,2.0,0,73,3.625
19,69,2,2,1,6,67,2,0,4,3,3.0,1,1,4,0,3.0,2.0,1,66,2.7142857142857144
16,85,2,3,1,7,91,3,1,0,2,2.0,0,0,2,0,3.0,2.0,1,69,2.0
26,90,2,1,1,7,84,1,1,1,2,2.0,0,1,3,0,1.0,2.0,1,70,3.25
16,99,3,2,1,5,73,3,1,1,2,2.0,1,1,5,1,2.0,3.0,1,71,2.6666666666666665
31,67,1,3,1,5,76,2,1,2,2,3.0,0,1,4,0,2.0,1.0,1,70,5.166666666666667
24,91,3,1,1,6,59,2,1,0,1,2.0,1,0,4,0,1.0,1.0,1,69,3.4285714285714284
17,74,2,2,0,9,56,2,1,1,2,3.0,1,-1,3,0,1.0,2.0,1,63,1.7
33,67,3,2,1,6,86,2,1,4,2,3.0,0,1,3,1,1.0,1.0,0,71,4.714285714285714
16,77,3,3,0,7,92,1,1,2,2,2.0,0,-1,2,0,2.0,1.0,1,67,2.0
24,92,2,2,1,5,86,3,1,3,2,3.0,0,0,2,0,1.0,1.0,0,73,4.0
22,79,1,3,1,6,96,2,1,1,3,2.0,0,0,2,0,2.0,2.0,1,68,3.142857142857143
28,82,1,2,1,5,95,2,1,0,3,1.0,0,0,3,0,1.0,1.0,1,69,4.666666666666667
29,100,3,3,1,8,89,2,1,2,2,2.0,1,0,3,0,1.0,2.0,0,76,3.2222222222222223
20,76,1,2,1,5,95,2,1,4,1,3.0,0,1,3,0,1.0,1.0,1,68,3.3333333333333335
15,85,2,2,0,8,58,3,1,1,1,2.0,1,-1,3,0,2.0,1.0,1,65,1.6666666666666667
23,75,2,2,1,8,87,1,1,0,3,1.0,0,1,1,0,1.0,1.0,0,66,2.5555555555555554
16,76,2,1,0,7,88,3,1,0,1,2.0,0,1,2,0,3.0,1.0,1,65,2.0
32,88,1,2,0,8,58,1,1,3,1,3.0,1,-1,3,0,1.0,2.0,1,69,3.5555555555555554
21,98,3,2,1,10,95,2,1,0,2,2.0,0,0,1,0,1.0,1.0,1,71,1.9090909090909092
18,82,3,1,1,8,50,2,1,1,3,2.0,0,1,3,0,1.0,2.0,1,66,2.0
21,91,2,3,0,5,72,2,1,3,1,2.0,0,-1,3,1,1.0,1.0,0,69,3.5
12,64,2,2,0,9,51,1,0,2,1,2.0,0,0,4,0,2.0,1.0,1,59,1.2
14,68,2,3,0,7,76,2,1,2,3,2.0,0,1,3,0,1.0,1.0,1,65,1.75
27,80,3,3,0,10,71,3,1,4,1,1.0,0,0,2,0,2.0,1.0,1,72,2.4545454545454546
16,61,2,1,1,6,81,2,1,0,2,2.0,0,-1,2,0,2.0,1.0,1,60,2.2857142857142856
14,70,2,2,1,9,88,1,1,0,3,2.0,1,1,4,0,2.0,2.0,0,64,1.4
23,81,2,2,0,7,88,1,1,1,1,2.0,0,1,4,0,3.0,1.0,1,69,2.875
27,61,3,3,1,10,86,2,1,3,2,3.0,1,1,3,0,1.0,1.0,0,70,2.4545454545454546
24,71,2,3,1,7,55,1,1,2,3,2.0,0,1,3,0,2.0,3.0,1,67,3.0
26,81,2,2,0,10,71,1,1,0,2,2.0,1,1,5,1,1.0,1.0,0,67,2.3636363636363638
15,83,2,1,1,8,91,2,1,0,1,2.0,1,0,3,0,2.0,3.0,1,64,1.6666666666666667
11,97,2,2,1,8,83,1,1,4,2,3.0,1,-1,2,0,1.0,3.0,1,68,1.2222222222222223
29,86,2,3,0,10,84,1,1,1,1,3.0,1,1,4,0,1.0,1.0,0,72,2.6363636363636362
18,77,2,3,1,6,61,2,1,1,1,2.0,1,0,3,0,1.0,1.0,0,65,2.5714285714285716
18,97,2,3,0,8,66,1,1,2,2,2.0,0,0,2,0,2.0,2.0,1,70,2.0
28,91,3,2,0,7,98,1,1,2,1,2.0,1,1,5,0,3.0,1.0,1,75,3.5
23,68,1,1,1,7,92,2,0,3,1,3.0,1,0,4,0,1.0,1.0,1,65,2.875
23,65,2,3,1,7,58,1,1,1,1,2.0,0,0,3,1,2.0,2.0,0,63,2.875
33,87,2,3,0,8,77,1,1,0,1,2.0,1,1,3,1,1.0,1.0,1,71,3.6666666666666665
16,82,2,1,1,8,75,2,1,2,2,2.0,0,1,2,0,2.0,1.0,0,66,1.7777777777777777
26,92,2,1,1,6,72,2,1,1,1,2.0,1,0,3,0,1.0,2.0,0,69,3.7142857142857144
20,90,3,2,0,7,74,1,0,0,3,1.0,1,1,3,0,3.0,2.0,0,68,2.5
22,85,2,3,0,4,82,2,1,1,2,3.0,0,1,2,0,3.0,1.0,1,71,4.4
29,99,3,2,1,8,98,3,0,5,1,1.0,0,0,2,0,3.0,1.0,1,77,3.2222222222222223
23,81,3,1,1,10,94,3,1,1,2,3.0,0,0,2,0,2.0,1.0,0,70,2.090909090909091
23,65,2,2,0,7,94,2,1,1,3,2.0,0,-1,3,0,2.0,1.0,0,66,2.875
26,93,3,2,0,5,85,1,1,1,3,3.0,0,1,3,0,2.0,2.0,0,73,4.333333333333333
18,70,2,2,1,8,51,2,1,1,1,2.0,1,-1,3,0,2.0,2.0,1,62,2.0
15,91,2,2,0,6,72,1,1,0,2,2.0,0,0,2,0,1.0,2.0,0,65,2.142857142857143
14,98,3,3,1,7,76,2,1,0,1,2.0,0,0,2,0,3.0,1.0,1,71,1.75
8,88,2,2,1,8,92,3,1,1,1,2.0,0,-1,4,0,2.0,1.0,1,66,0.8888888888888888
32,84,1,2,1,8,96,2,1,1,1,2.0,0,1,3,0,1.0,1.0,0,72,3.5555555555555554
13,78,2,2,1,9,73,2,1,0,2,3.0,1,-1,4,0,1.0,1.0,1,64,1.3
19,75,2,2,0,7,65,1,1,0,1,1.0,1,0,4,0,1.0,1.0,0,63,2.375
18,74,1,2,1,7,67,1,1,0,1,2.0,0,1,3,0,1.0,1.0,1,63,2.25
22,85,3,2,0,8,79,3,1,5,2,3.0,0,0,2,0,1.0,1.0,0,72,2.4444444444444446
25,90,2,2,1,7,64,2,1,2,2,3.0,0,1,2,0,1.0,2.0,1,71,3.125
25,87,3,3,1,6,96,1,0,3,2,2.0,0,1,2,0,1.0,2.0,0,72,3.5714285714285716
17,68,2,3,1,8,71,2,1,1,2,3.0,1,0,2,0,1.0,1.0,1,65,1.8888888888888888
19,80,2,2,1,5,100,2,1,0,2,2.0,0,0,3,0,1.0,1.0,0,67,3.1666666666666665
22,92,1,3,1,7,55,1,1,1,1,2.0,0,1,4,0,1.0,2.0,0,68,2.75
19,79,2,3,1,5,59,2,1,2,1,2.0,1,0,2,0,3.0,3.0,1,66,3.1666666666666665
30,81,2,3,0,6,76,2,1,0,3,2.0,0,1,3,0,3.0,1.0,1,72,4.285714285714286
23,91,3,2,0,6,93,2,1,3,1,1.0,0,0,3,0,1.0,2.0,0,71,3.2857142857142856
24,86,2,3,0,6,68,1,1,3,1,3.0,0,1,3,1,2.0,2.0,0,70,3.4285714285714284
24,76,2,2,0,9,92,2,1,1,2,1.0,0,0,3,0,3.0,1.0,0,68,2.4
27,96,2,3,0,9,71,1,1,0,1,2.0,1,1,4,0,2.0,1.0,0,72,2.7
21,67,1,2,1,9,93,3,1,1,1,3.0,0,0,3,0,2.0,1.0,1,66,2.1
12,100,2,2,0,7,64,2,1,1,2,3.0,0,1,6,0,1.0,1.0,1,69,1.5
22,65,1,2,1,6,74,3,1,2,2,2.0,0,1,1,0,2.0,1.0,1,65,3.142857142857143
16,61,3,3,0,8,64,2,1,1,1,3.0,0,1,3,0,1.0,3.0,1,62,1.7777777777777777
17,96,3,3,0,7,61,1,1,1,1,3.0,0,1,1,0,2.0,2.0,0,69,2.125
24,70,2,2,1,7,71,2,1,1,2,1.0,0,-1,4,0,1.0,1.0,1,65,3.0
27,89,2,1,0,4,67,2,1,2,1,1.0,1,0,4,0,2.0,1.0,0,69,5.4
20,92,1,3,1,8,89,2,1,1,1,2.0,0,0,3,0,1.0,2.0,0,69,2.2222222222222223
22,94,3,2,1,8,87,2,1,2,1,2.0,1,0,5,0,2.0,1.0,0,73,2.4444444444444446
30,100,3,2,1,7,68,1,1,2,2,2.0,1,0,2,0,3.0,1.0,0,75,3.75
21,72,3,3,1,8,100,2,1,3,1,3.0,1,1,3,0,2.0,3.0,1,70,2.3333333333333335
36,88,2,3,0,8,99,3,1,0,1,2.0,1,-1,3,0,2.0,1.0,0,74,4.0
23,65,2,2,1,6,96,2,1,0,1,1.0,0,1,3,0,1.0,1.0,1,65,3.2857142857142856
9,76,2,2,0,7,79,2,1,1,2,2.0,0,-1,3,0,2.0,1.0,1,63,1.125
25,94,3,3,0,5,71,1,1,4,2,3.0,0,-1,4,0,2.0,1.0,0,74,4.166666666666667
22,75,3,3,1,9,66,1,1,0,1,2.0,1,0,2,0,3.0,1.0,1,67,2.2
28,84,2,2,1,8,51,2,0,3,2,2.0,0,1,4,0,3.0,1.0,0,71,3.111111111111111
24,80,3,1,1,6,82,2,1,1,1,3.0,0,0,3,0,2.0,2.0,0,68,3.4285714285714284
19,86,3,2,0,8,78,2,1,2,2,2.0,0,-1,4,0,2.0,1.0,0,69,2.111111111111111
13,99,2,3,0,7,81,2,1,0,2,2.0,0,1,4,0,3.0,1.0,1,71,1.625
19,62,3,2,1,6,79,1,1,7,2,2.0,0,0,2,0,1.0,1.0,0,66,2.7142857142857144
15,83,2,2,1,7,57,1,1,0,2,2.0,1,1,3,0,3.0,1.0,1,65,1.875
17,95,2,1,1,8,85,1,0,1,1,3.0,1,-1,2,0,2.0,2.0,0,66,1.8888888888888888
24,79,1,1,1,8,68,3,1,2,1,2.0,1,-1,2,0,1.0,1.0,1,65,2.6666666666666665
30,63,2,2,0,10,76,2,1,1,2,2.0,0,0,4,0,3.0,2.0,0,67,2.727272727272727
22,82,3,2,0,7,68,3,1,2,1,2.0,1,0,4,0,3.0,1.0,1,70,2.75
13,73,2,2,1,7,51,2,1,1,1,2.0,0,1,4,0,3.0,1.0,1,63,1.625
23,66,1,1,0,8,94,1,1,1,2,3.0,1,0,3,0,3.0,2.0,1,64,2.5555555555555554
27,94,2,2,1,7,57,2,1,1,2,2.0,1,0,1,0,1.0,1.0,1,71,3.375
16,81,2,3,1,6,79,2,1,2,1,3.0,0,1,3,0,2.0,2.0,0,68,2.2857142857142856
19,97,2,1,0,6,94,2,1,2,3,2.0,0,0,4,0,3.0,1.0,1,72,2.7142857142857144
20,92,2,3,1,4,61,2,1,2,3,2.0,0,0,4,0,2.0,1.0,1,71,4.0
15,88,1,1,1,8,71,2,0,1,1,1.0,1,1,2,0,3.0,2.0,1,64,1.6666666666666667
24,60,3,1,1,5,69,2,1,1,2,3.0,0,0,5,0,1.0,2.0,1,64,4.0
19,77,3,2,1,6,54,1,1,3,3,2.0,1,-1,2,0,2.0,2.0,1,66,2.7142857142857144
23,68,2,3,1,7,71,3,1,3,2,2.0,0,1,3,0,1.0,2.0,0,68,2.875
15,96,3,2,0,7,74,2,1,2,1,1.0,1,1,2,0,1.0,3.0,1,68,1.875
17,67,3,2,1,10,51,2,1,3,1,2.0,0,1,5,0,1.0,1.0,1,65,1.5454545454545454
24,71,2,2,1,5,74,2,1,1,2,2.0,1,1,3,0,1.0,1.0,1,67,4.0
18,81,2,1,1,10,55,1,1,3,1,2.0,0,-1,2,0,1.0,1.0,1,64,1.6363636363636365
30,71,3,2,1,9,95,3,0,1,2,2.0,0,0,4,0,2.0,1.0,1,70,3.0
18,68,2,3,1,8,83,1,1,1,1,2.0,0,1,2,0,2.0,1.0,1,65,2.0
21,84,2,1,0,9,53,1,1,2,2,3.0,0,-1,3,0,1.0,2.0,0,65,2.1
26,64,3,2,0,8,91,3,1,1,2,2.0,0,1,4,0,1.0,1.0,1,68,2.888888888888889
11,62,2,3,1,4,68,2,1,2,3,2.0,0,-1,3,0,1.0,2.0,1,61,2.2
9,75,3,1,0,8,61,3,1,3,2,2.0,0,0,3,0,1.0,1.0,1,63,1.0
11,89,2,2,1,5,63,2,1,0,2,2.0,0,0,2,0,2.0,1.0,0,65,1.8333333333333333
28,82,2,2,1,6,80,2,1,1,1,2.0,1,0,5,0,1.0,3.0,0,69,4.0
17,77,2,2,0,7,54,1,1,1,1,3.0,0,1,2,0,2.0,1.0,1,64,2.125
35,83,2,1,0,6,53,2,1,1,1,2.0,1,0,2,0,1.0,1.0,0,69,5.0
17,75,3,2,1,8,81,1,1,3,3,2.0,0,0,3,1,3.0,1.0,1,67,1.8888888888888888
21,97,2,3,1,7,99,3,1,1,2,3.0,0,0,1,0,3.0,2.0,1,74,2.625
29,62,3,2,1,8,74,2,1,1,1,2.0,1,-1,3,1,2.0,1.0,1,66,3.2222222222222223
32,87,2,3,1,7,71,2,1,0,3,1.0,0,0,4,1,2.0,1.0,1,72,4.0
32,96,2,1,1,7,97,1,1,1,1,2.0,0,0,5,0,2.0,2.0,1,73,4.0
27,92,3,2,0,6,62,3,1,0,2,3.0,0,1,4,0,2.0,1.0,1,73,3.857142857142857
26,67,1,2,1,5,62,3,1,0,2,2.0,0,-1,2,0,1.0,2.0,1,63,4.333333333333333
24,72,3,2,1,7,95,2,1,3,1,2.0,0,-1,2,0,3.0,1.0,1,69,3.0
25,89,1,1,1,6,82,3,1,2,1,2.0,0,0,6,0,3.0,1.0,1,71,3.5714285714285716
17,63,3,2,0,9,53,3,1,1,1,3.0,0,0,4,0,2.0,2.0,1,63,1.7
15,92,2,3,1,5,84,2,1,0,3,1.0,0,1,5,0,1.0,2.0,0,69,2.5
20,89,3,3,1,10,91,1,1,3,2,2.0,1,0,3,0,2.0,2.0,1,72,1.8181818181818181
19,89,3,1,1,7,64,2,1,2,1,2.0,0,1,4,1,3.0,2.0,0,68,2.375
17,64,1,3,0,7,69,2,1,1,2,2.0,0,-1,3,0,1.0,1.0,0,62,2.125
24,89,1,3,1,6,60,2,1,1,1,2.0,1,0,2,0,1.0,1.0,1,68,3.4285714285714284
26,87,2,2,1,8,82,3,1,1,1,2.0,0,-1,2,0,3.0,1.0,1,71,2.888888888888889
21,93,2,1,1,7,83,1,0,1,3,3.0,0,0,3,1,1.0,2.0,1,67,2.625
29,62,1,3,1,7,53,3,1,0,1,2.0,1,1,3,0,2.0,2.0,0,65,3.625
13,61,1,2,1,8,84,3,0,1,2,3.0,0,0,3,1,3.0,3.0,1,60,1.4444444444444444
19,75,2,3,1,8,83,3,1,2,3,2.0,0,0,2,0,1.0,1.0,1,68,2.111111111111111
16,66,1,2,1,9,52,2,1,1,2,1.0,0,-1,3,1,1.0,1.0,1,59,1.6
9,82,3,2,0,8,78,2,1,0,3,2.0,0,0,0,0,1.0,2.0,0,64,1.0
20,97,3,2,1,6,81,3,1,2,1,1.0,0,0,3,0,1.0,2.0,1,71,2.857142857142857
19,76,3,3,0,4,72,1,1,2,3,2.0,0,0,2,0,2.0,2.0,0,68,3.8
29,94,1,2,1,7,95,2,0,2,1,2.0,0,0,3,1,2.0,2.0,1,70,3.625
24,60,1,1,0,7,66,2,1,1,2,3.0,0,0,4,0,2.0,1.0,0,62,3.0
14,67,2,2,0,10,53,2,1,2,3,2.0,0,0,3,0,2.0,1.0,1,62,1.2727272727272727
31,61,3,2,0,7,84,2,1,2,2,2.0,1,0,3,0,1.0,1.0,1,68,3.875
27,73,2,2,0,8,80,1,1,3,2,2.0,1,-1,3,0,1.0,1.0,0,68,3.0
23,96,2,2,1,8,99,3,1,3,1,1.0,0,1,4,0,1.0,1.0,0,74,2.5555555555555554
19,64,1,2,0,8,62,2,1,0,3,2.0,0,1,4,1,2.0,1.0,1,61,2.111111111111111
14,84,2,2,1,8,70,2,1,1,1,3.0,0,0,5,0,2.0,1.0,1,67,1.5555555555555556
18,78,2,1,0,6,73,2,1,1,3,3.0,0,1,2,0,1.0,2.0,0,65,2.5714285714285716
27,98,1,2,1,6,93,1,0,5,3,3.0,0,1,3,0,1.0,2.0,0,101,3.857142857142857
31,65,2,1,1,7,71,2,1,1,1,2.0,0,0,4,0,1.0,2.0,1,65,3.875
29,68,2,2,0,4,89,2,1,0,2,2.0,1,0,4,1,2.0,1.0,1,67,5.8
17,61,2,3,1,7,58,1,1,2,1,2.0,0,1,3,1,1.0,1.0,0,61,2.125
13,77,2,2,0,6,70,2,1,3,2,3.0,0,0,4,1,1.0,1.0,1,64,1.8571428571428572
21,71,3,1,0,7,58,3,1,1,2,3.0,0,1,3,1,2.0,3.0,0,64,2.625
9,95,2,2,1,7,97,2,1,1,1,1.0,0,0,2,0,2.0,1.0,1,67,1.125
22,84,2,2,1,5,59,2,1,0,3,3.0,1,1,3,0,2.0,1.0,0,69,3.6666666666666665
19,85,3,2,1,9,71,1,1,1,2,3.0,0,1,2,0,3.0,2.0,0,69,1.9
17,81,3,2,0,7,54,2,1,4,1,2.0,0,1,3,0,1.0,1.0,0,67,2.125
10,64,2,3,0,8,96,2,1,1,2,2.0,0,0,3,0,1.0,2.0,1,62,1.1111111111111112
23,78,1,3,0,7,81,2,1,0,1,2.0,1,0,1,0,1.0,1.0,1,66,2.875
17,100,3,2,0,8,98,1,1,0,2,3.0,0,1,4,0,2.0,1.0,1,72,1.8888888888888888
13,93,2,2,1,5,52,1,1,2,2,2.0,0,1,3,0,2.0,1.0,0,67,2.1666666666666665
3,96,3,3,1,9,59,2,1,2,1,2.0,0,-1,3,0,2.0,2.0,0,66,0.3
20,93,1,1,1,8,69,2,1,2,1,2.0,0,0,4,0,1.0,2.0,1,67,2.2222222222222223
31,64,3,1,1,7,81,1,1,1,2,2.0,0,1,4,0,1.0,1.0,0,67,3.875
30,69,2,2,1,7,66,2,1,0,2,1.0,0,1,4,0,3.0,1.0,0,68,3.75
17,60,3,2,1,9,86,2,1,0,1,3.0,0,1,2,0,1.0,1.0,1,63,1.7
16,72,2,3,0,6,58,1,1,1,2,2.0,0,-1,2,0,1.0,3.0,1,62,2.2857142857142856
23,64,3,2,1,5,80,1,1,3,2,3.0,0,-1,2,1,2.0,2.0,0,65,3.8333333333333335
14,79,2,2,1,6,70,2,1,1,1,2.0,0,1,6,0,2.0,2.0,1,65,2.0
22,87,2,3,1,7,75,2,1,0,2,3.0,0,1,2,1,2.0,1.0,0,70,2.75
25,95,1,2,0,7,78,2,1,7,1,2.0,0,1,4,0,1.0,1.0,1,73,3.125
27,90,3,2,1,9,53,2,1,1,2,3.0,0,1,2,0,3.0,1.0,0,73,2.7
19,98,2,1,1,6,96,2,0,2,1,2.0,1,-1,2,0,1.0,2.0,1,68,2.7142857142857144
19,62,2,1,0,6,89,3,1,3,2,2.0,0,1,1,0,1.0,2.0,1,63,2.7142857142857144
15,60,2,1,1,5,72,3,1,2,3,3.0,0,1,2,0,1.0,1.0,1,62,2.5
15,86,3,2,1,8,77,2,1,0,2,2.0,0,1,3,0,3.0,1.0,1,69,1.6666666666666667
19,72,2,3,0,5,52,2,1,2,2,2.0,0,0,3,0,3.0,1.0,1,66,3.1666666666666665
22,70,2,3,1,8,75,3,1,0,2,2.0,1,1,3,0,3.0,1.0,1,68,2.4444444444444446
25,73,3,2,1,6,71,1,1,0,1,2.0,1,1,3,0,2.0,3.0,0,67,3.5714285714285716
15,71,3,3,1,6,69,1,1,2,1,3.0,1,-1,4,0,2.0,1.0,0,65,2.142857142857143
29,80,1,2,1,10,91,3,0,1,3,2.0,0,1,3,0,2.0,2.0,1,70,2.6363636363636362
18,78,1,2,1,9,59,3,0,0,3,3.0,1,1,1,0,1.0,2.0,0,64,1.8
20,80,1,1,1,7,59,3,1,2,2,3.0,1,0,3,0,1.0,2.0,1,65,2.5
16,87,2,2,0,5,76,3,1,1,1,3.0,1,0,2,0,3.0,3.0,0,67,2.6666666666666665
5,75,2,1,1,10,84,2,1,0,3,2.0,1,0,4,0,3.0,2.0,0,62,0.45454545454545453
25,70,2,2,1,7,51,3,1,3,1,2.0,0,1,4,0,1.0,2.0,1,66,3.125
24,67,3,3,1,7,77,1,1,0,3,2.0,0,1,2,0,2.0,1.0,0,68,3.0
18,74,2,1,0,8,65,3,1,0,2,3.0,0,1,4,0,2.0,2.0,0,64,2.0
20,90,3,1,0,4,88,2,1,3,1,2.0,0,-1,3,0,1.0,2.0,1,69,4.0
23,90,2,2,1,6,73,1,0,1,3,2.0,1,1,2,0,1.0,1.0,0,69,3.2857142857142856
11,87,2,2,1,7,92,2,1,1,2,2.0,0,1,5,0,1.0,2.0,0,67,1.375
17,69,2,2,1,7,70,1,1,0,1,3.0,0,0,3,1,2.0,2.0,1,61,2.125
25,84,3,2,1,5,91,1,1,1,2,2.0,0,1,4,1,3.0,2.0,0,70,4.166666666666667
12,83,1,2,1,7,86,1,1,1,3,2.0,0,-1,4,0,2.0,1.0,0,65,1.5
22,79,2,2,1,7,91,1,1,0,1,2.0,0,1,4,1,2.0,2.0,1,66,2.75
12,82,1,2,1,10,91,2,1,3,1,2.0,0,-1,3,0,3.0,1.0,1,66,1.0909090909090908
23,80,2,3,1,9,74,2,1,4,2,2.0,0,-1,3,0,1.0,2.0,1,69,2.3
20,83,2,2,1,7,68,3,1,1,2,2.0,0,1,1,0,1.0,1.0,0,67,2.5
10,89,3,3,1,7,88,2,1,2,3,2.0,1,1,2,0,3.0,1.0,0,71,1.25
27,64,3,3,1,9,68,3,1,1,1,3.0,1,0,4,0,1.0,1.0,1,68,2.7
16,90,2,2,0,7,54,3,0,2,2,2.0,0,1,3,0,1.0,1.0,0,67,2.0
15,65,3,2,0,5,93,1,1,2,1,2.0,0,0,4,1,1.0,1.0,0,63,2.5
21,63,2,2,0,10,70,1,1,1,3,3.0,1,1,2,0,2.0,1.0,0,64,1.9090909090909092
27,99,3,2,1,6,57,2,1,3,1,2.0,0,0,3,0,2.0,2.0,1,73,3.857142857142857
14,98,2,2,1,10,82,3,1,1,1,2.0,1,1,3,0,1.0,2.0,1,69,1.2727272727272727
20,62,3,1,0,8,94,3,1,1,2,2.0,0,1,3,0,1.0,1.0,0,65,2.2222222222222223
23,78,3,1,1,6,93,2,1,0,2,3.0,1,1,5,0,3.0,1.0,1,70,3.2857142857142856
24,67,3,2,1,4,78,1,1,1,1,3.0,0,1,2,0,1.0,1.0,0,67,4.8
21,79,2,1,1,8,54,3,1,3,1,2.0,0,1,3,0,3.0,2.0,0,67,2.3333333333333335
18,93,2,3,1,5,85,2,1,0,1,2.0,0,1,3,0,1.0,1.0,1,70,3.0
15,98,3,1,0,8,80,1,0,2,3,3.0,0,-1,2,0,3.0,1.0,0,69,1.6666666666666667
21,85,3,2,0,10,61,3,1,2,2,2.0,0,0,2,1,1.0,1.0,1,68,1.9090909090909092
14,74,2,3,0,5,95,3,1,1,1,3.0,0,1,3,1,2.0,1.0,1,66,2.3333333333333335
2,84,1,3,0,8,54,1,1,3,1,1.0,0,1,4,0,1.0,1.0,1,62,0.2222222222222222
23,72,2,2,1,6,69,1,1,2,3,2.0,0,1,4,0,1.0,1.0,1,67,3.2857142857142856
25,96,2,1,1,9,55,3,1,2,2,3.0,0,0,4,0,1.0,2.0,1,71,2.5
6,95,3,2,1,7,96,2,1,4,1,2.0,0,0,2,0,1.0,2.0,0,68,0.75
14,82,3,2,1,7,52,3,1,3,1,2.0,0,-1,2,0,1.0,1.0,0,66,1.75
24,73,1,2,1,9,71,3,1,0,1,2.0,0,0,3,0,1.0,2.0,1,64,2.4
32,72,3,2,1,8,93,1,1,1,1,2.0,1,0,4,0,3.0,1.0,0,71,3.5555555555555554
20,61,1,1,1,6,63,2,1,1,2,3.0,0,1,4,0,2.0,3.0,1,61,2.857142857142857
16,93,2,3,0,10,55,2,0,2,1,2.0,0,0,2,0,2.0,1.0,1,67,1.4545454545454546
19,78,2,1,1,5,56,1,1,3,3,2.0,0,0,4,0,2.0,2.0,0,65,3.1666666666666665
28,73,3,2,1,7,70,1,0,0,1,2.0,1,-1,6,0,2.0,2.0,0,66,3.5
16,79,3,3,1,6,71,2,1,2,1,3.0,0,0,4,0,1.0,1.0,0,68,2.2857142857142856
15,93,2,2,0,5,86,2,1,0,1,2.0,0,0,2,0,2.0,3.0,1,66,2.5
17,65,2,2,0,5,62,2,1,2,2,2.0,0,1,4,0,1.0,1.0,0,63,2.8333333333333335
14,94,1,1,1,7,85,1,1,1,3,2.0,0,0,3,0,1.0,2.0,0,66,1.75
21,96,2,3,0,8,100,2,1,1,3,2.0,1,1,2,0,2.0,1.0,0,73,2.3333333333333335
30,98,2,1,1,9,93,2,1,1,1,1.0,1,1,3,0,1.0,1.0,1,88,3.0
22,76,2,2,0,9,82,3,1,0,2,3.0,1,0,4,0,1.0,1.0,1,67,2.2
18,69,3,3,1,7,97,2,1,2,2,2.0,0,1,2,0,2.0,1.0,0,69,2.25
18,75,2,1,1,6,100,3,1,2,1,2.0,0,1,3,0,1.0,1.0,0,67,2.5714285714285716
11,73,2,3,1,9,79,2,1,1,1,3.0,0,0,2,0,1.0,1.0,1,64,1.1
25,67,2,3,1,6,64,2,0,0,1,2.0,0,0,2,0,1.0,2.0,1,64,3.5714285714285716
20,84,1,2,0,5,96,1,1,1,1,2.0,0,-1,2,0,1.0,1.0,1,65,3.3333333333333335
19,79,2,2,0,8,92,3,1,1,2,3.0,0,1,2,0,1.0,1.0,1,68,2.111111111111111
39,95,2,3,1,9,54,3,1,2,2,2.0,1,1,3,0,1.0,2.0,1,77,3.9
22,61,2,2,1,6,97,3,1,0,1,3.0,0,-1,2,1,1.0,1.0,1,63,3.142857142857143
15,86,3,3,1,10,68,2,1,0,3,2.0,0,0,5,0,2.0,1.0,1,69,1.3636363636363635
17,91,2,2,1,8,66,2,1,3,2,1.0,0,1,2,0,2.0,1.0,1,69,1.8888888888888888
27,90,2,1,0,8,67,2,1,2,2,2.0,0,-1,3,0,3.0,1.0,1,70,3.0
21,95,3,2,1,6,66,3,1,1,2,3.0,0,1,4,0,2.0,1.0,1,73,3.0
11,89,2,1,1,9,76,2,1,1,2,3.0,0,0,3,0,3.0,3.0,1,66,1.1
26,97,2,1,0,5,79,3,1,2,1,1.0,1,1,3,0,1.0,1.0,0,71,4.333333333333333
16,73,2,1,1,6,71,2,1,2,3,3.0,0,1,5,0,2.0,1.0,1,66,2.2857142857142856
31,80,2,2,1,6,71,3,1,2,1,3.0,0,0,3,0,1.0,1.0,0,71,4.428571428571429
26,61,2,1,1,5,87,2,1,3,3,3.0,0,1,2,1,1.0,1.0,1,66,4.333333333333333
17,60,2,3,1,8,50,3,1,0,1,3.0,0,1,4,0,1.0,1.0,0,63,1.8888888888888888
28,70,3,3,1,8,97,2,1,5,1,1.0,0,-1,5,1,1.0,1.0,1,70,3.111111111111111
20,64,3,2,1,8,86,2,1,1,2,2.0,0,0,2,0,3.0,1.0,1,66,2.2222222222222223
25,70,2,2,0,7,85,2,1,1,2,2.0,0,-1,4,0,1.0,1.0,1,66,3.125
23,67,2,2,0,8,71,3,1,2,2,2.0,0,0,4,0,2.0,2.0,0,66,2.5555555555555554
15,61,2,2,0,7,98,2,1,1,2,2.0,0,0,3,0,1.0,1.0,1,62,1.875
16,96,2,2,0,6,50,3,1,1,2,3.0,0,1,3,0,2.0,1.0,1,69,2.2857142857142856
26,60,1,3,1,6,54,1,1,1,1,2.0,1,1,1,0,3.0,2.0,1,63,3.7142857142857144
18,89,2,1,1,4,90,1,1,1,3,2.0,0,1,2,1,3.0,1.0,0,68,3.6
18,66,2,3,0,9,87,2,1,1,2,1.0,1,1,3,0,1.0,2.0,1,64,1.8
14,96,1,3,1,9,64,3,1,2,1,3.0,0,0,3,0,3.0,2.0,1,69,1.4
23,96,1,2,1,10,80,1,1,3,1,3.0,0,1,3,0,1.0,1.0,1,71,2.090909090909091
32,86,2,2,1,6,77,2,0,2,2,1.0,1,-1,4,0,1.0,1.0,1,71,4.571428571428571
14,87,2,2,0,6,76,2,1,1,1,2.0,1,1,4,0,2.0,3.0,0,66,2.0
20,60,2,2,1,4,80,1,1,2,3,2.0,1,1,3,1,2.0,2.0,1,63,4.0
28,99,1,2,1,8,100,1,1,0,2,2.0,0,1,2,0,1.0,3.0,1,72,3.111111111111111
20,95,2,2,1,8,99,1,0,1,1,2.0,1,0,3,0,2.0,1.0,0,70,2.2222222222222223
23,96,2,1,0,9,99,2,1,0,3,2.0,1,0,2,0,2.0,1.0,0,71,2.3
14,86,1,1,1,6,77,2,1,3,3,2.0,1,0,3,0,1.0,3.0,1,65,2.0
23,74,2,1,1,8,66,1,1,0,3,2.0,0,-1,4,0,3.0,1.0,0,65,2.5555555555555554
19,96,1,2,0,6,78,3,1,1,1,1.0,0,1,2,0,1.0,3.0,1,67,2.7142857142857144
26,72,3,2,0,9,81,3,1,0,2,3.0,0,0,3,0,1.0,1.0,1,68,2.6
27,83,2,2,1,8,66,2,1,3,2,2.0,0,1,4,0,2.0,3.0,0,70,3.0
36,64,2,2,1,5,82,2,1,2,2,3.0,1,1,2,0,1.0,1.0,0,70,6.0
23,97,1,3,1,7,81,1,1,2,2,3.0,0,0,3,0,1.0,1.0,1,72,2.875
22,66,2,3,0,4,95,2,1,1,1,1.0,0,0,5,0,2.0,2.0,1,65,4.4
21,69,2,2,1,5,62,3,1,2,1,2.0,0,1,3,0,1.0,1.0,1,65,3.5
18,82,3,2,1,5,85,3,1,3,2,3.0,1,0,4,0,3.0,1.0,1,71,3.0
22,91,3,3,1,6,73,1,1,3,3,2.0,0,1,4,0,3.0,1.0,1,74,3.142857142857143
18,85,1,2,0,7,56,1,1,0,1,2.0,1,1,4,0,1.0,2.0,1,64,2.25
21,69,2,2,0,7,66,3,1,1,2,2.0,1,0,4,0,1.0,3.0,0,64,2.625
28,60,2,3,1,7,53,1,1,3,1,2.0,1,0,3,0,1.0,1.0,0,65,3.5
14,90,1,2,1,7,66,2,1,1,2,2.0,0,0,5,0,2.0,1.0,1,67,1.75
27,99,3,2,0,7,53,1,1,2,1,3.0,0,0,3,0,2.0,1.0,1,73,3.375
28,92,1,3,0,5,96,3,1,1,2,1.0,0,0,3,0,2.0,2.0,1,72,4.666666666666667
19,78,2,2,0,7,55,1,1,0,2,2.0,0,1,3,0,2.0,1.0,1,65,2.375
7,96,2,3,0,9,91,2,1,0,1,2.0,0,0,4,0,2.0,1.0,1,67,0.7
16,76,2,2,1,7,95,1,1,2,2,2.0,0,-1,3,0,1.0,1.0,0,66,2.0
28,81,3,2,1,8,73,1,1,0,2,3.0,0,-1,3,0,3.0,1.0,1,70,3.111111111111111
20,79,3,2,0,8,53,2,1,2,2,2.0,1,0,3,0,1.0,2.0,0,66,2.2222222222222223
14,78,3,3,1,8,80,1,1,1,2,2.0,0,0,1,0,1.0,1.0,0,66,1.5555555555555556
17,91,2,1,1,7,62,1,1,3,3,2.0,0,-1,3,0,3.0,1.0,1,68,2.125
25,81,1,2,1,8,59,1,1,3,1,2.0,0,1,4,0,2.0,1.0,1,68,2.7777777777777777
23,73,3,3,0,8,78,1,1,0,3,2.0,0,0,4,0,1.0,2.0,0,67,2.5555555555555554
19,70,3,2,1,8,68,3,0,1,1,2.0,0,1,3,0,2.0,1.0,0,65,2.111111111111111
18,62,2,1,1,8,87,2,1,4,1,2.0,0,1,4,0,2.0,1.0,0,64,2.0
18,83,3,2,0,5,80,3,1,1,3,3.0,0,1,2,0,2.0,1.0,1,70,3.0
14,69,1,2,0,5,91,2,1,0,3,2.0,0,1,3,0,2.0,2.0,1,63,2.3333333333333335
30,66,2,3,0,6,53,1,0,2,1,2.0,0,1,2,0,1.0,1.0,1,65,4.285714285714286
18,86,1,2,1,9,62,2,1,4,2,2.0,0,-1,2,1,3.0,1.0,0,67,1.8
27,87,2,2,1,7,78,1,1,3,1,2.0,1,-1,5,0,1.0,1.0,0,71,3.375
29,90,3,2,1,7,94,2,1,1,1,1.0,1,0,4,0,1.0,1.0,0,73,3.625
26,80,2,2,0,4,91,1,1,1,1,2.0,1,0,3,0,1.0,3.0,1,67,5.2
17,96,3,2,1,7,84,2,1,2,1,3.0,1,1,3,0,2.0,1.0,0,72,2.125
22,97,2,2,0,7,79,3,1,2,2,3.0,0,1,0,0,1.0,3.0,1,71,2.75
20,92,2,3,1,4,82,3,1,0,2,2.0,0,0,4,0,3.0,1.0,1,72,4.0
15,85,3,3,1,7,61,2,1,1,2,3.0,0,-1,3,0,1.0,1.0,1,68,1.875
22,72,1,1,1,5,80,2,1,2,1,3.0,0,0,3,0,2.0,1.0,0,65,3.6666666666666665
13,99,3,2,0,6,75,1,1,1,2,2.0,0,1,4,1,2.0,3.0,0,68,1.8571428571428572
27,71,2,1,0,8,69,2,1,1,3,2.0,0,1,4,0,2.0,1.0,1,67,3.0
17,68,2,2,0,7,94,3,1,1,3,2.0,1,0,4,0,2.0,2.0,0,66,2.125
21,78,2,1,1,6,91,2,1,0,2,1.0,1,0,1,1,1.0,1.0,1,64,3.0
22,62,3,2,0,6,54,2,1,3,1,2.0,1,0,3,0,3.0,1.0,1,65,3.142857142857143
18,99,2,2,0,6,99,2,1,0,1,2.0,0,0,3,0,1.0,2.0,1,69,2.5714285714285716
24,84,2,2,1,7,61,2,1,2,2,2.0,0,1,2,0,1.0,3.0,1,68,3.0
17,82,3,3,0,5,61,2,1,3,2,2.0,0,0,4,0,3.0,1.0,1,69,2.8333333333333335
25,86,2,2,1,9,97,1,1,1,3,2.0,1,0,3,0,1.0,2.0,1,70,2.5
12,80,3,2,0,5,72,2,1,1,3,2.0,1,1,4,1,1.0,1.0,0,65,2.0
21,61,2,2,0,4,90,1,1,2,2,1.0,0,0,3,0,1.0,1.0,1,63,4.2
32,84,1,2,1,8,64,2,1,1,1,3.0,1,1,3,0,2.0,1.0,0,71,3.5555555555555554
14,89,2,3,1,6,94,1,1,0,1,2.0,1,0,2,0,3.0,1.0,1,68,2.0
16,77,2,2,1,7,92,3,1,5,1,3.0,0,1,3,0,3.0,1.0,0,70,2.0
23,90,2,3,1,8,76,3,1,2,2,1.0,0,1,3,0,1.0,1.0,0,72,2.5555555555555554
21,69,2,2,1,6,85,2,1,3,1,1.0,0,0,1,0,2.0,3.0,0,64,3.0
22,69,1,2,0,7,98,1,1,0,1,2.0,0,1,2,0,3.0,2.0,1,64,2.75
23,66,2,1,1,8,73,3,1,2,3,2.0,0,1,2,0,2.0,1.0,0,66,2.5555555555555554
24,75,2,3,1,9,75,3,1,0,2,3.0,0,1,3,0,2.0,3.0,1,69,2.4
27,94,2,1,0,6,86,2,1,2,2,2.0,1,0,2,0,1.0,1.0,0,71,3.857142857142857
22,93,2,3,1,6,69,3,1,0,3,1.0,0,-1,3,1,1.0,1.0,1,69,3.142857142857143
19,75,3,2,0,8,98,1,1,1,1,2.0,0,0,3,0,3.0,2.0,1,67,2.111111111111111
24,84,1,2,1,7,52,2,1,0,1,3.0,0,0,3,0,1.0,1.0,1,66,3.0
31,89,2,2,0,7,70,2,1,2,1,3.0,0,1,2,0,1.0,2.0,0,71,3.875
19,70,2,1,1,9,86,1,1,2,3,2.0,0,0,2,1,1.0,1.0,1,63,1.9
14,67,2,1,0,4,71,2,1,0,3,2.0,0,0,4,0,2.0,1.0,0,62,2.8
27,99,2,3,0,5,63,2,1,0,2,3.0,0,0,4,0,1.0,1.0,0,73,4.5
19,85,3,2,0,4,71,1,1,1,2,3.0,0,-1,3,0,1.0,3.0,0,66,3.8
7,99,3,2,1,9,94,2,1,3,3,3.0,0,1,2,0,3.0,2.0,1,72,0.7
25,74,3,1,1,8,77,1,1,1,1,2.0,0,0,2,0,3.0,2.0,0,67,2.7777777777777777
17,88,1,1,0,5,67,2,0,0,2,3.0,0,0,3,0,3.0,1.0,1,65,2.8333333333333335
19,69,2,2,1,7,84,2,1,2,2,2.0,0,0,4,0,1.0,1.0,1,66,2.375
22,70,3,2,1,7,81,1,1,3,2,2.0,0,0,2,0,3.0,2.0,0,68,2.75
21,80,2,3,1,4,78,2,1,1,2,3.0,1,0,4,0,1.0,1.0,0,69,4.2
24,73,3,2,1,7,70,2,1,0,3,2.0,0,-1,3,0,3.0,1.0,0,68,3.0
17,67,2,3,1,5,54,2,1,0,1,2.0,0,-1,2,0,1.0,2.0,1,61,2.8333333333333335
23,71,3,1,1,8,81,2,1,3,2,3.0,1,1,2,0,1.0,1.0,1,68,2.5555555555555554
18,61,3,1,1,5,71,1,1,3,3,3.0,1,0,3,0,2.0,1.0,1,64,3.0
24,88,2,1,1,7,71,1,0,1,1,3.0,0,0,3,0,2.0,2.0,1,67,3.0
24,80,1,3,1,9,62,3,1,3,3,1.0,0,0,3,0,1.0,2.0,1,68,2.4
14,64,2,3,0,8,62,1,1,1,2,3.0,0,1,4,1,1.0,2.0,1,61,1.5555555555555556
27,67,3,1,0,8,89,1,1,1,1,1.0,0,1,3,0,3.0,1.0,0,66,3.0
17,64,3,1,1,7,74,1,1,2,2,1.0,0,1,2,0,3.0,1.0,0,64,2.125
25,85,1,2,0,5,55,1,1,3,3,2.0,0,-1,3,0,1.0,2.0,0,67,4.166666666666667
22,64,2,3,0,6,52,1,1,2,3,2.0,1,-1,4,0,2.0,2.0,0,64,3.142857142857143
31,90,3,3,0,7,61,1,1,0,1,2.0,0,1,3,0,1.0,1.0,1,72,3.875
19,61,2,2,0,7,74,1,1,2,3,2.0,0,-1,3,0,3.0,3.0,1,62,2.375
18,70,3,2,1,5,81,1,1,2,1,2.0,1,-1,2,0,1.0,3.0,0,63,3.0
20,96,3,3,0,8,57,1,1,1,1,2.0,1,0,4,0,1.0,1.0,1,70,2.2222222222222223
18,89,3,2,0,5,72,1,1,3,2,2.0,0,1,3,0,2.0,2.0,1,69,3.0
25,63,1,2,1,9,54,2,1,3,2,1.0,0,1,2,0,1.0,1.0,1,64,2.5
10,93,1,2,0,7,52,2,1,2,2,2.0,0,1,3,0,3.0,1.0,1,66,1.25
14,80,1,2,1,8,93,2,1,3,1,3.0,1,1,4,0,1.0,1.0,0,67,1.5555555555555556
14,94,3,3,1,8,83,2,1,4,2,1.0,0,-1,5,1,3.0,1.0,0,71,1.5555555555555556
26,84,2,3,1,10,89,2,1,0,1,3.0,1,1,1,0,1.0,3.0,0,70,2.3636363636363638
30,87,1,2,0,7,59,2,1,2,2,2.0,0,0,3,0,1.0,2.0,1,69,3.75
19,100,2,1,0,6,66,3,1,0,1,2.0,0,0,3,0,1.0,2.0,1,68,2.7142857142857144
19,69,2,3,1,6,72,2,0,1,1,2.0,0,0,1,0,2.0,1.0,0,64,2.7142857142857144
20,85,3,2,1,9,83,1,1,3,2,2.0,0,1,3,1,2.0,1.0,1,70,2.0
27,78,3,1,1,5,77,2,1,0,2,1.0,1,0,3,0,3.0,1.0,1,69,4.5
14,62,2,2,1,6,78,2,1,0,3,2.0,0,1,2,0,2.0,1.0,0,63,2.0
21,61,1,2,0,7,58,2,1,1,2,1.0,0,-1,3,0,1.0,1.0,0,60,2.625
26,65,3,1,0,7,74,2,1,2,1,2.0,0,-1,4,0,1.0,1.0,0,65,3.25
23,86,2,2,0,8,91,2,1,0,1,2.0,0,-1,0,0,1.0,1.0,1,67,2.5555555555555554
21,83,2,1,0,5,75,1,1,1,2,2.0,0,-1,4,0,2.0,1.0,1,66,3.5
26,82,1,3,0,7,60,2,0,3,1,2.0,0,0,3,0,3.0,1.0,0,68,3.25
4,61,1,3,1,7,71,3,1,0,1,1.0,0,1,1,0,3.0,1.0,1,58,0.5
24,79,1,3,1,5,88,2,1,0,2,2.0,0,0,3,0,1.0,2.0,0,67,4.0
16,97,2,2,1,8,57,1,1,0,2,2.0,0,1,4,1,1.0,1.0,1,68,1.7777777777777777
9,76,2,2,1,7,79,2,1,1,1,2.0,0,0,3,0,1.0,1.0,0,62,1.125
23,85,1,3,0,7,98,3,0,2,1,2.0,0,-1,3,0,3.0,2.0,0,69,2.875
28,91,2,3,1,6,69,3,1,1,2,3.0,1,0,4,0,1.0,3.0,1,73,4.0
19,91,3,1,0,6,52,2,1,2,1,2.0,0,-1,4,1,1.0,2.0,1,66,2.7142857142857144
26,81,1,2,1,5,82,2,1,0,2,2.0,0,-1,5,1,3.0,1.0,0,67,4.333333333333333
30,94,2,2,0,8,52,2,1,1,2,1.0,0,0,4,0,1.0,1.0,0,71,3.3333333333333335
28,76,2,2,1,9,60,2,1,1,1,2.0,0,0,2,0,1.0,3.0,1,66,2.8
30,96,3,2,1,10,52,2,1,0,3,3.0,0,1,4,0,2.0,2.0,0,74,2.727272727272727
24,70,2,3,0,8,59,1,1,2,1,3.0,0,1,5,0,1.0,1.0,1,67,2.6666666666666665
20,71,3,2,0,6,93,3,1,2,2,3.0,0,-1,2,0,3.0,1.0,1,68,2.857142857142857
10,62,2,2,0,6,87,3,1,2,1,3.0,0,0,3,0,1.0,1.0,1,61,1.4285714285714286
19,92,2,3,0,8,67,2,1,2,2,2.0,1,-1,2,0,1.0,1.0,0,69,2.111111111111111
15,77,1,2,1,7,95,1,1,4,1,2.0,0,1,4,0,1.0,2.0,1,65,1.875
33,69,2,3,1,7,83,2,1,2,2,1.0,0,0,2,0,3.0,1.0,1,71,4.125
19,69,2,1,0,7,72,2,1,1,1,1.0,0,1,2,0,1.0,3.0,0,61,2.375
21,96,2,3,1,9,53,2,1,0,1,3.0,0,0,3,0,2.0,1.0,1,70,2.1
23,93,2,1,0,6,87,2,1,2,2,2.0,1,0,3,0,1.0,2.0,1,70,3.2857142857142856
20,82,2,3,1,9,69,1,1,1,2,2.0,0,1,3,0,2.0,1.0,1,69,2.0
30,85,3,1,1,7,65,3,1,2,1,2.0,0,-1,3,0,1.0,1.0,0,70,3.75
16,79,3,2,1,6,64,2,1,4,1,1.0,0,1,4,1,2.0,1.0,1,67,2.2857142857142856
21,76,1,2,0,6,50,1,1,2,1,2.0,0,-1,4,0,3.0,2.0,0,63,3.0
16,97,2,2,0,7,87,2,1,1,3,2.0,0,0,3,0,1.0,1.0,0,70,2.0
12,65,2,2,0,8,57,2,1,1,3,3.0,1,1,5,1,1.0,1.0,0,61,1.3333333333333333
16,77,1,3,1,6,76,1,1,1,1,2.0,0,0,1,0,3.0,2.0,0,64,2.2857142857142856
20,74,2,2,1,8,51,3,1,2,2,2.0,0,-1,3,0,2.0,1.0,1,65,2.2222222222222223
17,80,2,2,0,6,81,2,1,1,2,3.0,0,0,1,0,2.0,3.0,1,65,2.4285714285714284
16,78,2,1,1,7,68,3,1,3,1,3.0,1,1,3,0,3.0,3.0,0,66,2.0
12,81,3,3,1,5,82,1,1,1,2,3.0,0,1,3,0,1.0,3.0,0,66,2.0
20,66,1,2,1,8,54,2,1,2,2,1.0,0,1,2,0,3.0,1.0,1,63,2.2222222222222223
11,81,1,3,1,7,63,2,1,3,2,2.0,0,0,2,0,3.0,1.0,1,66,1.375
25,70,2,2,1,9,56,3,1,0,1,2.0,0,1,1,0,1.0,3.0,1,64,2.5
20,67,3,1,0,8,82,2,1,3,1,3.0,0,0,4,1,1.0,1.0,1,65,2.2222222222222223
11,63,3,2,0,7,55,1,1,3,3,2.0,1,1,1,0,3.0,1.0,1,62,1.375
18,91,1,3,1,9,81,3,1,4,3,2.0,0,0,5,0,1.0,2.0,1,71,1.8
15,77,2,2,1,8,57,1,1,1,1,2.0,0,0,2,0,2.0,1.0,1,63,1.6666666666666667
22,85,2,3,0,9,97,3,1,0,2,3.0,0,-1,3,0,2.0,2.0,1,70,2.2
28,89,2,1,1,6,71,1,1,2,1,2.0,1,0,4,0,2.0,2.0,1,70,4.0
9,87,2,2,0,8,56,2,1,1,2,3.0,0,1,3,0,2.0,2.0,0,65,1.0
21,79,3,3,1,8,52,2,1,1,1,2.0,0,0,3,1,1.0,1.0,0,66,2.3333333333333335
19,76,2,1,1,5,66,2,1,2,2,2.0,1,1,4,0,2.0,1.0,0,66,3.1666666666666665
24,75,2,1,0,9,95,3,1,0,2,3.0,0,1,2,0,2.0,1.0,1,68,2.4
21,86,3,3,0,5,57,2,1,1,1,2.0,1,-1,3,0,1.0,1.0,1,68,3.5
15,80,3,2,1,5,90,2,1,4,2,3.0,1,0,3,0,1.0,1.0,0,69,2.5
18,94,2,2,1,4,71,2,1,3,3,1.0,0,1,3,0,2.0,1.0,0,71,3.6
15,95,2,2,1,8,90,1,1,2,1,2.0,1,-1,1,0,3.0,1.0,1,69,1.6666666666666667
26,67,2,3,1,5,94,2,1,0,2,2.0,0,1,2,0,2.0,1.0,1,68,4.333333333333333
20,65,2,3,1,6,100,2,1,2,1,3.0,0,0,5,0,1.0,2.0,1,67,2.857142857142857
31,85,3,2,0,8,53,2,1,2,1,3.0,0,1,3,0,1.0,1.0,1,72,3.4444444444444446
20,72,3,2,1,7,90,3,1,2,2,2.0,0,0,3,0,1.0,1.0,1,68,2.5
16,61,3,2,1,6,53,1,1,0,3,2.0,0,1,4,1,1.0,2.0,0,60,2.2857142857142856
11,96,2,3,0,5,66,3,1,2,1,2.0,0,0,4,0,1.0,2.0,1,68,1.8333333333333333
9,69,3,2,1,7,82,3,1,1,3,3.0,0,1,2,0,1.0,1.0,0,65,1.125
10,97,1,3,0,8,72,3,1,0,1,2.0,0,0,3,0,3.0,2.0,0,67,1.1111111111111112
22,89,1,2,0,8,78,1,1,4,3,2.0,1,1,3,0,1.0,1.0,0,70,2.4444444444444446
23,91,2,1,1,10,98,3,1,0,1,3.0,1,-1,3,0,1.0,1.0,0,70,2.090909090909091
11,68,2,2,0,6,91,1,1,3,1,3.0,0,-1,2,0,2.0,3.0,0,61,1.5714285714285714
25,69,3,1,1,5,68,2,1,2,3,3.0,0,1,4,0,2.0,3.0,1,68,4.166666666666667
17,81,2,3,0,7,80,3,1,1,1,2.0,0,-1,3,0,3.0,1.0,0,67,2.125
21,67,2,3,0,7,52,2,1,3,1,2.0,0,-1,3,1,1.0,2.0,0,62,2.625
30,72,2,1,0,7,73,2,1,0,3,2.0,0,0,4,0,1.0,2.0,1,66,3.75
25,73,3,2,1,6,80,2,1,3,3,2.0,0,1,2,0,1.0,3.0,0,69,3.5714285714285716
18,66,2,3,1,4,86,2,1,2,2,2.0,0,-1,4,0,2.0,1.0,0,66,3.6
15,68,2,2,1,5,95,2,1,0,3,2.0,0,-1,5,0,2.0,1.0,0,64,2.5
7,92,3,2,0,8,64,3,1,1,1,1.0,0,0,4,0,3.0,1.0,1,66,0.7777777777777778
16,67,2,2,0,7,95,1,1,2,2,2.0,0,0,5,1,1.0,1.0,1,63,2.0
19,61,1,3,1,8,83,1,1,1,2,2.0,1,-1,3,0,1.0,1.0,1,62,2.111111111111111
14,85,2,2,1,8,54,1,1,1,3,2.0,1,-1,4,0,3.0,2.0,1,65,1.5555555555555556
19,99,1,3,0,8,69,1,1,0,3,2.0,1,-1,2,0,1.0,2.0,1,68,2.111111111111111
20,73,3,3,1,8,74,1,1,1,1,1.0,1,-1,4,0,1.0,2.0,1,65,2.2222222222222223
19,65,2,3,1,7,68,1,1,1,1,1.0,0,0,4,0,2.0,1.0,0,63,2.375
16,83,3,3,1,7,56,2,1,3,2,2.0,0,-1,2,0,1.0,1.0,1,68,2.0
21,96,2,3,1,4,78,1,1,2,3,2.0,1,1,2,0,1.0,1.0,1,72,4.2
23,91,3,1,0,6,57,2,1,2,1,2.0,1,1,3,0,1.0,1.0,1,69,3.2857142857142856
13,85,1,2,0,6,96,1,1,1,1,3.0,0,1,5,0,3.0,3.0,1,66,1.8571428571428572
28,73,1,1,1,7,93,3,1,2,1,3.0,1,0,3,0,2.0,1.0,1,68,3.5
19,82,1,1,0,6,74,2,1,1,2,3.0,0,0,2,0,1.0,2.0,1,64,2.7142857142857144
20,64,2,1,1,8,53,1,1,1,1,2.0,0,1,2,0,1.0,1.0,1,61,2.2222222222222223
24,87,1,2,0,6,78,3,1,0,1,1.0,0,0,2,1,3.0,1.0,1,67,3.4285714285714284
21,89,2,1,1,9,80,2,1,0,2,1.0,0,0,3,0,3.0,2.0,1,68,2.1
26,99,2,2,0,6,94,3,1,2,2,2.0,0,1,3,0,1.0,1.0,1,74,3.7142857142857144
22,70,2,3,1,6,53,2,1,3,2,3.0,0,1,2,0,1.0,1.0,0,67,3.142857142857143
16,61,2,3,1,6,85,2,1,2,2,2.0,1,1,3,0,1.0,1.0,1,64,2.2857142857142856
22,82,1,3,0,6,78,2,1,3,2,3.0,0,0,3,0,1.0,2.0,1,69,3.142857142857143
13,88,3,2,1,9,59,2,1,0,1,2.0,1,-1,3,1,1.0,3.0,0,63,1.3
21,92,2,2,0,7,56,2,1,0,1,2.0,1,0,4,0,1.0,2.0,0,67,2.625
20,68,3,2,1,7,85,2,1,1,2,2.0,0,0,3,0,2.0,3.0,1,65,2.5
19,70,2,2,1,6,67,2,1,5,2,1.0,0,1,4,0,3.0,2.0,0,67,2.7142857142857144
19,81,3,2,0,7,100,2,1,1,1,2.0,1,-1,5,0,3.0,2.0,0,68,2.375
9,73,2,1,1,7,95,2,0,3,1,2.0,1,-1,3,0,3.0,1.0,1,62,1.125
17,94,3,2,1,7,78,2,1,1,1,3.0,0,0,3,0,2.0,1.0,0,70,2.125
21,79,1,3,1,7,82,2,1,1,3,2.0,0,-1,3,0,1.0,1.0,0,67,2.625
21,92,3,3,1,9,58,2,1,2,3,2.0,0,0,5,0,1.0,2.0,0,89,2.1
14,83,3,2,1,7,95,1,1,1,1,2.0,1,0,2,1,1.0,1.0,0,65,1.75
28,91,1,2,1,5,73,2,0,2,2,2.0,0,0,2,0,1.0,1.0,0,69,4.666666666666667
15,73,2,2,0,7,76,3,1,2,1,2.0,0,1,4,0,1.0,3.0,0,64,1.875
26,93,3,1,0,6,94,2,1,6,3,2.0,1,-1,4,0,1.0,1.0,0,74,3.7142857142857144
23,71,2,3,0,8,50,2,1,0,3,2.0,0,1,2,0,1.0,3.0,0,64,2.5555555555555554
16,82,1,3,0,7,75,2,1,0,1,2.0,0,-1,2,0,3.0,2.0,0,64,2.0
31,69,2,1,1,9,81,2,1,2,2,2.0,1,-1,2,0,2.0,1.0,1,67,3.1
13,79,1,1,1,6,58,3,1,2,2,2.0,0,1,4,0,2.0,2.0,1,63,1.8571428571428572
26,73,3,2,1,7,53,1,1,3,2,3.0,1,0,5,0,1.0,2.0,0,68,3.25
26,71,1,2,1,5,77,1,1,0,2,2.0,0,0,5,0,3.0,1.0,1,66,4.333333333333333
16,99,1,3,1,7,77,3,1,0,1,2.0,0,0,3,1,1.0,2.0,0,68,2.0
28,66,2,3,0,5,67,2,1,1,3,2.0,1,1,1,0,3.0,2.0,0,68,4.666666666666667
18,91,2,2,0,7,94,2,1,3,1,2.0,1,0,2,0,1.0,1.0,0,69,2.25
22,99,3,1,0,7,65,2,1,3,1,1.0,0,0,3,0,3.0,1.0,0,71,2.75
22,61,1,3,1,7,76,2,1,1,3,2.0,0,1,3,0,2.0,1.0,0,65,2.75
19,88,1,2,1,8,59,2,1,2,2,2.0,1,0,4,0,1.0,1.0,1,67,2.111111111111111
25,70,2,2,0,7,51,2,1,1,3,2.0,0,-1,4,0,2.0,1.0,0,65,3.125
25,62,3,2,0,5,71,2,1,0,1,3.0,1,1,4,0,1.0,2.0,1,65,4.166666666666667
10,76,2,1,0,6,76,2,1,1,3,3.0,0,-1,2,0,3.0,1.0,1,80,1.4285714285714286
28,97,2,2,1,7,88,3,1,2,2,2.0,0,0,2,0,1.0,2.0,1,74,3.5
10,60,2,2,0,7,72,1,0,3,2,1.0,0,1,3,0,1.0,1.0,1,59,1.25
26,84,2,2,0,7,64,1,1,2,3,3.0,0,0,3,0,1.0,1.0,1,69,3.25
27,80,2,1,1,9,80,2,1,0,3,2.0,0,0,2,1,1.0,2.0,1,66,2.7
13,95,2,2,1,7,69,2,1,1,1,1.0,0,1,2,1,3.0,2.0,0,66,1.625
18,63,3,3,0,8,62,2,1,2,3,2.0,0,1,4,0,1.0,1.0,0,65,2.0
13,87,3,2,1,4,96,1,1,3,1,1.0,0,0,3,1,2.0,1.0,1,67,2.6
19,87,3,3,0,8,77,1,1,3,1,2.0,1,0,4,0,1.0,2.0,1,69,2.111111111111111
18,87,2,1,1,10,60,3,1,2,2,2.0,0,1,3,0,1.0,1.0,0,68,1.6363636363636365
25,98,2,2,1,9,84,2,1,1,2,3.0,1,0,2,0,3.0,1.0,0,73,2.5
28,93,1,3,1,6,90,2,1,1,1,2.0,0,1,2,1,1.0,1.0,0,71,4.0
28,62,3,2,1,10,88,2,1,0,1,3.0,0,1,2,1,3.0,2.0,1,67,2.5454545454545454
17,79,2,2,1,7,80,1,1,1,3,3.0,0,1,3,0,2.0,1.0,0,67,2.125
19,76,3,1,0,7,76,2,1,0,3,3.0,0,0,2,0,3.0,1.0,1,66,2.375
10,72,2,1,0,7,89,2,1,3,2,2.0,0,-1,4,0,2.0,1.0,0,63,1.25
15,78,3,3,0,7,85,2,0,1,3,2.0,0,-1,1,0,1.0,3.0,1,65,1.875
26,75,2,1,1,4,79,2,1,2,3,2.0,0,-1,1,0,2.0,1.0,1,67,5.2
30,77,2,1,1,8,83,2,1,1,1,1.0,0,1,3,0,2.0,1.0,1,69,3.3333333333333335
13,99,2,2,1,7,58,2,1,1,1,2.0,0,0,2,0,1.0,1.0,1,67,1.625
16,64,3,2,1,7,51,3,1,4,3,3.0,0,0,3,0,2.0,1.0,1,66,2.0
20,97,3,3,1,7,97,1,1,2,2,3.0,1,0,4,0,1.0,2.0,0,74,2.5
22,79,3,2,0,6,97,2,0,2,3,2.0,0,1,2,0,2.0,2.0,0,69,3.142857142857143
15,85,1,2,1,7,89,3,1,0,2,2.0,0,-1,4,0,2.0,2.0,0,66,1.875
23,93,3,1,1,9,69,1,1,0,2,2.0,1,1,3,1,3.0,2.0,1,69,2.3
17,74,2,2,1,8,58,1,1,1,3,2.0,0,0,2,0,2.0,3.0,1,63,1.8888888888888888
20,77,2,1,1,7,68,2,0,0,2,3.0,1,1,3,0,2.0,1.0,0,65,2.5
23,76,1,2,0,7,86,1,0,1,1,2.0,1,1,4,0,2.0,3.0,1,64,2.875
20,75,1,2,0,7,67,3,1,0,2,2.0,1,0,4,0,1.0,1.0,1,64,2.5
17,97,1,3,1,6,90,1,1,2,2,1.0,0,-1,2,0,1.0,2.0,1,69,2.4285714285714284
19,93,3,3,0,7,84,2,1,5,1,3.0,0,-1,3,0,1.0,1.0,0,73,2.375
19,64,2,2,1,8,81,3,1,1,2,2.0,0,-1,3,1,1.0,2.0,1,62,2.111111111111111
18,64,1,1,1,7,97,1,1,2,2,1.0,1,0,4,0,2.0,1.0,1,62,2.25
18,77,2,2,1,6,95,3,1,0,2,3.0,1,1,2,0,3.0,2.0,0,68,2.5714285714285716
30,64,2,2,0,7,86,1,1,1,2,2.0,1,1,3,0,3.0,3.0,0,66,3.75
23,85,1,3,1,8,60,3,1,2,2,2.0,0,1,1,1,2.0,2.0,0,68,2.5555555555555554
18,66,1,3,1,5,97,2,1,4,2,2.0,0,0,4,0,1.0,2.0,1,66,3.0
24,81,1,2,1,6,61,1,1,3,2,2.0,0,1,3,0,3.0,1.0,1,69,3.4285714285714284
18,60,2,2,1,5,69,2,1,0,2,2.0,0,0,2,0,3.0,1.0,0,62,3.0
27,73,1,2,0,7,91,2,1,2,3,2.0,0,0,4,0,2.0,3.0,0,68,3.375
22,87,2,2,0,8,60,1,1,2,2,3.0,0,-1,2,0,2.0,2.0,1,67,2.4444444444444446
19,79,1,2,0,9,82,2,1,1,1,2.0,1,0,4,0,1.0,1.0,1,65,1.9
23,99,1,2,0,9,73,2,1,0,1,2.0,0,-1,4,0,2.0,1.0,1,69,2.3
11,95,2,2,0,6,81,3,1,2,1,1.0,0,1,3,0,1.0,1.0,1,67,1.5714285714285714
13,74,1,1,1,7,98,3,1,0,2,2.0,0,1,3,0,3.0,1.0,0,64,1.625
13,62,1,2,1,6,90,2,0,3,3,3.0,1,0,3,1,3.0,1.0,0,62,1.8571428571428572
21,94,2,2,1,9,65,1,1,5,3,3.0,1,0,3,1,1.0,1.0,1,71,2.1
30,96,2,3,1,9,53,2,0,0,2,2.0,1,0,3,0,1.0,1.0,1,72,3.0
33,93,3,3,1,7,98,1,1,0,2,2.0,0,-1,2,1,1.0,1.0,0,74,4.125
24,65,1,3,0,6,79,1,1,1,2,3.0,0,0,2,0,3.0,1.0,1,66,3.4285714285714284
23,100,3,1,1,4,59,2,1,2,2,2.0,0,1,4,0,1.0,1.0,0,72,4.6
9,70,3,2,0,5,81,2,1,1,3,3.0,1,0,4,0,3.0,1.0,0,65,1.5
17,89,3,2,1,4,52,3,1,0,1,2.0,0,1,3,0,2.0,3.0,0,67,3.4
15,96,2,3,1,5,59,3,1,2,2,3.0,1,0,2,0,1.0,1.0,1,70,2.5
16,69,3,2,1,10,82,2,1,0,1,3.0,0,-1,1,1,1.0,2.0,1,62,1.4545454545454546
19,96,1,1,1,5,70,3,1,0,1,2.0,0,1,2,0,1.0,3.0,1,66,3.1666666666666665
17,72,1,2,1,5,66,2,1,2,3,3.0,0,-1,3,0,2.0,1.0,1,65,2.8333333333333335
8,99,1,3,1,6,83,3,1,2,2,3.0,0,1,4,1,3.0,1.0,1,70,1.1428571428571428
24,71,3,3,1,10,93,1,1,2,2,2.0,1,1,2,1,2.0,1.0,0,69,2.1818181818181817
14,98,2,2,1,7,84,1,1,3,3,2.0,0,0,3,0,1.0,1.0,0,70,1.75
21,62,3,3,0,8,73,2,1,2,3,2.0,1,-1,2,0,2.0,1.0,0,66,2.3333333333333335
32,88,2,1,1,7,83,1,1,1,1,3.0,1,1,4,0,3.0,1.0,1,73,4.0
14,81,3,2,0,4,85,1,1,3,2,3.0,0,1,4,0,3.0,2.0,0,69,2.8
5,79,3,3,1,9,89,1,1,3,2,2.0,1,0,3,0,2.0,1.0,0,66,0.5
18,69,3,2,1,8,65,2,1,4,2,2.0,0,0,4,0,1.0,3.0,1,65,2.0
27,88,2,1,0,7,56,3,1,2,1,2.0,0,0,4,0,3.0,1.0,0,70,3.375
32,68,3,3,0,10,84,2,1,0,2,3.0,1,1,2,0,3.0,3.0,1,70,2.909090909090909
13,82,3,2,0,6,56,3,1,2,1,3.0,0,0,4,0,3.0,1.0,1,67,1.8571428571428572
23,70,2,3,1,7,73,3,1,1,1,2.0,1,1,3,0,3.0,1.0,1,68,2.875
17,98,2,1,1,6,62,1,1,1,2,2.0,1,0,2,0,2.0,1.0,0,68,2.4285714285714284
19,61,3,2,0,9,67,2,1,0,1,2.0,0,-1,2,0,2.0,3.0,0,61,1.9
36,68,2,2,1,8,74,3,1,2,2,2.0,0,-1,3,0,1.0,1.0,1,70,4.0
11,70,3,3,0,7,95,3,1,0,1,3.0,0,-1,5,0,2.0,2.0,1,65,1.375
22,77,1,2,1,5,84,2,0,3,3,2.0,0,1,2,0,1.0,2.0,1,66,3.6666666666666665
23,69,2,2,1,6,59,2,1,3,3,2.0,0,0,3,0,3.0,2.0,1,67,3.2857142857142856
27,80,1,1,1,5,94,3,1,3,3,2.0,0,-1,3,0,1.0,1.0,1,69,4.5
21,95,2,3,0,9,75,2,1,1,1,2.0,0,0,2,0,2.0,3.0,1,69,2.1
22,88,2,2,1,5,60,1,1,1,1,2.0,0,0,2,0,1.0,2.0,1,67,3.6666666666666665
18,83,3,1,0,9,76,2,1,0,2,1.0,1,0,4,0,1.0,1.0,0,66,1.8
22,64,1,2,1,9,60,2,1,1,3,3.0,1,0,2,0,1.0,1.0,1,63,2.2
18,88,3,2,0,6,68,1,1,0,2,3.0,0,0,4,0,1.0,3.0,0,67,2.5714285714285716
24,67,3,1,1,6,90,2,1,0,1,2.0,0,0,1,0,2.0,3.0,1,64,3.4285714285714284
18,91,2,1,0,6,83,2,1,2,1,2.0,1,0,4,0,1.0,1.0,1,68,2.5714285714285716
22,70,2,3,1,8,74,1,1,2,1,3.0,0,-1,2,0,1.0,2.0,1,65,2.4444444444444446
20,77,2,1,0,9,61,2,1,2,2,2.0,0,0,3,0,1.0,1.0,1,65,2.0
27,74,2,1,1,9,64,3,0,1,1,2.0,0,0,3,0,1.0,1.0,1,65,2.7
20,94,1,2,1,6,99,2,1,0,2,2.0,0,-1,4,0,2.0,1.0,0,70,2.857142857142857
9,65,2,3,1,9,67,2,1,1,3,2.0,0,0,3,0,1.0,1.0,0,62,0.9
28,83,3,1,0,9,81,2,1,0,1,2.0,0,0,4,0,1.0,2.0,1,68,2.8
15,66,1,3,1,7,75,1,1,0,3,3.0,0,-1,3,0,2.0,1.0,1,62,1.875
16,88,2,3,1,7,51,2,1,0,2,2.0,0,1,3,0,2.0,1.0,0,68,2.0
16,96,3,2,1,9,97,2,1,0,2,3.0,1,0,5,0,2.0,1.0,1,72,1.6
28,77,3,2,1,9,54,1,1,1,3,2.0,0,1,3,0,3.0,1.0,0,70,2.8
7,80,3,2,0,9,83,1,0,3,2,2.0,0,0,3,0,1.0,3.0,0,62,0.7
39,97,3,3,1,10,91,2,1,2,1,2.0,0,1,3,0,1.0,2.0,0,79,3.5454545454545454
26,81,2,3,1,8,87,2,1,2,3,3.0,0,0,1,0,3.0,1.0,1,73,2.888888888888889
21,80,3,3,1,7,90,3,1,1,1,1.0,0,-1,2,0,2.0,3.0,1,68,2.625
20,83,3,2,1,9,87,1,1,0,3,2.0,0,0,2,0,1.0,1.0,1,68,2.0
22,88,2,2,1,10,72,2,1,2,1,3.0,0,0,2,0,1.0,2.0,0,69,2.0
23,64,2,1,1,6,95,3,1,1,1,2.0,0,1,2,1,2.0,3.0,0,63,3.2857142857142856
24,93,2,2,1,7,96,2,0,5,3,2.0,0,-1,4,0,3.0,1.0,0,74,3.0
23,77,2,2,1,5,72,2,1,2,3,3.0,0,-1,5,0,2.0,2.0,0,69,3.8333333333333335
21,63,2,1,0,8,74,2,1,0,1,2.0,0,-1,3,0,1.0,1.0,0,61,2.3333333333333335
19,91,2,1,1,8,74,1,1,4,2,2.0,0,0,2,1,3.0,1.0,0,69,2.111111111111111
19,75,2,1,0,6,64,3,1,2,1,2.0,0,0,3,0,1.0,1.0,0,64,2.7142857142857144
19,64,2,2,1,9,56,1,1,2,1,2.0,0,1,4,0,3.0,3.0,0,63,1.9
27,85,1,3,0,6,63,1,1,1,1,2.0,0,-1,2,0,2.0,1.0,1,68,3.857142857142857
24,95,3,2,1,6,92,2,1,2,1,2.0,0,0,3,0,1.0,3.0,1,72,3.4285714285714284
2,96,1,3,1,9,77,2,1,3,2,2.0,0,0,2,0,1.0,3.0,0,65,0.2
24,98,1,1,0,6,93,1,0,2,1,1.0,0,1,4,0,2.0,1.0,1,69,3.4285714285714284
21,95,2,1,0,5,87,1,1,2,2,2.0,1,0,4,0,1.0,1.0,1,70,3.5
20,60,2,2,1,8,67,1,1,1,2,2.0,0,0,4,0,3.0,2.0,0,63,2.2222222222222223
18,75,1,2,1,7,59,1,1,0,2,2.0,0,1,2,1,1.0,1.0,0,62,2.25
27,93,2,2,1,9,78,1,1,1,1,2.0,0,1,2,0,3.0,1.0,0,72,2.7
26,75,3,3,0,8,97,2,1,1,1,2.0,0,0,4,0,1.0,3.0,1,69,2.888888888888889
15,84,2,2,0,4,92,1,1,2,2,2.0,0,-1,3,0,1.0,2.0,0,66,3.0
22,84,2,2,1,9,88,2,1,2,1,3.0,1,0,4,0,3.0,1.0,1,71,2.2
14,75,1,1,0,10,88,2,1,2,1,2.0,1,-1,3,0,2.0,2.0,0,62,1.2727272727272727
12,96,2,1,1,9,76,2,1,2,2,3.0,0,1,2,0,1.0,1.0,1,68,1.2
16,80,3,1,0,9,58,1,1,0,2,2.0,0,0,2,0,1.0,1.0,0,63,1.6
25,79,2,2,1,7,64,2,1,0,1,2.0,0,0,3,0,2.0,3.0,0,66,3.125
26,100,3,2,1,6,79,3,1,1,2,3.0,0,1,3,0,2.0,2.0,1,75,3.7142857142857144
23,80,2,1,1,7,66,3,1,1,3,3.0,1,1,4,0,2.0,1.0,0,69,2.875
24,67,3,2,0,8,89,2,1,2,3,1.0,1,1,3,0,1.0,1.0,0,68,2.6666666666666665
23,81,3,2,0,8,69,2,1,5,2,2.0,0,-1,2,0,1.0,2.0,1,69,2.5555555555555554
16,93,3,1,0,6,56,2,1,2,1,2.0,0,1,4,0,1.0,1.0,1,67,2.2857142857142856
23,91,3,2,1,6,89,2,1,3,2,2.0,1,-1,3,0,3.0,1.0,1,73,3.2857142857142856
25,92,2,3,1,5,85,1,1,1,1,2.0,0,-1,1,0,2.0,1.0,1,71,4.166666666666667
25,88,3,2,1,8,63,2,1,2,3,2.0,0,1,3,0,1.0,2.0,0,71,2.7777777777777777
27,70,2,2,0,6,99,3,1,2,1,2.0,1,0,2,0,1.0,1.0,0,68,3.857142857142857
24,94,3,1,0,7,70,2,1,1,3,2.0,0,0,1,0,1.0,1.0,1,70,3.0
22,96,1,3,1,10,84,1,1,1,3,3.0,0,-1,3,0,1.0,1.0,1,71,2.0
26,68,2,3,0,8,96,3,1,1,2,3.0,0,0,2,0,1.0,1.0,1,69,2.888888888888889
20,65,3,2,0,7,58,2,0,3,1,2.0,1,0,4,0,1.0,1.0,1,63,2.5
15,99,1,2,1,8,94,2,1,2,2,2.0,1,0,3,0,3.0,1.0,1,71,1.6666666666666667
19,95,2,2,1,9,85,2,0,2,1,2.0,0,-1,3,0,2.0,1.0,1,69,1.9
16,96,3,2,1,5,58,2,1,2,3,1.0,0,1,5,0,3.0,2.0,1,71,2.6666666666666665
16,95,2,1,0,6,83,1,1,2,1,3.0,1,0,3,0,1.0,1.0,0,68,2.2857142857142856
19,82,2,2,0,7,94,2,1,1,2,2.0,0,1,3,0,1.0,1.0,0,68,2.375
15,86,2,1,0,6,90,2,1,0,2,3.0,0,0,3,0,3.0,3.0,1,66,2.142857142857143
18,82,2,2,0,7,88,2,1,3,1,2.0,0,-1,3,0,2.0,2.0,0,67,2.25
9,62,1,3,1,5,58,1,1,0,2,3.0,1,1,5,0,2.0,2.0,0,59,1.5
21,90,1,2,0,8,60,2,1,1,1,2.0,0,-1,2,0,2.0,1.0,0,66,2.3333333333333335
20,80,1,1,0,6,77,1,1,0,2,3.0,1,-1,3,0,1.0,1.0,1,64,2.857142857142857
15,86,2,2,0,7,79,2,1,1,1,2.0,0,0,3,1,1.0,2.0,0,64,1.875
24,80,2,3,1,7,97,2,1,0,1,3.0,1,0,4,0,1.0,2.0,0,69,3.0
26,80,3,1,0,8,73,3,1,1,2,2.0,0,0,3,0,1.0,1.0,1,69,2.888888888888889
10,67,2,2,0,4,65,2,0,3,2,2.0,0,1,3,0,1.0,1.0,1,61,2.0
15,71,3,3,0,8,60,2,1,0,1,3.0,1,-1,3,0,1.0,3.0,0,62,1.6666666666666667
15,66,1,2,0,7,53,2,1,2,2,3.0,0,-1,3,0,2.0,1.0,0,61,1.875
14,68,2,2,1,8,53,3,1,1,2,3.0,1,1,2,0,2.0,1.0,0,63,1.5555555555555556
25,99,2,1,0,5,79,1,1,2,1,2.0,0,1,4,0,2.0,1.0,0,71,4.166666666666667
19,66,3,3,1,8,59,2,1,1,2,1.0,0,1,2,0,3.0,2.0,0,65,2.111111111111111
18,71,3,3,1,9,93,2,1,1,1,3.0,1,0,4,0,2.0,2.0,1,68,1.8
8,84,3,3,0,7,80,2,1,1,3,3.0,0,1,4,0,1.0,2.0,1,67,1.0
24,84,1,3,1,6,93,3,1,2,1,2.0,0,0,1,0,1.0,1.0,0,70,3.4285714285714284
13,66,3,2,1,6,71,2,1,3,2,2.0,0,0,3,0,1.0,1.0,1,64,1.8571428571428572
20,92,2,3,0,8,80,3,1,0,2,2.0,1,0,3,0,2.0,1.0,1,71,2.2222222222222223
22,91,3,2,1,8,76,1,1,2,2,2.0,0,0,3,0,2.0,2.0,0,71,2.4444444444444446
28,69,2,3,0,8,99,1,1,0,3,2.0,1,-1,3,0,1.0,2.0,0,67,3.111111111111111
12,72,2,1,1,7,90,2,1,0,3,2.0,0,1,3,0,3.0,3.0,1,63,1.5
2,98,1,3,1,7,80,3,1,2,1,3.0,0,0,1,0,1.0,1.0,1,66,0.25
21,93,2,1,1,7,80,2,1,3,3,2.0,0,0,1,0,1.0,2.0,1,70,2.625
31,88,2,1,0,6,62,2,1,2,1,2.0,1,1,4,0,1.0,1.0,1,70,4.428571428571429
27,63,1,2,1,8,87,2,1,3,1,3.0,1,1,3,0,1.0,1.0,0,67,3.0
21,77,1,2,0,7,99,3,1,3,2,3.0,0,0,3,0,3.0,1.0,1,69,2.625
17,82,3,1,0,9,56,1,1,3,3,2.0,0,1,2,0,1.0,1.0,0,66,1.7
25,67,2,3,0,9,82,2,1,1,2,2.0,0,1,3,0,3.0,3.0,0,67,2.5
14,78,3,2,1,7,76,2,1,0,3,2.0,0,-1,2,1,2.0,1.0,0,65,1.75
23,84,3,3,1,8,93,2,1,1,3,2.0,0,1,3,0,3.0,3.0,1,72,2.5555555555555554
23,73,3,3,0,6,50,2,1,1,2,2.0,0,1,3,0,2.0,1.0,1,68,3.2857142857142856
26,91,3,2,1,7,57,1,1,3,2,2.0,0,-1,3,0,2.0,1.0,1,72,3.25
37,94,3,2,1,8,52,3,1,1,1,2.0,1,1,3,0,3.0,1.0,1,76,4.111111111111111
22,73,2,1,1,5,58,2,1,4,1,2.0,0,1,3,1,2.0,1.0,0,65,3.6666666666666665
17,94,1,2,0,8,85,2,1,1,2,1.0,0,1,4,0,1.0,1.0,1,68,1.8888888888888888
20,64,2,2,1,6,57,2,1,3,1,3.0,0,0,4,0,2.0,1.0,0,65,2.857142857142857
9,94,2,2,1,6,81,1,1,0,1,3.0,0,1,3,0,1.0,1.0,1,66,1.2857142857142858
16,66,1,2,0,6,93,2,1,7,1,2.0,0,-1,2,0,1.0,3.0,1,63,2.2857142857142856
18,63,2,1,0,7,52,2,1,2,3,3.0,0,1,3,0,3.0,2.0,0,63,2.25
17,86,2,2,1,5,51,2,1,2,1,2.0,1,0,2,0,3.0,2.0,1,66,2.8333333333333335
21,79,3,1,1,8,99,2,1,2,1,3.0,0,1,4,0,1.0,1.0,1,69,2.3333333333333335
15,96,2,3,1,7,84,3,1,3,2,1.0,0,1,1,0,3.0,1.0,1,72,1.875
27,75,2,1,1,10,57,2,1,3,3,1.0,0,-1,3,0,1.0,1.0,1,66,2.4545454545454546
20,71,2,2,1,7,65,2,0,2,2,2.0,0,-1,4,0,1.0,2.0,0,64,2.5
20,80,2,1,1,8,99,1,1,0,1,3.0,1,1,3,0,1.0,1.0,1,67,2.2222222222222223
18,78,3,3,1,6,61,1,1,1,1,2.0,1,1,5,0,1.0,1.0,1,67,2.5714285714285716
21,74,1,2,1,5,88,2,1,1,2,3.0,0,0,1,0,2.0,1.0,1,66,3.5
25,88,2,1,1,8,62,1,1,2,1,2.0,0,0,2,0,1.0,1.0,0,68,2.7777777777777777
15,90,2,2,0,5,70,2,1,0,2,2.0,1,0,2,0,1.0,2.0,1,65,2.5
16,94,2,3,1,8,94,3,1,2,1,3.0,1,-1,3,0,1.0,1.0,1,71,1.7777777777777777
18,99,2,3,1,10,51,2,1,1,2,1.0,0,0,4,0,3.0,1.0,1,71,1.6363636363636365
12,71,2,2,1,8,65,2,1,1,2,3.0,1,0,2,0,1.0,2.0,1,62,1.3333333333333333
15,89,2,3,1,8,74,1,1,2,2,3.0,0,1,2,0,2.0,1.0,1,69,1.6666666666666667
17,76,2,1,0,7,81,1,1,4,3,2.0,1,0,2,0,1.0,1.0,1,65,2.125
25,87,3,1,0,6,51,1,1,3,2,2.0,0,0,3,0,3.0,1.0,1,70,3.5714285714285716
22,79,2,2,1,7,71,2,1,2,1,2.0,1,0,2,0,2.0,2.0,1,66,2.75
21,100,2,2,0,6,67,2,1,0,3,2.0,0,1,3,0,1.0,3.0,1,70,3.0
25,89,2,3,0,5,51,1,1,2,2,3.0,1,-1,2,0,3.0,2.0,0,70,4.166666666666667
19,98,1,3,1,7,68,2,1,1,1,2.0,1,0,4,0,1.0,2.0,0,69,2.375
22,93,3,1,1,9,97,2,1,2,2,2.0,0,0,3,1,1.0,1.0,1,71,2.2
19,96,2,2,0,5,64,2,1,1,2,2.0,0,0,3,0,1.0,1.0,1,69,3.1666666666666665
22,93,3,2,0,9,79,2,1,2,2,3.0,0,1,2,0,3.0,1.0,0,73,2.2
17,78,2,2,1,9,65,1,1,1,2,3.0,0,0,4,0,1.0,2.0,0,65,1.7
5,70,3,3,1,8,55,2,1,3,1,2.0,0,0,3,0,1.0,1.0,1,62,0.5555555555555556
19,75,2,3,0,8,64,2,1,2,3,1.0,0,-1,5,0,3.0,2.0,0,67,2.111111111111111
29,61,1,2,1,7,74,3,1,1,2,2.0,0,0,3,0,3.0,2.0,1,65,3.625
26,81,1,2,0,7,65,1,1,1,2,2.0,0,0,3,0,1.0,3.0,1,65,3.25
26,80,2,3,1,6,81,2,1,0,2,2.0,0,0,2,0,2.0,1.0,0,70,3.7142857142857144
27,81,2,2,1,7,97,1,1,1,2,2.0,0,0,2,0,2.0,1.0,0,70,3.375
21,99,2,3,1,7,53,2,1,0,2,1.0,0,0,4,0,3.0,1.0,0,71,2.625
21,96,3,1,0,10,86,1,1,1,1,3.0,0,0,3,0,2.0,1.0,1,71,1.9090909090909092
16,66,2,2,1,8,50,1,1,1,2,3.0,0,0,4,0,1.0,2.0,1,62,1.7777777777777777
18,75,2,1,0,7,50,2,1,4,1,2.0,0,1,2,0,3.0,1.0,0,65,2.25
24,77,3,2,1,7,57,2,1,3,2,3.0,0,1,2,0,2.0,3.0,1,84,3.0
27,74,2,2,1,6,74,2,1,2,2,3.0,0,0,2,0,2.0,3.0,1,68,3.857142857142857
19,92,3,2,1,6,52,2,1,3,3,2.0,0,1,1,0,1.0,1.0,1,70,2.7142857142857144
17,81,2,3,0,8,86,2,1,1,2,2.0,1,0,3,0,3.0,1.0,1,68,1.8888888888888888
20,83,2,2,0,6,51,2,1,2,1,3.0,0,-1,4,0,3.0,1.0,1,67,2.857142857142857
24,94,1,2,1,6,75,1,1,1,1,3.0,0,-1,4,0,1.0,1.0,0,69,3.4285714285714284
11,92,3,3,1,6,84,2,1,2,1,1.0,0,-1,1,0,1.0,1.0,0,68,1.5714285714285714
6,65,3,3,0,6,62,2,0,3,1,1.0,0,0,1,0,1.0,1.0,1,59,0.8571428571428571
17,89,3,1,1,9,79,2,0,0,2,2.0,0,1,2,0,2.0,1.0,0,67,1.7
13,77,2,3,1,7,63,1,1,0,3,1.0,0,1,1,0,1.0,2.0,1,63,1.625
17,72,3,3,1,7,61,1,1,1,2,2.0,0,-1,4,0,1.0,1.0,0,65,2.125
19,62,2,2,0,7,91,1,1,1,1,2.0,0,1,3,0,2.0,1.0,1,63,2.375
17,79,2,2,0,7,67,1,1,1,1,2.0,1,1,3,0,1.0,1.0,0,64,2.125
29,74,3,2,1,6,91,3,1,3,1,3.0,0,1,4,0,2.0,3.0,0,72,4.142857142857143
22,70,1,2,1,5,61,3,1,1,1,2.0,0,-1,3,0,2.0,2.0,1,63,3.6666666666666665
22,88,2,2,0,9,68,2,0,2,2,2.0,0,0,2,1,1.0,1.0,1,66,2.2
24,91,2,2,1,8,55,1,1,0,2,1.0,1,0,2,0,2.0,2.0,0,67,2.6666666666666665
13,70,3,3,1,8,75,3,1,1,3,2.0,0,1,2,1,3.0,2.0,1,66,1.4444444444444444
26,62,2,2,1,8,69,2,1,2,2,3.0,0,1,3,0,2.0,2.0,0,66,2.888888888888889
20,94,2,2,1,10,50,1,1,1,1,3.0,1,-1,4,1,3.0,1.0,0,68,1.8181818181818181
24,60,3,3,0,6,73,2,1,1,1,2.0,1,1,5,0,3.0,2.0,1,66,3.4285714285714284
14,97,2,2,1,5,54,2,1,3,2,2.0,0,-1,2,0,2.0,1.0,0,68,2.3333333333333335
11,85,2,2,1,8,92,1,1,2,2,2.0,0,-1,4,0,1.0,3.0,0,65,1.2222222222222223
25,73,2,2,1,5,75,1,1,0,2,2.0,1,1,2,0,2.0,1.0,0,67,4.166666666666667
22,70,3,1,0,7,85,2,1,0,3,2.0,1,-1,3,0,1.0,3.0,1,64,2.75
15,60,1,3,0,7,91,1,1,0,1,2.0,1,-1,2,0,2.0,3.0,1,59,1.875
15,69,2,2,1,8,53,1,0,0,3,2.0,1,-1,3,0,1.0,1.0,1,60,1.6666666666666667
27,66,1,3,0,6,67,1,1,1,3,3.0,0,-1,4,0,2.0,3.0,0,65,3.857142857142857
13,84,2,2,1,9,51,3,1,0,1,2.0,0,-1,4,0,1.0,1.0,0,64,1.3
30,67,2,3,0,6,52,2,1,1,1,2.0,0,0,1,0,1.0,1.0,0,66,4.285714285714286
15,81,2,2,1,8,52,2,1,0,2,2.0,0,0,2,0,3.0,1.0,1,65,1.6666666666666667
24,84,2,2,1,6,74,2,1,2,2,3.0,0,1,2,0,1.0,3.0,1,69,3.4285714285714284
18,72,3,3,1,8,73,2,1,0,2,2.0,1,1,4,1,1.0,1.0,0,66,2.0
24,61,3,2,1,5,53,2,1,1,1,3.0,1,0,5,0,2.0,1.0,0,65,4.0
17,61,3,2,0,7,63,1,1,1,2,2.0,0,1,4,0,2.0,2.0,0,62,2.125
19,61,2,1,0,9,62,2,1,2,2,2.0,0,0,2,0,1.0,3.0,0,60,1.9
20,90,1,2,0,7,65,1,0,4,1,3.0,0,1,4,0,2.0,2.0,0,68,2.5
14,73,2,3,1,9,82,2,1,1,2,2.0,0,-1,3,0,1.0,1.0,0,64,1.4
24,92,3,3,0,7,85,3,1,0,2,2.0,0,1,3,0,2.0,1.0,0,73,3.0
17,77,2,2,1,6,67,1,1,1,1,2.0,0,1,1,0,2.0,1.0,1,64,2.4285714285714284
19,78,3,3,0,7,89,2,1,2,2,2.0,0,0,4,0,1.0,2.0,0,69,2.375
14,81,1,2,0,8,71,1,1,1,1,3.0,0,0,3,1,3.0,1.0,0,63,1.5555555555555556
5,89,2,2,1,4,76,3,1,2,2,2.0,0,0,3,0,2.0,1.0,1,65,1.0
19,71,2,2,0,8,57,2,1,2,2,3.0,0,1,4,0,1.0,2.0,1,65,2.111111111111111
34,65,2,2,1,6,62,3,1,0,2,3.0,0,-1,3,0,1.0,1.0,1,67,4.857142857142857
25,82,2,2,1,5,86,2,0,0,1,1.0,0,1,4,0,1.0,1.0,1,67,4.166666666666667
20,73,2,2,0,8,99,1,1,1,2,2.0,1,1,3,0,1.0,1.0,1,66,2.2222222222222223
18,78,2,3,1,9,85,3,1,1,1,3.0,1,-1,2,0,3.0,1.0,1,68,1.8
20,86,2,1,1,7,53,2,1,1,1,3.0,0,-1,2,0,1.0,1.0,1,65,2.5
23,80,1,1,1,5,57,2,1,1,1,2.0,0,0,4,0,3.0,1.0,1,66,3.8333333333333335
13,85,3,1,1,6,72,2,1,2,1,2.0,0,1,1,0,2.0,2.0,0,66,1.8571428571428572
27,82,2,2,1,6,87,1,0,2,1,3.0,0,1,2,0,1.0,1.0,1,69,3.857142857142857
24,90,2,2,0,7,58,2,1,2,1,2.0,1,0,2,0,3.0,1.0,1,70,3.0
24,88,2,1,1,7,88,2,1,2,2,3.0,1,0,2,0,3.0,2.0,1,71,3.0
23,81,3,2,0,8,78,3,1,4,1,1.0,0,1,3,0,1.0,2.0,1,70,2.5555555555555554
20,87,2,2,0,8,89,1,1,2,2,2.0,0,0,3,0,1.0,2.0,1,68,2.2222222222222223
24,95,3,3,1,8,78,2,1,2,1,3.0,0,-1,2,0,3.0,3.0,0,73,2.6666666666666665
24,77,2,3,0,8,80,3,1,1,1,3.0,0,1,2,1,1.0,2.0,0,68,2.6666666666666665
18,77,2,2,1,7,62,1,1,2,3,2.0,1,0,4,0,2.0,1.0,1,66,2.25
17,91,2,1,1,10,86,1,1,1,2,2.0,0,0,3,1,3.0,2.0,0,67,1.5454545454545454
21,83,2,1,1,8,92,1,1,2,2,2.0,1,-1,4,1,1.0,1.0,1,66,2.3333333333333335
29,63,2,3,1,8,94,2,1,0,2,3.0,1,1,2,0,3.0,1.0,0,69,3.2222222222222223
13,96,2,2,0,10,51,2,1,1,1,1.0,0,1,3,0,3.0,1.0,0,67,1.1818181818181819
11,61,2,1,1,7,81,3,1,5,2,1.0,0,1,4,1,1.0,1.0,1,61,1.375
21,90,2,2,0,6,99,2,1,2,1,2.0,1,-1,3,0,2.0,1.0,0,70,3.0
20,90,3,3,0,9,79,2,1,2,1,2.0,0,-1,2,0,1.0,1.0,0,70,2.0
21,98,2,2,1,9,59,3,0,3,2,2.0,0,0,3,1,2.0,1.0,0,70,2.1
21,62,2,2,0,7,94,1,1,1,1,3.0,1,1,3,0,2.0,2.0,0,64,2.625
19,84,3,2,0,10,63,2,1,0,1,2.0,0,-1,3,0,2.0,3.0,0,65,1.7272727272727273
29,77,2,2,0,7,52,2,1,5,1,2.0,0,1,4,0,2.0,1.0,0,70,3.625
10,73,1,3,1,8,72,1,1,1,1,3.0,0,1,2,0,2.0,2.0,0,62,1.1111111111111112
15,64,3,3,1,9,55,3,1,1,2,1.0,0,0,3,0,2.0,1.0,0,64,1.5
19,83,2,3,1,7,56,2,1,1,2,1.0,1,1,3,0,2.0,3.0,0,67,2.375
10,79,3,2,0,8,73,3,0,1,1,1.0,0,0,4,0,1.0,1.0,0,63,1.1111111111111112
19,64,1,2,1,9,81,3,1,0,2,3.0,0,0,3,1,1.0,1.0,1,62,1.9
30,84,1,2,0,6,95,2,1,2,3,3.0,0,-1,2,0,2.0,1.0,1,72,4.285714285714286
20,90,1,2,0,6,85,3,0,3,1,3.0,1,0,2,0,2.0,1.0,1,69,2.857142857142857
21,91,2,3,1,9,92,2,1,5,1,2.0,1,-1,2,0,1.0,1.0,1,72,2.1
12,96,1,2,1,7,71,3,1,2,2,2.0,1,1,2,0,2.0,1.0,1,68,1.5
16,76,1,2,0,6,66,1,1,1,2,2.0,1,0,3,0,3.0,1.0,0,64,2.2857142857142856
18,98,3,3,1,7,80,1,1,3,1,2.0,1,0,1,0,2.0,1.0,0,72,2.25
18,95,3,3,1,8,85,1,1,2,1,3.0,0,1,3,0,2.0,1.0,0,73,2.0
28,72,3,2,1,5,78,1,0,5,2,1.0,1,-1,2,0,2.0,3.0,1,67,4.666666666666667
23,66,3,1,1,8,63,2,1,0,1,2.0,0,-1,4,0,2.0,1.0,0,64,2.5555555555555554
13,77,2,2,1,8,68,1,1,3,3,2.0,1,0,3,0,1.0,1.0,0,65,1.4444444444444444
21,76,3,3,1,9,72,1,1,1,1,3.0,0,0,3,0,1.0,2.0,0,67,2.1
23,83,2,2,1,7,51,1,1,3,2,3.0,0,0,2,0,2.0,2.0,1,68,2.875
27,83,2,3,1,9,94,2,1,2,1,3.0,0,1,2,0,1.0,1.0,1,72,2.7
29,90,3,1,1,7,76,1,1,1,2,1.0,0,1,3,0,1.0,2.0,0,71,3.625
14,80,2,2,1,7,88,2,1,1,2,2.0,1,0,3,0,1.0,1.0,1,66,1.75
15,64,3,2,0,7,59,1,1,0,1,2.0,0,0,3,1,1.0,1.0,0,59,1.875
12,94,2,2,1,10,78,2,1,1,2,3.0,0,0,2,0,1.0,1.0,0,68,1.0909090909090908
19,72,1,3,1,5,96,1,0,3,1,1.0,0,1,2,0,1.0,2.0,0,64,3.1666666666666665
23,99,1,2,0,8,61,1,1,2,3,3.0,1,1,3,1,1.0,1.0,0,70,2.5555555555555554
26,65,1,2,1,7,67,2,1,4,3,2.0,1,-1,3,0,1.0,2.0,0,65,3.25
20,98,3,2,1,7,69,3,0,2,3,3.0,0,-1,2,0,2.0,1.0,0,72,2.5
18,64,3,3,0,8,69,2,1,3,3,2.0,0,1,3,0,2.0,2.0,1,66,2.0
21,69,2,2,1,9,80,3,1,2,2,3.0,0,1,5,0,2.0,1.0,1,68,2.1
15,62,2,3,0,8,70,2,1,1,1,2.0,1,1,3,0,2.0,1.0,1,62,1.6666666666666667
33,88,2,1,0,9,84,2,1,1,1,2.0,0,-1,3,0,1.0,1.0,1,70,3.3
10,94,3,2,1,7,74,3,1,3,3,2.0,0,1,3,0,2.0,2.0,1,70,1.25
21,77,2,1,1,7,58,2,1,0,1,3.0,0,-1,3,0,2.0,1.0,1,64,2.625
32,97,3,1,1,5,97,1,1,1,1,3.0,0,1,5,0,2.0,2.0,0,76,5.333333333333333
20,84,2,2,1,10,62,3,1,1,2,2.0,0,0,2,0,2.0,2.0,1,67,1.8181818181818181
19,85,3,3,0,7,78,1,1,2,1,3.0,1,-1,3,0,2.0,1.0,1,69,2.375
18,94,2,1,1,7,53,2,1,4,2,3.0,0,1,3,0,1.0,3.0,0,68,2.25
19,72,2,2,1,8,96,1,1,1,2,3.0,0,1,2,0,3.0,2.0,0,67,2.111111111111111
28,74,2,2,1,9,96,1,1,0,3,3.0,1,0,3,0,1.0,1.0,0,69,2.8
7,96,3,2,1,6,68,2,1,2,1,3.0,0,0,1,0,1.0,1.0,0,67,1.0
29,96,3,3,1,9,56,1,1,0,1,3.0,1,0,4,0,1.0,1.0,1,73,2.9
11,99,2,3,1,7,88,3,0,4,2,1.0,1,0,3,0,2.0,1.0,1,71,1.375
18,96,2,1,0,9,63,2,1,4,1,2.0,1,0,3,0,3.0,1.0,1,70,1.8
17,65,3,2,1,6,85,2,1,1,1,2.0,1,0,3,0,1.0,1.0,1,65,2.4285714285714284
24,93,3,2,1,8,96,2,1,0,2,2.0,0,1,1,0,3.0,2.0,1,73,2.6666666666666665
10,76,2,2,1,7,80,2,1,1,1,3.0,0,1,4,0,3.0,1.0,0,65,1.25
23,100,1,2,1,5,93,2,1,4,1,2.0,1,0,3,0,3.0,2.0,1,73,3.8333333333333335
32,79,1,3,1,5,61,2,1,0,1,3.0,0,1,3,0,2.0,1.0,1,70,5.333333333333333
12,82,3,2,1,6,96,3,1,0,1,1.0,1,1,4,1,2.0,1.0,1,66,1.7142857142857142
21,81,1,2,1,8,61,3,1,3,2,1.0,0,-1,5,0,1.0,2.0,0,66,2.3333333333333335
16,73,2,2,1,4,61,1,1,4,1,3.0,1,0,5,0,1.0,2.0,1,64,3.2
23,63,2,2,1,8,94,3,1,2,2,2.0,0,0,5,0,3.0,1.0,1,68,2.5555555555555554
20,96,2,2,0,7,78,2,1,1,3,3.0,0,0,2,0,1.0,1.0,1,70,2.5
16,92,2,2,1,4,90,3,1,6,3,2.0,1,0,3,0,1.0,1.0,1,72,3.2
23,66,2,3,0,6,90,2,1,2,1,2.0,0,0,3,0,1.0,1.0,1,66,3.2857142857142856
31,91,2,2,1,6,82,2,1,2,2,3.0,0,1,3,0,1.0,1.0,1,74,4.428571428571429
19,85,3,2,0,7,59,1,1,0,2,3.0,1,-1,4,0,2.0,2.0,1,67,2.375
24,76,3,3,1,9,85,2,1,2,1,2.0,1,1,2,0,3.0,1.0,0,71,2.4
12,70,1,3,1,9,53,2,1,2,1,2.0,0,0,2,1,1.0,1.0,1,60,1.2
14,94,1,2,0,6,60,2,1,3,3,2.0,0,0,3,0,2.0,1.0,0,68,2.0
23,88,2,2,0,6,82,2,1,0,2,2.0,1,-1,3,0,2.0,1.0,1,69,3.2857142857142856
29,82,3,3,0,5,95,2,1,2,2,3.0,0,0,3,0,2.0,1.0,1,74,4.833333333333333
22,84,3,2,1,6,89,2,1,2,2,2.0,0,0,3,0,1.0,1.0,1,71,3.142857142857143
18,64,3,2,1,6,67,3,1,0,1,2.0,1,-1,4,0,2.0,1.0,1,63,2.5714285714285716
20,79,3,1,1,7,91,3,0,2,1,2.0,1,-1,4,1,2.0,2.0,1,66,2.5
12,68,2,3,0,7,98,2,1,1,2,3.0,1,0,4,0,1.0,1.0,1,65,1.5
24,68,1,1,0,6,67,3,0,0,1,3.0,1,1,3,1,1.0,3.0,0,60,3.4285714285714284
25,86,2,1,1,6,59,2,1,3,1,2.0,0,1,3,0,1.0,1.0,0,69,3.5714285714285716
17,96,3,2,0,6,60,2,1,1,1,2.0,0,0,3,0,2.0,1.0,0,69,2.4285714285714284
17,76,2,3,1,6,70,1,1,2,3,2.0,0,0,4,0,3.0,2.0,1,67,2.4285714285714284
22,68,3,2,1,9,53,3,1,1,2,2.0,0,0,2,0,1.0,2.0,0,65,2.2
17,86,3,3,1,8,74,2,1,1,1,3.0,1,0,4,0,2.0,1.0,1,70,1.8888888888888888
20,95,3,2,1,8,87,1,1,0,1,2.0,1,1,3,0,3.0,2.0,0,71,2.2222222222222223
33,90,1,2,1,9,77,2,1,3,2,3.0,0,-1,6,1,3.0,2.0,1,73,3.3
19,95,1,3,1,8,99,2,1,0,1,2.0,0,0,2,0,3.0,2.0,1,70,2.111111111111111
18,81,3,1,1,9,73,3,1,1,2,3.0,0,0,2,0,1.0,1.0,0,67,1.8
16,90,1,3,1,8,51,2,1,1,3,2.0,0,0,5,0,1.0,2.0,0,67,1.7777777777777777
24,66,1,3,0,7,74,2,1,0,3,3.0,0,0,2,0,2.0,2.0,1,65,3.0
19,74,3,3,1,6,96,2,1,2,3,2.0,0,0,3,0,2.0,1.0,1,69,2.7142857142857144
16,76,3,3,1,6,55,2,0,1,1,2.0,0,1,1,0,3.0,1.0,1,65,2.2857142857142856
28,80,2,3,1,8,61,1,1,1,1,2.0,1,-1,3,0,2.0,3.0,0,68,3.111111111111111
29,97,3,2,0,7,86,2,1,0,2,2.0,0,1,3,0,2.0,1.0,0,74,3.625
16,95,1,2,1,5,65,3,1,0,2,2.0,1,0,3,0,2.0,1.0,0,68,2.6666666666666665
9,65,2,2,0,4,88,1,1,1,1,2.0,0,1,3,0,2.0,1.0,1,61,1.8
26,67,2,1,1,10,71,3,1,3,1,2.0,0,0,3,0,3.0,1.0,1,67,2.3636363636363638
16,74,3,3,1,6,90,2,1,1,1,2.0,1,-1,4,1,1.0,1.0,0,66,2.2857142857142856
25,72,1,1,1,6,78,1,1,8,2,3.0,0,1,4,0,1.0,1.0,1,69,3.5714285714285716
8,85,2,1,1,9,54,1,1,1,1,3.0,1,1,3,0,1.0,1.0,1,62,0.8
25,96,2,3,1,5,69,1,1,0,1,2.0,0,0,4,0,1.0,2.0,1,71,4.166666666666667
13,98,3,3,1,8,67,2,1,1,2,2.0,1,1,4,0,3.0,2.0,0,71,1.4444444444444444
24,86,2,3,1,10,91,1,1,0,1,3.0,1,1,4,0,2.0,1.0,0,72,2.1818181818181817
20,94,2,3,1,10,81,1,1,1,2,3.0,0,0,5,1,1.0,3.0,0,69,1.8181818181818181
14,81,1,2,0,6,89,2,0,6,1,3.0,1,0,3,0,2.0,1.0,0,67,2.0
18,68,2,3,0,7,69,2,1,1,1,3.0,0,0,4,1,1.0,2.0,0,63,2.25
24,81,2,2,1,6,85,2,0,1,2,3.0,0,0,4,0,2.0,2.0,1,68,3.4285714285714284
21,82,3,3,1,7,53,1,1,0,3,2.0,0,1,2,0,3.0,1.0,1,69,2.625
24,90,2,1,1,9,52,1,1,0,1,2.0,0,-1,3,1,2.0,1.0,0,65,2.4
32,69,3,3,1,5,64,2,1,0,2,2.0,0,-1,3,0,3.0,1.0,0,70,5.333333333333333
11,75,2,2,0,8,89,2,1,2,3,3.0,1,1,4,0,2.0,2.0,1,65,1.2222222222222223
30,75,2,2,0,7,77,2,1,0,1,2.0,0,1,2,0,1.0,2.0,1,67,3.75
21,98,2,3,1,9,70,2,1,0,1,3.0,0,1,1,0,2.0,1.0,1,72,2.1
15,78,2,3,1,9,95,3,1,1,3,3.0,0,1,3,0,1.0,1.0,1,69,1.5
12,90,3,3,1,6,75,1,0,2,2,2.0,0,0,3,0,3.0,1.0,1,69,1.7142857142857142
19,90,3,1,0,7,81,2,1,4,3,3.0,0,0,4,1,2.0,1.0,0,71,2.375
26,71,2,1,1,8,99,2,1,1,2,3.0,0,1,3,0,1.0,3.0,1,67,2.888888888888889
19,83,1,1,0,8,76,1,1,3,1,1.0,0,0,3,0,3.0,1.0,0,65,2.111111111111111
29,96,1,1,0,4,89,2,1,2,1,3.0,0,0,2,0,1.0,3.0,0,70,5.8
11,79,2,2,0,8,71,1,1,1,2,2.0,1,1,2,0,2.0,2.0,0,63,1.2222222222222223
20,98,3,3,1,9,52,2,1,0,2,2.0,1,1,3,0,2.0,3.0,1,71,2.0
12,69,3,2,1,7,92,1,1,1,2,2.0,0,0,3,0,2.0,1.0,0,64,1.5
22,63,2,3,1,8,97,3,1,5,2,2.0,1,0,3,0,1.0,1.0,1,69,2.4444444444444446
25,96,1,2,0,9,72,1,1,0,1,2.0,1,1,3,0,1.0,1.0,1,69,2.5
17,94,2,2,1,7,75,2,1,1,1,3.0,0,1,3,0,3.0,2.0,1,70,2.125
4,100,3,1,0,8,71,1,1,2,1,2.0,1,-1,4,0,1.0,2.0,0,64,0.4444444444444444
21,87,2,3,0,7,100,1,1,1,1,2.0,0,1,3,0,1.0,1.0,1,70,2.625
23,97,2,3,0,7,95,2,1,0,2,3.0,1,1,4,0,3.0,2.0,0,74,2.875
22,93,2,2,1,6,52,2,1,1,1,2.0,0,-1,3,0,2.0,1.0,0,69,3.142857142857143
27,94,1,2,1,7,89,2,1,3,1,2.0,1,1,2,0,2.0,1.0,0,73,3.375
14,83,2,2,1,10,80,2,1,1,2,3.0,1,0,3,1,2.0,1.0,0,66,1.2727272727272727
24,75,3,3,1,6,51,3,0,1,2,3.0,0,-1,3,0,1.0,1.0,1,67,3.4285714285714284
27,97,3,3,0,8,72,2,1,6,1,2.0,0,0,2,0,2.0,1.0,0,76,3.0
9,77,2,2,0,7,57,1,1,2,2,1.0,0,-1,3,0,1.0,1.0,1,61,1.125
22,82,1,2,1,9,94,3,1,0,2,2.0,0,1,4,0,1.0,2.0,0,68,2.2
17,78,2,1,1,9,51,3,1,1,1,2.0,1,0,3,0,1.0,2.0,1,63,1.7
20,83,3,1,1,6,94,2,1,1,1,2.0,0,0,2,0,1.0,1.0,1,67,2.857142857142857
22,79,1,1,1,6,97,1,1,3,3,2.0,0,-1,3,0,1.0,2.0,1,66,3.142857142857143
17,62,3,1,1,6,54,1,1,2,2,3.0,0,0,3,0,2.0,1.0,1,62,2.4285714285714284
16,95,3,1,1,6,86,2,1,0,1,3.0,1,0,3,0,1.0,1.0,1,69,2.2857142857142856
20,78,2,2,0,6,77,2,1,3,2,2.0,1,1,3,0,1.0,2.0,1,67,2.857142857142857
13,84,2,2,0,8,98,1,0,2,2,2.0,0,1,2,0,2.0,2.0,0,66,1.4444444444444444
13,66,3,2,1,6,90,2,1,2,1,2.0,0,1,3,1,1.0,2.0,1,63,1.8571428571428572
24,60,2,2,0,6,85,1,1,1,3,2.0,0,0,2,0,3.0,2.0,1,64,3.4285714285714284
13,70,1,2,1,6,96,3,1,2,2,2.0,1,-1,5,0,3.0,2.0,1,64,1.8571428571428572
24,88,1,2,0,8,58,2,1,1,1,3.0,0,-1,3,0,1.0,1.0,1,67,2.6666666666666665
23,64,1,2,1,7,69,3,1,4,3,2.0,0,1,3,0,1.0,2.0,1,66,2.875
10,96,3,3,1,7,92,2,1,1,1,1.0,0,0,1,0,1.0,1.0,0,68,1.25
16,69,2,3,1,6,55,2,1,1,2,3.0,0,-1,1,0,1.0,2.0,1,62,2.2857142857142856
27,68,2,2,1,5,97,1,1,1,2,2.0,0,-1,4,0,2.0,1.0,1,68,4.5
14,67,3,1,0,9,87,2,1,1,2,2.0,1,1,3,0,1.0,1.0,1,63,1.4
17,61,2,3,0,7,72,1,1,1,2,3.0,0,0,2,0,1.0,2.0,1,62,2.125
23,91,3,3,0,10,67,3,1,2,1,2.0,0,1,2,0,2.0,1.0,1,72,2.090909090909091
25,95,2,1,0,8,57,1,1,4,1,2.0,0,0,3,0,1.0,2.0,0,69,2.7777777777777777
18,85,2,1,1,10,55,3,1,3,2,3.0,0,0,3,0,1.0,1.0,1,67,1.6363636363636365
16,68,2,3,1,8,71,2,1,1,3,3.0,1,0,3,0,1.0,2.0,1,65,1.7777777777777777
29,71,3,2,0,7,92,1,1,1,1,2.0,0,1,3,0,1.0,1.0,0,69,3.625
30,79,3,3,1,6,77,2,1,1,1,2.0,0,1,2,0,1.0,1.0,1,72,4.285714285714286
26,98,1,2,1,6,73,2,1,2,1,1.0,0,-1,3,0,1.0,1.0,0,70,3.7142857142857144
21,70,3,3,0,9,66,2,1,1,2,1.0,0,0,4,0,2.0,2.0,1,91,2.1
15,89,3,1,1,7,58,1,1,2,1,2.0,0,-1,3,0,1.0,2.0,1,65,1.875
15,78,1,2,1,8,100,1,1,0,1,2.0,0,-1,3,1,1.0,1.0,0,62,1.6666666666666667
23,72,1,3,1,8,51,2,1,2,1,2.0,1,1,3,0,2.0,3.0,1,65,2.5555555555555554
23,78,2,2,1,8,66,2,1,1,2,3.0,0,0,1,0,2.0,2.0,0,67,2.5555555555555554
28,63,2,1,0,6,88,3,1,4,2,3.0,0,0,4,0,1.0,3.0,1,67,4.0
24,92,2,3,0,9,76,2,1,2,3,2.0,0,1,2,0,1.0,1.0,0,72,2.4
11,70,2,1,1,7,66,1,1,1,2,3.0,0,-1,3,0,1.0,1.0,0,60,1.375
26,89,2,1,0,7,100,1,1,0,2,1.0,0,0,3,0,1.0,1.0,0,69,3.25
14,63,2,2,0,8,81,1,1,0,2,1.0,1,1,5,0,1.0,1.0,0,61,1.5555555555555556
18,98,1,2,1,7,65,2,1,1,3,2.0,1,0,4,0,3.0,1.0,0,70,2.25
22,68,2,3,0,4,92,3,1,2,3,2.0,0,0,3,0,1.0,1.0,1,68,4.4
32,95,2,3,1,9,58,2,1,2,2,2.0,1,1,4,0,1.0,1.0,1,75,3.2
39,92,2,2,0,9,73,2,1,1,2,2.0,0,-1,4,0,3.0,2.0,1,75,3.9
24,99,3,2,0,4,92,1,1,2,3,2.0,1,0,3,0,1.0,3.0,1,72,4.8
19,79,1,2,1,5,99,3,1,1,1,2.0,1,-1,4,0,2.0,2.0,0,66,3.1666666666666665
23,89,1,3,0,10,69,1,1,5,2,2.0,0,0,4,0,1.0,1.0,1,71,2.090909090909091
25,75,1,3,0,7,57,3,1,4,1,3.0,0,1,5,0,2.0,1.0,1,70,3.125
18,67,2,3,1,7,78,1,1,2,2,2.0,0,-1,3,1,1.0,1.0,0,63,2.25
31,78,3,3,1,6,97,1,1,0,2,3.0,0,0,3,0,1.0,1.0,1,72,4.428571428571429
21,67,2,2,1,5,83,2,1,1,1,3.0,1,0,5,0,1.0,1.0,1,65,3.5
23,99,2,2,1,7,80,1,1,3,1,1.0,1,0,2,0,1.0,1.0,1,71,2.875
24,64,2,2,1,8,65,2,1,0,2,2.0,0,1,3,0,2.0,1.0,0,65,2.6666666666666665
23,84,2,1,1,7,80,2,1,1,2,3.0,1,1,3,0,2.0,2.0,0,69,2.875
25,85,2,1,1,8,94,2,1,3,2,3.0,0,1,3,0,1.0,2.0,1,71,2.7777777777777777
16,82,2,3,1,10,69,2,1,2,1,2.0,0,1,4,0,2.0,1.0,1,68,1.4545454545454546
17,86,1,2,0,6,62,1,1,2,2,3.0,0,1,4,0,1.0,1.0,0,66,2.4285714285714284
13,65,3,2,0,7,74,1,1,0,3,2.0,0,0,2,1,1.0,2.0,1,60,1.625
23,82,2,2,0,9,69,2,1,0,3,2.0,0,1,3,0,1.0,1.0,0,68,2.3
25,71,2,3,1,6,73,2,1,1,1,2.0,1,0,4,0,1.0,1.0,0,67,3.5714285714285716
23,98,2,1,0,7,55,2,1,3,3,3.0,1,0,4,0,1.0,1.0,1,71,2.875
30,90,3,2,0,10,67,3,1,2,2,2.0,1,0,6,0,1.0,1.0,1,74,2.727272727272727
20,99,1,2,0,6,91,2,1,2,2,1.0,0,-1,4,0,1.0,1.0,1,70,2.857142857142857
24,62,1,3,0,9,70,1,1,2,1,2.0,0,1,2,0,2.0,2.0,0,63,2.4
13,71,2,2,0,7,98,2,1,0,2,2.0,0,1,3,0,2.0,1.0,1,64,1.625
18,68,2,3,1,10,85,3,1,3,1,2.0,0,0,3,0,1.0,1.0,1,66,1.6363636363636365
24,60,2,2,1,5,68,2,1,0,2,1.0,0,0,3,0,3.0,1.0,0,64,4.0
25,70,3,3,1,7,63,2,1,1,2,3.0,1,1,3,0,2.0,2.0,1,69,3.125
18,87,2,3,1,5,84,2,1,2,2,1.0,1,1,4,0,3.0,1.0,1,71,3.0
20,69,3,2,0,6,65,2,1,1,1,2.0,0,0,2,0,1.0,1.0,0,64,2.857142857142857
11,80,2,2,1,6,96,1,1,1,1,3.0,0,0,3,0,1.0,1.0,1,65,1.5714285714285714
18,96,3,2,0,7,56,1,1,2,2,2.0,1,0,1,0,2.0,1.0,0,69,2.25
25,88,2,3,0,5,51,2,1,1,2,1.0,0,0,1,0,1.0,1.0,0,68,4.166666666666667
23,76,2,2,1,7,61,2,1,3,2,1.0,0,1,4,0,1.0,1.0,1,68,2.875
23,75,3,2,1,8,80,3,1,0,1,3.0,1,0,4,0,1.0,2.0,0,68,2.5555555555555554
20,78,1,2,1,5,92,1,1,1,2,2.0,0,1,3,0,1.0,3.0,1,65,3.3333333333333335
20,67,3,3,0,6,59,1,1,1,2,2.0,1,-1,4,0,2.0,1.0,0,65,2.857142857142857
16,85,2,1,0,10,79,1,1,1,3,2.0,1,0,3,0,2.0,1.0,1,66,1.4545454545454546
24,75,3,1,0,7,57,2,1,0,2,2.0,0,0,1,0,3.0,1.0,1,66,3.0
23,94,2,1,1,4,78,2,1,2,3,3.0,0,0,4,0,1.0,2.0,1,71,4.6
23,90,3,2,1,5,51,2,1,0,1,3.0,0,-1,1,0,1.0,1.0,1,68,3.8333333333333335
17,84,1,2,1,7,78,1,1,0,3,3.0,0,0,5,1,2.0,2.0,0,65,2.125
7,75,2,3,1,7,76,2,1,0,2,1.0,1,1,4,0,2.0,2.0,0,63,0.875
27,68,3,2,0,6,52,2,1,1,2,1.0,1,0,5,0,3.0,3.0,0,66,3.857142857142857
17,91,3,1,1,10,84,2,1,7,1,3.0,0,0,4,1,2.0,2.0,1,71,1.5454545454545454
15,79,1,2,1,10,79,2,1,2,1,2.0,1,0,4,0,2.0,2.0,1,65,1.3636363636363635
24,69,2,3,1,7,81,1,1,3,2,2.0,1,0,4,0,1.0,1.0,0,68,3.0
18,68,2,2,1,8,76,3,1,2,3,2.0,0,0,3,0,3.0,1.0,1,66,2.0
26,67,1,3,0,8,86,2,1,2,1,2.0,0,-1,2,1,1.0,1.0,0,64,2.888888888888889
24,91,2,1,1,9,76,3,1,1,1,1.0,0,1,4,0,2.0,1.0,0,70,2.4
24,69,3,1,1,6,96,2,1,4,3,2.0,0,1,4,0,2.0,2.0,1,70,3.4285714285714284
12,81,2,3,0,10,97,1,1,1,1,2.0,1,1,5,0,1.0,1.0,0,66,1.0909090909090908
27,78,2,2,1,7,86,2,1,3,2,2.0,0,1,2,0,1.0,2.0,0,70,3.375
22,83,3,3,0,8,96,2,0,2,2,3.0,0,1,0,0,2.0,1.0,0,71,2.4444444444444446
18,95,1,3,0,7,96,2,1,2,2,3.0,1,1,4,1,1.0,2.0,1,70,2.25
21,95,2,2,0,7,63,2,1,1,1,2.0,1,1,4,0,3.0,1.0,1,70,2.625
9,78,3,2,1,7,100,1,1,2,2,2.0,0,1,2,0,1.0,1.0,1,66,1.125
22,61,3,2,0,5,63,1,1,1,1,2.0,0,1,3,0,3.0,1.0,1,64,3.6666666666666665
14,77,3,3,0,4,51,1,1,5,1,2.0,0,1,3,0,2.0,2.0,1,66,2.8
12,84,3,2,1,7,98,3,1,1,1,2.0,0,1,3,0,1.0,1.0,0,68,1.5
11,82,1,1,0,6,61,1,1,2,2,2.0,0,0,2,0,1.0,1.0,0,61,1.5714285714285714
27,86,2,2,1,8,79,2,1,2,1,3.0,1,1,4,0,2.0,1.0,1,72,3.0
16,66,3,3,0,8,99,2,1,1,1,3.0,1,1,3,0,1.0,2.0,1,66,1.7777777777777777
29,86,1,1,1,7,52,2,1,1,1,2.0,0,1,3,0,2.0,1.0,0,68,3.625
17,67,1,2,0,9,63,3,1,1,1,3.0,0,-1,4,0,2.0,3.0,1,61,1.7
10,90,3,2,1,7,80,1,1,0,2,2.0,0,0,5,0,1.0,1.0,0,67,1.25
13,74,3,3,1,5,88,1,1,3,1,2.0,1,0,3,1,2.0,1.0,0,66,2.1666666666666665
27,88,2,2,1,7,90,2,1,3,2,2.0,0,1,4,0,3.0,2.0,0,74,3.375
19,62,3,2,1,9,94,2,1,0,3,1.0,0,0,4,0,3.0,1.0,0,66,1.9
17,76,3,2,1,4,58,2,1,4,2,2.0,1,0,2,0,3.0,2.0,0,67,3.4
21,88,3,1,1,7,69,2,1,4,2,2.0,1,0,3,0,2.0,1.0,1,71,2.625
23,69,3,1,1,8,86,3,1,0,2,3.0,0,0,4,0,2.0,3.0,1,66,2.5555555555555554
27,92,2,2,1,10,86,3,1,0,1,1.0,1,1,3,0,1.0,2.0,1,71,2.4545454545454546
29,85,3,2,1,9,65,3,0,4,1,2.0,1,0,4,0,3.0,2.0,1,72,2.9
18,84,2,2,1,7,65,2,1,2,2,2.0,0,-1,3,0,1.0,1.0,0,66,2.25
12,74,3,1,1,8,66,1,1,1,1,2.0,0,1,2,0,1.0,1.0,1,62,1.3333333333333333
18,79,3,2,1,4,95,1,1,1,1,3.0,0,-1,2,0,1.0,2.0,0,66,3.6
22,84,1,3,1,5,95,2,1,2,1,3.0,0,0,3,0,1.0,2.0,1,69,3.6666666666666665
14,79,2,2,1,8,51,2,1,0,2,3.0,0,-1,4,0,1.0,1.0,1,64,1.5555555555555556
14,88,2,2,1,7,66,2,1,4,2,3.0,0,1,3,0,1.0,1.0,0,69,1.75
22,77,3,1,1,7,70,2,1,2,2,2.0,1,1,4,0,3.0,1.0,1,69,2.75
20,68,3,1,1,7,99,3,1,0,1,2.0,0,1,2,1,2.0,2.0,0,64,2.5
20,69,2,3,1,7,97,2,1,3,2,3.0,0,1,3,1,2.0,1.0,0,68,2.5
15,60,2,2,1,7,81,1,1,4,1,3.0,0,1,2,0,1.0,1.0,1,63,1.875
19,72,3,2,1,5,52,1,1,1,1,2.0,0,1,2,0,1.0,1.0,1,64,3.1666666666666665
14,90,2,3,1,7,60,2,1,2,2,2.0,0,0,4,0,3.0,1.0,1,69,1.75
25,92,1,3,0,5,72,2,1,1,2,2.0,0,1,4,0,1.0,1.0,0,71,4.166666666666667
26,68,2,3,0,6,98,1,1,2,2,2.0,1,0,3,0,2.0,3.0,0,67,3.7142857142857144
9,98,3,2,0,9,55,1,1,3,1,2.0,0,1,2,0,1.0,1.0,1,67,0.9
14,80,3,1,1,7,90,3,1,2,1,3.0,0,-1,2,0,2.0,3.0,0,66,1.75
11,97,2,3,1,8,60,2,1,0,2,1.0,1,1,3,0,1.0,1.0,1,67,1.2222222222222223
16,88,1,3,0,7,75,1,1,2,2,2.0,0,0,4,0,3.0,1.0,0,68,2.0
19,89,2,2,1,6,88,1,1,1,2,3.0,0,1,2,0,1.0,1.0,0,69,2.7142857142857144
11,63,3,3,1,5,85,3,0,0,1,3.0,0,1,4,1,1.0,2.0,0,62,1.8333333333333333
14,69,2,2,1,6,89,3,1,2,3,3.0,1,1,5,0,1.0,2.0,0,66,2.0
14,60,2,2,1,7,91,2,1,1,1,3.0,1,-1,3,0,3.0,1.0,1,63,1.75
21,89,1,1,1,8,65,2,1,2,1,1.0,0,0,3,0,2.0,1.0,0,67,2.3333333333333335
20,74,3,2,0,7,68,3,1,3,2,2.0,0,1,4,0,1.0,3.0,1,68,2.5
16,91,2,1,0,8,91,1,1,2,2,2.0,0,0,2,0,1.0,3.0,0,66,1.7777777777777777
21,74,2,2,1,5,52,2,1,3,2,2.0,1,1,1,0,1.0,1.0,1,66,3.5
17,93,3,2,0,8,76,1,1,0,1,2.0,1,-1,3,0,1.0,2.0,0,67,1.8888888888888888
18,65,3,2,1,5,96,2,1,1,3,2.0,1,0,2,0,1.0,1.0,0,66,3.0
30,67,2,2,1,8,94,2,1,1,2,2.0,0,0,2,0,2.0,1.0,0,69,3.3333333333333335
28,74,2,3,0,8,90,3,1,2,2,2.0,0,1,3,0,3.0,1.0,1,72,3.111111111111111
12,76,2,1,1,4,51,2,1,0,1,2.0,1,0,1,0,1.0,1.0,0,60,2.4
25,74,1,3,1,8,94,3,1,0,1,2.0,0,1,4,0,1.0,2.0,0,68,2.7777777777777777
25,91,1,2,1,8,96,2,1,3,2,2.0,0,0,3,0,1.0,1.0,0,72,2.7777777777777777
13,64,2,3,1,9,83,1,1,1,3,2.0,0,1,4,0,1.0,1.0,1,64,1.3
25,74,1,2,1,6,65,3,1,0,3,2.0,0,0,1,0,1.0,2.0,1,65,3.5714285714285716
29,93,3,3,0,7,74,2,1,3,2,3.0,1,1,3,0,1.0,1.0,1,76,3.625
13,63,1,2,0,8,88,2,1,0,1,2.0,1,-1,2,0,1.0,1.0,1,59,1.4444444444444444
14,98,2,2,1,8,91,1,1,0,1,2.0,0,-1,4,0,1.0,2.0,1,67,1.5555555555555556
26,99,2,2,1,8,67,2,1,4,2,2.0,1,1,4,1,1.0,1.0,1,73,2.888888888888889
22,64,2,3,0,6,66,1,1,1,2,2.0,0,0,4,0,2.0,1.0,1,64,3.142857142857143
23,72,2,3,0,8,87,1,1,3,2,1.0,0,0,3,0,1.0,1.0,1,67,2.5555555555555554
22,75,3,2,1,8,84,1,1,3,3,2.0,0,-1,3,0,2.0,1.0,1,69,2.4444444444444446
22,91,2,1,1,7,76,2,1,1,1,3.0,0,0,3,0,2.0,2.0,0,69,2.75
12,84,3,3,1,6,71,2,0,2,2,2.0,0,1,3,0,2.0,2.0,1,67,1.7142857142857142
26,86,2,3,1,6,83,2,1,2,1,2.0,0,1,4,0,1.0,1.0,1,72,3.7142857142857144
27,90,1,2,0,9,52,1,0,2,1,3.0,0,1,2,1,2.0,1.0,1,86,2.7
19,65,2,3,1,8,54,2,1,0,1,3.0,1,0,3,0,1.0,3.0,0,62,2.111111111111111
20,93,2,1,0,7,79,2,1,1,2,1.0,0,0,3,0,3.0,1.0,0,69,2.5
11,88,3,3,1,7,61,1,1,2,2,2.0,0,0,3,0,3.0,1.0,1,68,1.375
23,83,3,3,1,4,89,1,1,1,2,2.0,0,-1,3,0,1.0,3.0,1,99,4.6
23,96,1,2,1,7,89,2,1,1,1,2.0,1,1,3,0,2.0,3.0,0,70,2.875
20,88,1,2,1,5,85,2,1,2,2,2.0,0,-1,3,0,1.0,1.0,1,68,3.3333333333333335
27,68,2,2,1,7,95,1,1,0,2,2.0,0,1,4,0,1.0,1.0,1,67,3.375
18,77,3,2,1,9,57,1,1,1,1,3.0,0,-1,2,0,3.0,1.0,1,66,1.8
23,80,1,3,0,6,63,1,1,0,3,2.0,1,1,2,0,1.0,1.0,1,66,3.2857142857142856
14,62,2,3,1,7,63,2,1,2,1,2.0,0,1,2,0,2.0,2.0,0,62,1.75
20,98,2,2,1,8,89,3,1,3,3,2.0,0,-1,2,1,2.0,1.0,1,72,2.2222222222222223
19,65,2,3,1,7,76,2,0,0,2,2.0,0,0,3,0,3.0,1.0,0,64,2.375
21,88,2,2,1,6,63,1,1,1,2,2.0,0,0,3,0,1.0,1.0,0,68,3.0
18,80,2,3,1,7,57,2,1,2,1,1.0,0,1,3,0,3.0,3.0,0,66,2.25
19,61,2,3,1,8,95,3,1,4,2,2.0,1,1,3,0,2.0,1.0,1,68,2.111111111111111
25,97,1,3,1,7,85,3,1,3,3,2.0,0,0,1,0,3.0,1.0,1,75,3.125
17,94,1,1,0,7,76,3,1,3,1,3.0,0,0,3,1,2.0,3.0,1,67,2.125
10,81,1,2,1,9,98,2,1,2,1,2.0,0,0,2,0,2.0,1.0,1,65,1.0
30,69,2,2,0,8,92,2,1,2,2,1.0,0,0,3,0,1.0,1.0,0,68,3.3333333333333335
28,65,2,2,1,5,59,3,1,2,1,2.0,1,0,5,0,1.0,1.0,1,67,4.666666666666667
12,75,2,2,1,8,75,3,1,1,1,2.0,1,-1,2,0,2.0,1.0,0,63,1.3333333333333333
24,70,2,3,1,8,74,1,1,2,2,3.0,0,-1,3,0,1.0,1.0,1,67,2.6666666666666665
17,80,2,2,1,5,92,2,1,0,1,2.0,1,-1,4,0,3.0,1.0,0,67,2.8333333333333335
22,99,2,2,1,4,57,3,1,2,2,3.0,0,1,3,0,2.0,1.0,0,73,4.4
22,83,2,2,1,5,73,3,0,0,1,2.0,0,1,3,0,1.0,1.0,1,67,3.6666666666666665
19,96,2,2,0,7,82,2,1,1,3,2.0,0,0,4,0,3.0,1.0,1,71,2.375
15,86,1,2,0,9,97,2,1,2,2,2.0,0,-1,4,0,1.0,1.0,1,67,1.5
16,79,3,1,1,6,95,2,1,0,3,2.0,0,0,5,0,2.0,1.0,1,68,2.2857142857142856
15,94,1,1,1,8,77,2,1,1,3,3.0,1,1,1,0,2.0,1.0,1,68,1.6666666666666667
15,79,3,2,1,4,80,2,1,1,3,2.0,1,-1,4,0,1.0,3.0,1,66,3.0
20,95,3,1,1,7,93,1,0,0,1,3.0,0,0,2,0,1.0,1.0,1,68,2.5
16,72,2,1,0,6,87,2,0,2,2,1.0,1,1,4,0,1.0,1.0,0,63,2.2857142857142856
24,65,3,3,0,10,94,2,1,2,2,2.0,0,0,2,0,3.0,2.0,1,68,2.1818181818181817
29,94,1,3,1,4,95,2,1,1,2,2.0,0,1,5,0,1.0,1.0,1,74,5.8
17,83,1,2,1,7,92,1,1,3,1,2.0,0,0,2,1,1.0,2.0,1,65,2.125
21,96,2,2,1,4,50,2,1,1,1,1.0,1,1,2,0,3.0,2.0,1,69,4.2
23,98,2,3,0,6,66,2,1,1,1,2.0,0,0,1,0,1.0,2.0,1,70,3.2857142857142856
23,62,2,1,1,4,70,3,1,3,2,3.0,0,1,2,0,2.0,2.0,0,65,4.6
20,80,2,2,0,10,84,2,1,1,2,2.0,0,1,4,0,2.0,1.0,1,68,1.8181818181818181
24,75,1,2,0,6,65,2,0,0,2,2.0,0,1,5,0,2.0,2.0,1,65,3.4285714285714284
23,85,2,3,0,7,66,1,0,0,3,3.0,0,0,2,0,2.0,1.0,1,68,2.875
13,92,2,3,1,7,70,1,1,4,1,2.0,0,0,3,0,1.0,1.0,1,68,1.625
25,71,2,2,1,5,98,1,1,0,1,2.0,0,1,1,0,3.0,3.0,1,66,4.166666666666667
25,82,3,2,0,9,72,3,1,0,3,2.0,0,1,0,0,2.0,1.0,0,70,2.5
15,88,2,2,0,8,57,2,1,1,3,2.0,1,1,2,0,1.0,3.0,1,66,1.6666666666666667
20,65,2,3,1,8,50,2,1,0,1,2.0,0,1,5,0,1.0,1.0,1,64,2.2222222222222223
24,93,2,3,0,5,62,2,1,1,1,2.0,0,0,1,0,2.0,1.0,0,70,4.0
19,84,3,2,0,9,97,1,1,1,3,2.0,0,-1,3,1,1.0,1.0,1,68,1.9
26,98,1,3,1,9,98,1,1,4,1,1.0,0,1,2,0,2.0,2.0,1,74,2.6
34,74,3,1,1,7,76,2,1,2,1,3.0,0,1,2,0,2.0,1.0,0,71,4.25
15,64,2,2,1,8,82,1,1,0,1,2.0,0,-1,3,0,1.0,1.0,1,61,1.6666666666666667
12,80,2,1,0,7,90,2,1,3,1,2.0,0,0,3,0,1.0,1.0,0,64,1.5
22,63,3,1,0,5,53,3,1,2,3,2.0,0,0,1,0,3.0,2.0,1,64,3.6666666666666665
24,99,3,2,1,7,69,2,1,0,2,2.0,1,1,3,0,1.0,1.0,1,73,3.0
19,62,2,3,1,6,82,2,1,0,1,3.0,0,-1,3,1,2.0,2.0,1,62,2.7142857142857144
29,90,1,2,1,7,95,2,1,0,3,3.0,0,0,2,1,1.0,1.0,1,71,3.625
12,81,3,2,1,9,86,2,1,2,2,3.0,0,-1,2,0,3.0,1.0,1,68,1.2
24,75,2,1,1,5,68,3,1,2,2,2.0,0,0,2,0,3.0,1.0,1,67,4.0
16,63,2,2,0,6,95,3,1,1,2,2.0,0,-1,4,0,2.0,3.0,0,63,2.2857142857142856
30,85,1,2,0,6,83,2,1,2,2,2.0,0,1,3,0,2.0,1.0,0,71,4.285714285714286
32,83,2,2,1,6,92,1,1,1,3,2.0,0,0,3,0,1.0,1.0,1,72,4.571428571428571
15,71,3,2,0,6,69,3,0,3,2,3.0,0,1,3,0,3.0,2.0,0,66,2.142857142857143
17,96,2,2,1,7,50,1,1,1,2,2.0,1,-1,4,0,1.0,1.0,0,67,2.125
25,72,3,2,1,8,58,2,1,0,1,2.0,0,-1,4,0,2.0,2.0,0,66,2.7777777777777777
18,78,1,2,0,8,96,2,1,4,3,2.0,0,1,4,1,2.0,1.0,1,68,2.0
20,82,1,1,1,7,52,1,1,0,2,2.0,1,0,3,0,2.0,1.0,0,64,2.5
20,64,2,2,1,8,80,3,1,1,2,2.0,1,1,3,0,1.0,1.0,1,65,2.2222222222222223
8,97,3,2,1,10,70,3,1,0,1,1.0,0,0,1,0,1.0,1.0,1,66,0.7272727272727273
20,75,3,3,1,7,71,3,1,1,2,3.0,0,1,4,0,2.0,2.0,1,69,2.5
16,63,3,3,0,9,70,1,1,2,2,3.0,1,-1,5,0,2.0,2.0,0,64,1.6
17,75,1,3,1,8,53,2,1,1,1,3.0,0,1,3,0,2.0,1.0,0,65,1.8888888888888888
29,84,3,2,1,10,56,3,1,3,1,3.0,0,0,4,0,3.0,3.0,0,72,2.6363636363636362
12,81,3,2,0,8,53,1,1,1,2,3.0,1,1,3,0,2.0,1.0,1,65,1.3333333333333333
25,88,1,3,1,6,53,2,1,2,2,3.0,0,-1,4,0,2.0,1.0,0,70,3.5714285714285716
18,62,2,2,1,7,54,2,1,2,2,3.0,1,1,3,0,3.0,2.0,1,64,2.25
18,71,2,1,1,7,85,1,1,1,1,1.0,0,0,2,0,1.0,2.0,1,62,2.25
25,93,2,3,0,8,56,3,1,0,1,1.0,1,0,3,0,1.0,1.0,1,69,2.7777777777777777
22,63,3,1,0,6,63,1,1,1,2,1.0,0,-1,2,0,3.0,2.0,1,62,3.142857142857143
23,94,1,1,1,9,83,2,1,2,1,2.0,1,1,2,0,1.0,1.0,0,69,2.3
26,64,2,3,0,7,56,2,1,3,2,2.0,0,1,3,0,1.0,1.0,1,66,3.25
18,93,2,3,1,8,96,2,1,2,2,1.0,0,1,2,0,1.0,2.0,0,71,2.0
16,74,2,3,1,7,74,1,1,4,1,1.0,1,1,3,0,1.0,1.0,1,66,2.0
13,84,3,2,0,7,98,2,0,0,1,1.0,0,0,4,1,1.0,1.0,1,64,1.625
15,66,2,3,1,7,60,3,1,2,3,2.0,1,-1,3,0,1.0,2.0,0,63,1.875
38,63,2,3,0,8,52,3,1,1,2,2.0,1,1,3,0,2.0,2.0,1,69,4.222222222222222
27,69,3,3,1,10,80,2,0,1,2,3.0,0,1,4,1,1.0,1.0,0,68,2.4545454545454546
12,65,3,3,1,4,66,2,1,0,2,3.0,0,0,2,0,1.0,1.0,0,63,2.4
12,72,2,2,1,8,79,3,1,1,3,2.0,0,1,3,0,2.0,3.0,1,64,1.3333333333333333
23,81,2,1,1,7,74,2,1,0,1,2.0,0,0,0,0,3.0,1.0,0,66,2.875
23,84,2,3,1,7,73,2,1,1,3,2.0,0,1,4,0,1.0,1.0,1,71,2.875
23,92,3,2,1,4,93,3,1,0,3,2.0,0,-1,4,0,1.0,1.0,0,72,4.6
18,86,3,2,0,8,60,2,1,2,1,3.0,1,0,1,0,2.0,1.0,1,88,2.0
19,84,2,3,1,7,75,1,1,1,1,2.0,0,-1,2,0,2.0,3.0,1,66,2.375
22,76,2,2,1,6,71,2,1,0,1,3.0,1,0,2,0,1.0,2.0,1,65,3.142857142857143
21,79,1,2,1,7,84,1,1,2,2,2.0,1,0,3,0,1.0,1.0,1,66,2.625
7,77,1,2,1,7,53,3,1,4,1,2.0,1,1,2,0,2.0,2.0,0,62,0.875
19,94,2,1,0,4,76,2,1,4,1,3.0,1,-1,3,0,1.0,2.0,0,68,3.8
15,69,2,2,1,7,74,3,1,2,1,2.0,1,0,5,0,3.0,1.0,0,65,1.875
21,60,1,3,0,8,99,1,1,0,1,1.0,1,1,3,0,1.0,1.0,1,62,2.3333333333333335
38,86,3,2,0,6,88,3,1,1,1,3.0,0,-1,4,0,1.0,2.0,0,74,5.428571428571429
22,68,2,1,1,7,58,2,1,0,2,2.0,0,0,3,0,3.0,1.0,1,64,2.75
18,96,3,3,0,7,75,3,1,2,2,3.0,0,-1,2,0,1.0,1.0,1,72,2.25
26,94,2,2,0,9,89,2,1,0,1,2.0,0,0,3,1,1.0,1.0,0,70,2.6
23,63,3,2,0,7,76,2,1,2,2,3.0,0,1,1,0,1.0,3.0,1,65,2.875
23,64,2,3,1,8,68,1,1,3,1,3.0,0,0,3,0,1.0,1.0,0,66,2.5555555555555554
24,80,2,2,1,7,69,1,1,0,2,3.0,1,1,3,0,2.0,3.0,1,67,3.0
32,84,2,3,1,10,68,2,1,1,1,2.0,0,1,5,0,1.0,1.0,1,73,2.909090909090909
13,71,2,3,1,6,51,1,1,4,3,2.0,0,1,4,0,2.0,2.0,0,65,1.8571428571428572
23,89,3,3,0,6,87,2,1,4,2,3.0,1,0,3,0,2.0,1.0,0,74,3.2857142857142856
14,84,2,2,0,7,81,2,1,0,3,2.0,0,0,2,0,2.0,1.0,0,66,1.75
23,73,2,2,0,6,63,2,1,1,3,2.0,0,1,3,0,1.0,1.0,1,67,3.2857142857142856
14,61,2,2,0,5,82,1,0,0,1,2.0,0,0,0,0,1.0,1.0,0,58,2.3333333333333335
17,90,3,3,0,8,65,2,1,2,1,3.0,0,1,3,0,3.0,2.0,1,71,1.8888888888888888
18,69,1,3,1,4,62,3,1,1,2,1.0,0,0,3,0,1.0,2.0,1,63,3.6
26,93,1,3,0,6,87,2,1,1,2,3.0,0,1,3,0,2.0,1.0,0,73,3.7142857142857144
26,77,3,2,1,5,90,2,1,1,2,2.0,1,0,2,0,1.0,3.0,0,68,4.333333333333333
13,83,1,2,1,7,81,2,1,4,1,2.0,0,-1,5,0,2.0,1.0,0,66,1.625
20,95,1,2,0,4,89,2,1,3,1,2.0,0,-1,3,1,1.0,1.0,1,68,4.0
16,95,2,1,0,8,68,1,0,2,2,3.0,0,0,4,0,1.0,1.0,0,66,1.7777777777777777
12,75,2,3,0,8,54,1,1,1,2,3.0,0,-1,3,0,1.0,1.0,0,62,1.3333333333333333
19,68,2,2,1,5,80,2,1,0,2,2.0,0,0,3,1,1.0,2.0,1,78,3.1666666666666665
18,91,2,2,0,7,63,2,1,1,2,2.0,0,-1,4,0,2.0,1.0,1,68,2.25
35,77,3,3,1,8,89,2,1,5,3,2.0,0,1,4,0,2.0,1.0,0,77,3.888888888888889
23,68,3,1,1,8,68,2,1,1,2,2.0,0,0,2,0,2.0,1.0,1,65,2.5555555555555554
12,96,3,3,1,5,84,1,1,3,3,2.0,0,1,4,0,3.0,1.0,0,73,2.0
17,68,2,1,1,5,78,2,1,4,1,1.0,0,1,2,0,2.0,1.0,1,64,2.8333333333333335
26,61,1,3,1,9,91,2,0,0,3,3.0,1,1,4,0,2.0,1.0,0,67,2.6
33,61,3,2,0,6,92,2,1,1,2,2.0,0,1,4,0,1.0,1.0,0,69,4.714285714285714
10,85,1,1,1,6,53,3,1,1,1,2.0,1,0,3,1,1.0,2.0,1,60,1.4285714285714286
9,86,3,2,0,8,65,3,1,0,2,2.0,0,1,3,0,2.0,1.0,0,66,1.0
31,72,1,3,1,5,94,3,1,2,1,1.0,0,1,2,0,1.0,1.0,1,70,5.166666666666667
22,73,3,2,1,7,70,1,0,2,1,2.0,0,1,3,0,2.0,1.0,1,66,2.75
15,74,3,2,1,8,76,2,1,1,2,1.0,0,0,4,0,1.0,3.0,1,64,1.6666666666666667
23,87,2,3,0,5,59,2,1,1,3,1.0,0,0,4,0,2.0,1.0,1,70,3.8333333333333335
4,62,2,2,0,6,78,3,1,3,3,2.0,0,0,2,0,1.0,3.0,0,58,0.5714285714285714
20,97,2,3,1,5,63,2,1,0,1,2.0,0,-1,3,0,2.0,3.0,0,69,3.3333333333333335
22,69,2,2,1,6,91,1,1,0,3,3.0,1,0,1,1,1.0,2.0,1,64,3.142857142857143
26,100,1,2,0,9,60,2,1,2,2,2.0,0,1,4,0,1.0,1.0,1,72,2.6
14,67,2,2,1,9,68,1,1,1,1,2.0,0,0,3,1,1.0,1.0,1,60,1.4
21,91,2,2,1,7,55,3,1,2,3,2.0,1,0,3,0,1.0,1.0,0,70,2.625
14,69,2,1,1,8,79,2,1,1,3,2.0,0,-1,1,0,3.0,2.0,0,62,1.5555555555555556
22,63,2,2,1,8,97,2,1,1,3,3.0,0,0,3,0,1.0,2.0,0,66,2.4444444444444446
15,95,2,2,1,6,59,1,1,0,2,2.0,1,1,5,0,1.0,3.0,0,66,2.142857142857143
18,94,1,2,1,7,51,2,1,1,1,2.0,0,0,3,1,2.0,2.0,1,65,2.25
14,76,3,2,1,5,71,2,1,1,1,2.0,0,-1,3,0,1.0,1.0,1,64,2.3333333333333335
24,88,3,2,1,6,87,2,1,1,3,1.0,1,1,3,0,1.0,1.0,0,72,3.4285714285714284
25,82,2,2,1,7,99,3,1,3,1,3.0,0,0,2,0,1.0,1.0,0,71,3.125
19,94,1,3,0,5,53,2,1,1,2,2.0,0,0,3,0,1.0,1.0,0,68,3.1666666666666665
20,73,3,2,1,5,89,2,1,2,2,3.0,0,1,5,1,1.0,2.0,0,68,3.3333333333333335
11,81,1,2,1,6,68,3,1,2,3,2.0,1,-1,3,0,3.0,3.0,0,64,1.5714285714285714
18,79,1,2,1,9,58,2,1,3,2,3.0,0,-1,3,0,1.0,1.0,0,65,1.8
20,74,2,3,1,9,60,2,0,1,1,2.0,0,1,3,0,1.0,2.0,0,64,2.0
36,96,2,1,0,7,96,2,1,1,1,3.0,0,1,3,0,2.0,2.0,0,75,4.5
13,67,1,2,1,8,90,2,1,2,1,2.0,1,-1,2,0,1.0,1.0,1,61,1.4444444444444444
29,66,3,3,0,6,66,2,1,0,2,2.0,1,-1,3,0,3.0,1.0,1,68,4.142857142857143
26,83,2,2,0,4,97,1,1,2,1,3.0,0,-1,4,0,2.0,2.0,1,70,5.2
22,86,3,2,0,6,55,2,1,5,3,1.0,1,-1,3,0,3.0,1.0,0,71,3.142857142857143
31,68,1,3,1,7,66,1,1,0,1,2.0,0,1,3,0,1.0,1.0,1,66,3.875
22,76,3,1,1,7,83,1,1,0,1,2.0,0,1,1,0,2.0,1.0,1,66,2.75
22,98,2,2,1,7,100,1,1,0,1,2.0,0,0,3,0,1.0,3.0,1,70,2.75
20,70,1,2,0,7,73,2,1,0,1,2.0,0,-1,5,0,1.0,1.0,0,62,2.5
27,87,3,1,1,6,91,1,1,4,3,2.0,0,0,4,0,1.0,2.0,1,72,3.857142857142857
27,90,3,2,0,8,96,3,1,0,2,2.0,0,-1,4,0,1.0,2.0,1,72,3.0
16,78,1,2,1,5,50,2,1,2,1,2.0,1,1,2,0,2.0,2.0,1,63,2.6666666666666665
12,98,3,1,1,8,64,2,0,5,1,2.0,0,0,5,0,2.0,1.0,0,69,1.3333333333333333
19,89,2,2,1,6,55,2,1,0,2,3.0,0,1,2,0,3.0,2.0,1,68,2.7142857142857144
15,78,3,3,1,10,89,1,1,0,2,2.0,0,0,3,0,1.0,1.0,1,67,1.3636363636363635
20,83,3,3,1,7,78,3,1,3,1,2.0,1,0,2,0,2.0,1.0,0,71,2.5
27,88,1,2,1,6,55,1,0,2,1,2.0,0,1,5,0,1.0,3.0,1,67,3.857142857142857
17,84,1,1,1,6,71,1,1,0,2,2.0,1,-1,4,1,1.0,1.0,1,62,2.4285714285714284
20,95,2,2,0,6,76,2,1,0,1,3.0,1,1,4,0,1.0,2.0,0,69,2.857142857142857
20,74,3,2,1,8,85,2,1,2,1,2.0,0,1,0,0,1.0,1.0,1,67,2.2222222222222223
25,72,2,3,1,7,89,2,1,2,1,3.0,0,1,3,0,3.0,1.0,0,71,3.125
7,69,2,3,1,8,54,3,1,1,2,3.0,0,1,2,0,1.0,3.0,1,87,0.7777777777777778
16,62,1,2,0,8,74,2,1,2,3,3.0,1,0,3,0,1.0,2.0,1,62,1.7777777777777777
21,62,3,1,1,7,58,2,1,2,1,3.0,0,1,1,0,2.0,1.0,0,64,2.625
27,95,2,3,0,8,88,3,1,3,2,2.0,1,1,2,0,1.0,3.0,0,74,3.0
17,87,3,3,1,9,83,2,1,0,1,3.0,0,0,2,0,2.0,2.0,1,69,1.7
9,86,3,2,0,8,86,2,1,1,1,3.0,0,0,1,0,1.0,1.0,1,65,1.0
24,85,1,2,1,7,54,2,0,2,2,1.0,0,0,3,0,2.0,2.0,0,66,3.0
16,94,2,2,1,8,76,1,1,3,2,2.0,0,-1,4,0,3.0,1.0,0,70,1.7777777777777777
13,79,3,3,0,5,92,2,1,3,2,2.0,0,0,3,0,1.0,1.0,1,68,2.1666666666666665
16,95,1,1,0,10,86,2,1,4,3,2.0,0,1,2,0,2.0,1.0,0,70,1.4545454545454546
19,74,3,3,0,8,93,3,1,1,2,2.0,0,-1,3,0,1.0,1.0,1,68,2.111111111111111
16,97,3,1,1,8,60,2,1,0,1,3.0,0,1,3,0,1.0,1.0,1,69,1.7777777777777777
7,88,2,3,1,7,64,1,1,2,2,3.0,0,0,4,0,3.0,2.0,1,66,0.875
25,70,2,2,1,4,72,2,1,0,1,1.0,0,0,4,0,2.0,2.0,1,65,5.0
28,83,2,2,1,7,76,2,1,1,2,2.0,0,1,3,0,2.0,1.0,1,71,3.5
24,81,2,1,1,7,63,2,1,1,1,2.0,0,1,3,0,1.0,2.0,1,66,3.0
13,66,1,2,1,6,69,1,1,2,1,2.0,1,1,4,0,1.0,1.0,1,61,1.8571428571428572
19,84,2,2,1,6,84,2,1,3,2,3.0,0,0,2,0,3.0,2.0,1,69,2.7142857142857144
20,73,2,2,0,6,82,1,1,1,2,3.0,1,-1,3,0,2.0,1.0,1,65,2.857142857142857
24,62,2,2,1,8,56,2,1,0,2,2.0,1,1,2,0,2.0,2.0,1,63,2.6666666666666665
24,98,2,1,1,9,99,3,1,2,1,3.0,0,0,2,0,3.0,3.0,0,73,2.4
16,86,3,2,1,7,78,1,1,1,1,2.0,1,1,4,0,3.0,2.0,1,68,2.0
20,95,2,2,1,6,74,2,1,1,3,1.0,0,1,4,0,1.0,3.0,0,70,2.857142857142857
23,87,2,2,1,6,98,2,1,3,2,2.0,0,0,3,0,2.0,1.0,1,72,3.2857142857142856
29,74,3,2,1,7,57,2,0,3,2,2.0,1,1,2,0,1.0,2.0,1,68,3.625
24,81,2,2,0,7,77,2,1,0,3,2.0,1,1,3,0,1.0,1.0,1,68,3.0
25,87,3,2,1,8,90,2,1,1,1,2.0,0,-1,4,0,1.0,1.0,0,71,2.7777777777777777
21,98,1,1,1,6,70,2,1,1,2,2.0,0,1,3,0,1.0,2.0,1,68,3.0
28,70,3,1,1,8,87,3,1,3,1,2.0,0,0,3,0,3.0,2.0,1,70,3.111111111111111
22,95,2,1,1,8,95,2,0,2,1,3.0,1,0,4,0,1.0,1.0,0,70,2.4444444444444446
15,97,3,2,1,6,63,1,1,2,2,2.0,0,0,3,0,1.0,1.0,0,69,2.142857142857143
28,87,3,2,1,4,62,3,1,2,1,3.0,0,1,4,0,1.0,1.0,0,73,5.6
24,97,2,2,1,6,68,1,1,1,2,3.0,0,0,4,0,2.0,1.0,1,72,3.4285714285714284
17,76,2,3,0,9,71,2,1,0,2,3.0,0,0,3,0,3.0,1.0,1,67,1.7
17,98,3,2,0,4,56,2,1,2,1,1.0,1,1,3,0,1.0,1.0,0,69,3.4
22,88,1,2,1,9,62,2,1,1,3,2.0,1,-1,3,0,2.0,1.0,1,68,2.2
23,62,3,1,0,4,94,2,1,0,2,1.0,1,1,3,0,3.0,3.0,0,64,4.6
21,96,1,3,1,6,78,1,1,2,2,3.0,1,0,3,0,1.0,2.0,0,71,3.0
22,79,3,2,1,6,63,2,1,1,2,3.0,0,0,4,0,1.0,1.0,0,68,3.142857142857143
30,78,2,3,1,10,97,2,1,1,1,1.0,1,1,2,0,1.0,3.0,1,70,2.727272727272727
26,83,2,3,1,7,89,2,1,3,1,2.0,1,1,3,0,1.0,2.0,1,72,3.25
21,66,1,3,1,7,68,3,1,2,1,2.0,0,1,1,0,1.0,1.0,0,65,2.625
26,79,2,3,0,6,88,2,1,1,1,3.0,0,1,3,1,2.0,1.0,1,70,3.7142857142857144
14,93,2,2,0,8,80,1,1,2,1,2.0,1,1,4,0,3.0,1.0,1,69,1.5555555555555556
22,61,2,2,0,6,84,1,1,0,2,2.0,0,1,2,0,3.0,1.0,1,64,3.142857142857143
31,71,1,3,1,7,66,2,1,3,1,2.0,1,-1,1,0,1.0,1.0,1,67,3.875
19,60,3,3,1,6,60,3,1,1,1,2.0,0,1,2,0,2.0,1.0,1,65,2.7142857142857144
15,77,1,2,1,8,63,2,1,0,2,2.0,0,0,1,0,1.0,1.0,0,62,1.6666666666666667
16,89,3,2,0,8,54,2,1,2,1,3.0,1,1,2,0,2.0,2.0,1,68,1.7777777777777777
13,92,2,3,0,6,74,3,1,2,1,2.0,1,0,2,0,2.0,1.0,1,68,1.8571428571428572
15,98,2,2,0,6,70,1,1,1,2,3.0,1,1,3,0,1.0,2.0,1,68,2.142857142857143
18,84,2,1,1,6,50,2,1,4,3,3.0,1,-1,3,0,3.0,1.0,1,68,2.5714285714285716
12,70,2,2,1,7,93,2,1,1,1,3.0,0,0,4,0,1.0,3.0,0,62,1.5
20,97,2,1,1,8,84,1,1,4,2,2.0,0,1,5,0,1.0,1.0,0,72,2.2222222222222223
25,91,1,2,0,7,72,2,1,1,2,3.0,1,0,3,0,2.0,3.0,1,69,3.125
15,83,2,3,0,4,98,1,1,3,1,3.0,0,1,3,0,1.0,2.0,0,68,3.0
29,88,1,2,1,8,97,2,1,4,1,3.0,0,-1,3,1,2.0,2.0,1,71,3.2222222222222223
23,97,1,3,1,5,55,2,1,0,2,1.0,0,0,3,0,1.0,2.0,0,69,3.8333333333333335
26,88,1,3,0,6,81,2,1,1,3,2.0,0,1,2,0,1.0,1.0,1,71,3.7142857142857144
16,75,2,3,1,7,91,1,1,2,1,1.0,0,1,5,0,1.0,3.0,1,65,2.0
25,89,2,3,0,7,59,2,1,1,1,2.0,0,0,4,1,1.0,1.0,1,68,3.125
13,62,2,2,1,8,56,1,1,1,1,3.0,0,1,4,1,1.0,1.0,0,60,1.4444444444444444
25,75,2,2,1,6,63,1,1,3,3,2.0,1,0,4,0,1.0,1.0,1,68,3.5714285714285716
21,76,1,3,0,6,64,2,1,1,2,2.0,0,0,4,0,1.0,1.0,0,66,3.0
23,67,2,2,0,7,98,1,1,4,1,2.0,1,0,3,0,1.0,2.0,1,66,2.875
13,61,2,2,1,8,89,1,1,4,1,2.0,1,0,4,0,1.0,3.0,0,62,1.4444444444444444
15,65,2,2,0,8,53,2,1,2,1,2.0,0,-1,3,0,2.0,1.0,1,61,1.6666666666666667
24,86,3,2,0,7,89,1,1,2,1,2.0,0,-1,3,0,3.0,3.0,0,69,3.0
14,92,2,3,1,9,58,3,1,1,3,1.0,0,1,2,0,1.0,1.0,1,69,1.4
23,100,2,2,1,9,68,2,1,4,3,3.0,1,-1,3,0,3.0,1.0,1,74,2.3
12,74,2,3,1,8,66,1,1,1,1,2.0,0,-1,4,0,1.0,1.0,0,62,1.3333333333333333
25,84,2,2,1,5,64,2,1,0,1,2.0,0,-1,3,0,2.0,2.0,0,67,4.166666666666667
13,97,3,2,0,8,65,3,1,1,1,2.0,1,1,2,0,1.0,1.0,0,69,1.4444444444444444
23,67,3,1,1,7,88,2,1,1,1,2.0,1,1,4,0,1.0,1.0,1,66,2.875
24,89,2,3,1,6,63,2,1,2,3,2.0,1,1,3,0,2.0,1.0,1,72,3.4285714285714284
16,90,3,1,0,6,90,2,1,2,3,2.0,0,0,3,0,1.0,1.0,1,69,2.2857142857142856
23,64,2,3,1,7,55,2,1,0,2,2.0,0,1,4,0,1.0,2.0,1,65,2.875
22,94,2,3,0,6,80,1,1,0,3,2.0,1,1,2,0,3.0,1.0,1,72,3.142857142857143
17,93,1,2,1,7,93,1,1,2,2,2.0,1,1,4,0,1.0,1.0,1,69,2.125
14,61,2,3,0,7,54,2,1,3,1,2.0,0,1,2,1,1.0,1.0,0,60,1.75
8,64,3,2,0,7,82,3,1,0,3,2.0,0,0,1,1,3.0,1.0,0,61,1.0
22,62,3,1,0,8,76,2,1,1,2,1.0,0,0,3,0,1.0,1.0,1,63,2.4444444444444446
11,73,2,2,0,7,67,2,0,3,2,3.0,1,1,5,1,3.0,1.0,1,63,1.375
21,80,2,2,1,6,55,3,1,1,3,3.0,0,-1,3,0,3.0,2.0,1,68,3.0
18,81,2,2,1,4,84,1,1,1,2,2.0,1,1,4,0,2.0,1.0,0,68,3.6
24,71,3,2,0,8,65,2,1,1,1,2.0,1,-1,2,0,1.0,1.0,1,65,2.6666666666666665
18,96,2,3,0,7,67,2,1,1,3,2.0,0,1,2,0,1.0,1.0,0,71,2.25
18,75,2,2,1,7,86,1,1,1,1,2.0,1,-1,3,0,1.0,1.0,1,64,2.25
24,62,2,2,0,9,97,2,1,1,2,2.0,1,-1,2,0,3.0,1.0,1,65,2.4
22,72,3,2,1,5,67,1,1,2,2,2.0,0,0,4,0,2.0,1.0,0,67,3.6666666666666665
22,81,3,2,0,7,87,1,1,0,1,2.0,0,0,2,0,1.0,1.0,0,67,2.75
23,76,1,2,1,6,98,2,1,1,1,3.0,0,0,3,0,2.0,2.0,1,67,3.2857142857142856
11,71,1,2,1,8,55,2,1,1,1,2.0,0,-1,3,0,2.0,1.0,0,87,1.2222222222222223
25,65,3,3,1,4,76,3,1,1,3,2.0,1,0,1,0,1.0,2.0,0,67,5.0
24,93,3,2,1,8,51,3,1,4,2,2.0,1,1,2,1,1.0,1.0,1,72,2.6666666666666665
14,100,2,1,1,8,91,3,1,0,1,3.0,0,0,3,0,1.0,1.0,0,69,1.5555555555555556
19,73,2,2,1,6,64,1,1,1,3,2.0,0,1,3,0,2.0,2.0,0,65,2.7142857142857144
20,75,3,2,1,7,67,1,1,1,1,2.0,1,1,4,0,1.0,1.0,0,66,2.5
19,85,3,3,0,6,84,1,1,3,2,2.0,1,-1,3,0,3.0,1.0,1,70,2.7142857142857144
22,89,3,3,1,8,89,2,1,0,2,2.0,1,0,3,0,1.0,2.0,1,71,2.4444444444444446
29,76,2,3,1,8,70,1,0,1,1,1.0,0,0,4,0,2.0,2.0,0,67,3.2222222222222223
26,96,3,2,0,5,83,2,1,0,2,3.0,0,1,2,0,1.0,3.0,1,72,4.333333333333333
12,82,1,2,0,5,98,2,1,0,1,3.0,0,0,1,0,1.0,2.0,1,63,2.0
24,78,3,1,1,9,94,1,1,0,1,3.0,0,0,4,0,1.0,2.0,0,67,2.4
28,86,1,2,0,10,85,2,1,6,1,3.0,0,0,2,0,1.0,1.0,1,72,2.5454545454545454
22,98,2,2,0,8,97,1,1,1,3,2.0,1,1,1,1,3.0,1.0,0,72,2.4444444444444446
27,92,2,2,0,8,94,2,0,1,1,2.0,1,-1,4,0,2.0,1.0,0,70,3.0
32,62,3,2,0,7,86,1,1,0,1,2.0,0,1,2,0,1.0,1.0,0,67,4.0
26,73,2,2,0,7,96,3,1,0,2,3.0,1,0,3,0,1.0,1.0,0,68,3.25
21,79,1,2,1,8,91,3,1,1,1,2.0,0,1,3,0,1.0,2.0,1,67,2.3333333333333335
26,73,3,3,0,7,75,1,1,3,1,2.0,0,1,5,0,2.0,1.0,1,70,3.25
21,88,2,1,0,9,75,3,0,1,2,3.0,1,0,2,0,3.0,2.0,0,67,2.1
20,93,2,2,1,7,50,2,1,1,3,3.0,0,1,4,0,2.0,1.0,1,71,2.5
18,89,3,1,1,7,52,2,1,1,3,3.0,0,1,3,0,3.0,1.0,0,69,2.25
29,100,2,2,1,7,87,2,0,3,1,2.0,0,-1,5,0,2.0,1.0,0,74,3.625
15,71,3,1,0,7,78,2,1,0,2,2.0,1,1,3,0,1.0,1.0,1,63,1.875
29,95,2,1,1,9,88,2,1,0,2,3.0,0,0,2,0,1.0,1.0,0,72,2.9
23,91,3,1,1,7,97,1,1,2,1,2.0,0,0,3,0,2.0,2.0,1,71,2.875
12,74,3,2,0,7,73,2,1,1,1,2.0,0,0,5,0,1.0,1.0,1,64,1.5
22,89,2,2,1,7,54,2,1,1,3,2.0,0,1,3,0,1.0,1.0,0,69,2.75
7,64,3,3,0,6,81,2,1,2,1,1.0,1,1,3,0,3.0,2.0,0,62,1.0
24,92,2,2,1,5,55,2,0,1,2,2.0,0,0,4,0,2.0,1.0,1,69,4.0
25,81,3,1,1,9,81,1,1,2,1,2.0,0,0,3,0,1.0,1.0,1,68,2.5
16,72,3,2,1,9,76,3,1,6,1,1.0,0,-1,3,0,1.0,1.0,1,67,1.6
21,86,2,2,1,9,86,3,1,2,2,2.0,0,0,3,0,3.0,1.0,1,71,2.1
32,86,2,2,1,5,68,1,1,1,2,2.0,0,-1,4,0,1.0,2.0,1,70,5.333333333333333
17,68,3,2,0,9,57,2,1,2,2,1.0,0,0,3,0,1.0,2.0,1,63,1.7
14,61,1,3,0,10,62,2,1,0,3,2.0,0,-1,4,0,2.0,2.0,0,60,1.2727272727272727
29,77,2,2,0,9,84,2,1,0,1,3.0,0,0,3,0,2.0,1.0,0,69,2.9
32,83,2,2,1,9,74,2,1,3,1,2.0,0,0,3,0,2.0,2.0,1,71,3.2
20,95,1,1,1,8,77,2,1,1,3,3.0,0,1,2,0,1.0,1.0,1,69,2.2222222222222223
26,97,3,1,1,6,66,2,1,2,2,2.0,0,1,1,0,2.0,1.0,0,73,3.7142857142857144
28,81,2,3,1,8,92,2,1,1,3,2.0,0,1,3,0,2.0,1.0,0,73,3.111111111111111
16,90,2,2,0,5,100,2,1,1,1,2.0,0,1,3,0,1.0,2.0,0,68,2.6666666666666665
17,78,3,2,1,6,66,2,1,2,1,2.0,0,1,4,0,2.0,2.0,1,67,2.4285714285714284
27,90,2,3,0,7,86,3,1,2,2,2.0,0,1,3,0,2.0,2.0,1,74,3.375
30,68,2,3,0,7,59,2,1,3,1,2.0,0,1,3,0,2.0,2.0,1,68,3.75
23,75,3,2,0,8,87,1,1,1,2,3.0,0,1,2,0,2.0,1.0,0,69,2.5555555555555554
15,85,3,2,0,4,72,2,1,4,1,3.0,1,0,4,0,2.0,1.0,1,69,3.0
32,61,3,3,1,7,80,2,1,0,1,2.0,0,1,4,1,2.0,2.0,0,68,4.0
17,89,1,3,0,8,62,2,1,1,1,3.0,0,1,1,0,1.0,2.0,1,66,1.8888888888888888
18,93,1,1,1,8,93,2,1,3,1,3.0,0,-1,3,0,3.0,2.0,1,69,2.0
22,76,2,2,1,8,59,2,1,1,1,2.0,0,1,2,0,2.0,1.0,0,66,2.4444444444444446
29,78,1,2,1,7,96,3,1,5,1,2.0,0,1,4,0,2.0,2.0,1,72,3.625
25,94,2,1,1,6,53,1,1,1,2,2.0,0,-1,3,0,1.0,1.0,0,69,3.5714285714285716
22,91,2,2,1,8,64,2,1,1,1,3.0,0,1,3,1,1.0,2.0,1,68,2.4444444444444446
23,72,2,2,1,7,78,2,1,1,1,2.0,1,0,3,0,1.0,1.0,1,66,2.875
20,73,2,1,1,8,93,3,1,1,1,3.0,0,-1,4,0,1.0,3.0,1,65,2.2222222222222223
23,87,2,2,0,8,79,3,1,2,1,3.0,0,0,2,0,3.0,1.0,1,71,2.5555555555555554
5,83,2,2,1,7,61,2,1,2,1,2.0,0,-1,4,0,1.0,2.0,1,61,0.625
18,66,1,2,1,6,93,2,1,1,1,2.0,0,0,3,1,2.0,1.0,0,63,2.5714285714285716
21,72,2,3,1,9,80,1,1,1,2,2.0,0,0,3,0,1.0,1.0,0,66,2.1
13,96,2,3,0,8,62,2,1,0,3,2.0,1,0,2,0,3.0,1.0,1,69,1.4444444444444444
22,88,3,3,1,10,78,2,1,0,2,3.0,1,1,2,0,1.0,2.0,1,71,2.0
19,99,3,2,1,8,84,3,1,0,3,2.0,0,1,4,0,1.0,1.0,0,73,2.111111111111111
31,91,3,2,1,8,84,1,1,2,1,2.0,0,-1,2,0,1.0,1.0,1,72,3.4444444444444446
29,98,2,3,0,5,86,1,1,2,2,2.0,1,-1,4,0,1.0,3.0,1,73,4.833333333333333
17,69,1,3,1,7,95,2,1,1,1,3.0,1,1,2,0,1.0,2.0,1,65,2.125
19,91,1,3,1,7,91,2,1,1,3,3.0,0,0,3,0,1.0,1.0,0,71,2.375
20,61,3,2,1,8,80,2,1,1,1,3.0,0,1,3,0,1.0,1.0,1,65,2.2222222222222223
17,87,2,2,0,8,52,1,1,1,2,2.0,0,1,5,0,2.0,1.0,1,67,1.8888888888888888
21,79,2,3,1,8,87,2,1,1,1,3.0,0,0,2,0,3.0,2.0,1,69,2.3333333333333335
15,74,1,3,0,10,99,1,0,0,1,2.0,1,0,3,0,2.0,2.0,1,63,1.3636363636363635
13,94,1,3,1,6,65,3,1,2,2,2.0,0,0,2,0,3.0,2.0,1,68,1.8571428571428572
24,94,3,1,1,8,80,3,0,1,1,2.0,0,0,4,0,1.0,1.0,0,70,2.6666666666666665
24,61,2,2,1,8,88,1,1,1,1,2.0,1,1,4,0,1.0,2.0,0,64,2.6666666666666665
15,84,2,2,0,10,82,2,1,1,3,1.0,1,-1,2,1,1.0,1.0,1,64,1.3636363636363635
25,75,1,3,1,8,96,3,1,1,1,2.0,1,0,0,0,2.0,1.0,1,68,2.7777777777777777
16,77,2,3,1,8,74,2,1,0,3,1.0,1,0,2,0,2.0,2.0,0,65,1.7777777777777777
22,93,3,2,0,8,77,2,1,0,3,2.0,0,0,1,0,1.0,1.0,0,70,2.4444444444444446
25,72,2,2,1,8,52,1,1,0,2,2.0,1,1,2,0,3.0,1.0,1,66,2.7777777777777777
20,98,3,1,1,9,95,1,1,1,1,2.0,0,1,2,0,1.0,2.0,0,70,2.0
23,67,2,2,1,6,63,3,1,3,1,3.0,1,0,3,0,1.0,1.0,1,66,3.2857142857142856
17,87,2,2,0,6,99,2,1,2,1,2.0,1,0,2,0,3.0,1.0,1,69,2.4285714285714284
19,87,3,3,0,10,60,3,1,2,2,1.0,1,1,3,0,1.0,2.0,1,69,1.7272727272727273
19,70,3,3,0,4,63,2,1,1,1,2.0,1,0,3,0,2.0,3.0,0,64,3.8
16,73,2,2,1,7,74,1,1,1,1,3.0,0,1,3,0,1.0,2.0,1,64,2.0
19,93,1,2,1,7,83,2,1,1,2,2.0,0,1,3,0,1.0,1.0,0,69,2.375
11,90,2,2,1,7,72,3,1,3,2,2.0,0,-1,3,0,1.0,1.0,0,67,1.375
17,73,1,2,1,9,68,1,1,2,2,2.0,0,1,3,1,2.0,1.0,0,63,1.7
18,81,1,3,1,8,77,1,1,1,2,3.0,0,1,3,0,2.0,2.0,1,67,2.0
18,62,2,3,0,6,98,1,1,3,2,2.0,1,0,1,0,2.0,1.0,1,65,2.5714285714285716
19,68,2,2,1,6,98,1,1,2,1,2.0,0,1,1,0,1.0,2.0,0,64,2.7142857142857144
20,79,3,2,0,7,66,1,1,3,3,2.0,0,-1,3,0,2.0,1.0,0,68,2.5
23,63,1,2,1,9,84,3,1,0,3,2.0,0,0,3,0,1.0,1.0,0,64,2.3
25,94,3,2,0,7,86,1,0,2,1,2.0,1,-1,4,0,2.0,2.0,1,70,3.125
16,89,3,2,1,7,83,3,1,0,1,3.0,0,1,4,0,3.0,2.0,1,70,2.0
13,98,3,1,1,6,56,2,1,1,3,1.0,0,-1,3,0,2.0,2.0,0,67,1.8571428571428572
14,88,3,3,1,8,77,2,1,2,2,2.0,0,1,3,0,2.0,3.0,1,69,1.5555555555555556
17,98,3,2,0,7,88,2,1,2,1,3.0,1,-1,4,0,1.0,3.0,1,70,2.125
18,82,3,3,0,6,60,2,1,5,2,3.0,0,-1,3,0,2.0,1.0,1,69,2.5714285714285716
15,84,2,1,1,9,67,2,1,1,2,3.0,1,-1,3,0,2.0,2.0,1,65,1.5
12,99,2,3,1,10,60,2,1,0,1,1.0,0,-1,1,0,1.0,2.0,1,66,1.0909090909090908
17,86,3,3,1,7,94,2,1,2,2,2.0,0,0,3,0,1.0,2.0,1,70,2.125
21,61,2,1,1,7,93,1,1,1,1,3.0,1,-1,5,0,1.0,1.0,1,63,2.625
24,89,1,2,0,5,58,2,1,3,3,2.0,0,1,3,0,1.0,1.0,0,69,4.0
17,96,3,3,1,8,88,2,1,4,1,1.0,1,1,4,0,3.0,1.0,1,74,1.8888888888888888
18,92,2,2,1,8,68,1,1,2,3,3.0,1,1,3,0,1.0,1.0,1,70,2.0
14,83,3,2,0,7,84,2,1,1,1,2.0,0,0,3,0,1.0,1.0,0,66,1.75
20,87,1,3,1,6,75,2,1,0,1,2.0,0,1,3,1,3.0,1.0,1,68,2.857142857142857
15,100,2,1,0,10,74,2,1,2,2,2.0,0,-1,5,0,1.0,3.0,1,67,1.3636363636363635
23,64,2,2,1,8,94,1,1,2,2,2.0,1,1,5,0,1.0,2.0,0,66,2.5555555555555554
9,87,3,2,0,6,82,2,1,0,1,2.0,0,-1,3,0,2.0,1.0,0,65,1.2857142857142858
18,71,1,2,1,8,62,2,1,3,3,3.0,0,1,2,0,2.0,1.0,1,66,2.0
22,86,3,2,1,7,56,2,1,1,3,2.0,1,1,4,0,1.0,2.0,1,69,2.75
21,84,1,2,0,7,97,2,1,2,1,1.0,0,0,4,0,1.0,2.0,0,67,2.625
36,66,1,3,1,8,58,3,1,1,2,2.0,0,1,3,0,2.0,3.0,1,69,4.0
22,68,2,2,0,4,87,3,1,2,2,2.0,0,0,3,0,3.0,3.0,0,66,4.4
14,85,2,2,0,4,75,3,1,2,3,2.0,0,-1,1,1,1.0,3.0,0,64,2.8
19,65,2,2,0,9,57,1,1,1,2,2.0,0,1,2,1,1.0,1.0,0,61,1.9
9,71,1,3,1,7,89,2,1,0,1,2.0,0,-1,2,0,1.0,1.0,1,61,1.125
20,93,2,2,1,6,95,1,1,1,2,3.0,0,-1,4,0,2.0,2.0,1,70,2.857142857142857
15,73,2,3,0,5,56,2,1,1,2,2.0,0,1,2,0,3.0,1.0,0,65,2.5
25,80,3,1,0,7,53,2,1,1,2,2.0,1,0,3,0,2.0,2.0,1,67,3.125
17,98,1,2,0,7,92,2,1,0,3,2.0,1,1,0,0,2.0,1.0,1,69,2.125
19,69,2,1,1,9,75,2,1,2,2,1.0,0,-1,5,0,1.0,2.0,0,63,1.9
16,76,2,2,0,8,84,3,1,1,3,3.0,0,0,4,0,1.0,1.0,1,66,1.7777777777777777
30,84,3,2,1,7,72,2,1,3,2,2.0,0,1,2,0,1.0,1.0,1,73,3.75
18,90,3,3,0,8,71,3,0,0,1,2.0,0,0,3,0,1.0,1.0,0,68,2.0
31,96,3,3,1,9,65,3,1,0,1,2.0,1,1,2,0,1.0,3.0,1,74,3.1
25,97,1,2,1,8,78,2,1,0,2,2.0,0,0,3,0,1.0,1.0,1,70,2.7777777777777777
23,91,3,1,1,8,58,2,1,0,2,2.0,0,1,2,0,1.0,3.0,1,68,2.5555555555555554
22,69,3,3,0,7,86,1,1,1,3,2.0,0,1,4,1,1.0,2.0,0,67,2.75
22,61,3,2,0,6,77,1,1,1,2,2.0,0,1,4,0,3.0,2.0,1,65,3.142857142857143
8,75,2,2,0,5,92,2,1,5,3,3.0,0,1,4,0,1.0,2.0,1,66,1.3333333333333333
18,66,3,2,1,5,96,2,1,0,1,2.0,0,0,5,0,1.0,2.0,0,64,3.0
25,88,2,2,1,8,95,1,1,1,3,3.0,0,0,4,0,1.0,1.0,0,72,2.7777777777777777
20,86,2,2,1,8,80,3,1,2,2,2.0,0,0,2,0,2.0,1.0,1,70,2.2222222222222223
12,62,2,2,1,9,66,2,1,1,1,2.0,1,0,2,0,2.0,2.0,0,60,1.2
20,93,2,2,1,8,68,2,1,1,1,1.0,0,0,3,0,1.0,2.0,1,68,2.2222222222222223
30,70,2,3,1,9,83,2,1,1,3,2.0,1,0,2,0,3.0,1.0,0,71,3.0
27,77,2,2,1,7,86,1,1,1,3,2.0,0,0,3,0,1.0,2.0,1,68,3.375
20,87,3,2,1,8,58,1,1,2,1,2.0,0,-1,2,1,3.0,1.0,1,67,2.2222222222222223
26,77,2,2,1,5,100,1,1,1,1,3.0,1,1,5,0,1.0,1.0,0,70,4.333333333333333
18,78,2,3,0,7,55,3,1,0,3,2.0,0,-1,3,0,1.0,1.0,1,65,2.25
10,63,2,2,0,4,80,2,1,0,1,2.0,0,1,3,0,2.0,1.0,1,60,2.0
14,76,3,1,0,7,77,1,0,2,3,2.0,0,1,4,0,2.0,1.0,1,65,1.75
29,91,2,2,0,9,80,1,1,0,1,3.0,0,-1,4,0,1.0,1.0,0,70,2.9
18,97,1,1,1,7,77,2,1,4,1,1.0,1,0,4,0,3.0,1.0,1,69,2.25
19,77,3,1,0,8,53,2,1,1,1,2.0,1,1,3,0,1.0,1.0,1,64,2.111111111111111
18,77,1,2,0,7,100,2,1,2,3,3.0,1,1,3,1,1.0,1.0,1,67,2.25
31,88,1,2,1,6,99,1,1,2,3,1.0,0,-1,3,0,3.0,1.0,1,73,4.428571428571429
30,98,2,3,0,7,76,3,1,1,1,2.0,0,0,3,0,2.0,1.0,1,74,3.75
33,71,2,1,1,9,60,2,1,0,2,2.0,0,1,4,1,1.0,1.0,1,67,3.3
19,78,1,3,1,8,59,2,1,2,3,2.0,0,1,1,0,1.0,1.0,1,66,2.111111111111111
22,92,2,2,0,6,53,2,1,4,3,2.0,0,0,4,1,1.0,1.0,1,69,3.142857142857143
11,84,3,2,0,5,81,1,1,1,1,2.0,1,-1,3,0,1.0,2.0,0,64,1.8333333333333333
29,64,2,3,1,7,74,2,1,0,3,2.0,0,1,2,0,3.0,1.0,0,69,3.625
13,85,1,3,1,6,71,2,1,1,1,2.0,0,1,3,0,1.0,1.0,0,66,1.8571428571428572
21,67,3,2,1,7,76,2,1,1,2,3.0,1,0,2,1,1.0,1.0,1,65,2.625
13,80,2,2,1,5,94,3,1,1,2,2.0,1,1,3,0,1.0,1.0,0,67,2.1666666666666665
16,81,2,3,0,9,54,2,1,3,2,3.0,0,-1,3,0,3.0,2.0,1,67,1.6
15,95,2,2,0,7,77,3,1,0,1,2.0,1,0,3,0,1.0,1.0,0,68,1.875
16,78,2,1,0,7,85,2,1,4,2,2.0,0,0,2,1,1.0,1.0,1,65,2.0
17,71,2,1,1,6,99,1,1,4,2,2.0,0,1,3,1,3.0,1.0,1,66,2.4285714285714284
17,69,3,2,1,7,87,1,1,2,1,2.0,0,0,3,0,2.0,1.0,1,65,2.125
25,95,2,2,1,7,77,3,0,0,1,3.0,0,0,3,0,3.0,1.0,1,71,3.125
13,67,2,3,1,6,88,2,1,0,1,2.0,0,0,3,0,2.0,2.0,0,63,1.8571428571428572
21,77,3,1,1,7,100,1,1,2,3,3.0,0,1,4,0,2.0,1.0,0,70,2.625
27,67,3,3,1,9,94,3,1,0,3,1.0,0,1,2,0,2.0,1.0,0,70,2.7
17,91,1,2,1,4,54,3,1,3,1,2.0,0,0,4,0,2.0,2.0,0,67,3.4
16,79,3,2,1,7,79,3,1,2,3,3.0,0,1,2,0,1.0,2.0,1,68,2.0
19,74,2,1,1,6,89,2,0,0,3,2.0,0,0,2,0,1.0,2.0,1,63,2.7142857142857144
27,74,2,3,1,9,84,1,1,3,3,2.0,1,-1,3,0,2.0,1.0,0,70,2.7
21,94,2,2,0,7,71,1,0,1,1,3.0,1,0,2,0,3.0,1.0,1,69,2.625
17,82,2,2,1,5,66,2,1,1,2,1.0,0,1,3,0,1.0,1.0,0,66,2.8333333333333335
23,89,1,3,0,7,81,2,1,2,1,3.0,0,0,2,0,3.0,2.0,1,70,2.875
13,96,2,3,0,8,71,1,1,1,2,1.0,0,1,3,0,1.0,1.0,1,68,1.4444444444444444
24,96,2,2,0,10,70,2,1,0,3,2.0,0,-1,4,0,1.0,1.0,0,70,2.1818181818181817
22,73,1,3,1,4,92,2,1,0,1,2.0,0,1,4,0,3.0,2.0,1,67,4.4
18,98,2,3,1,5,66,2,1,0,2,2.0,1,-1,0,0,3.0,1.0,1,69,3.0
15,61,3,1,1,9,82,2,1,2,2,3.0,0,1,2,0,3.0,1.0,1,64,1.5
15,75,3,2,0,5,94,1,0,1,1,2.0,0,-1,3,1,1.0,2.0,0,62,2.5
23,96,2,2,0,7,81,2,1,1,1,2.0,1,1,2,0,3.0,2.0,1,71,2.875
27,71,3,2,1,6,75,2,1,2,2,3.0,1,0,4,0,1.0,1.0,1,69,3.857142857142857
16,71,2,3,1,6,52,1,1,0,3,3.0,0,0,1,0,1.0,3.0,1,62,2.2857142857142856
23,72,1,2,1,7,84,3,1,0,2,2.0,0,1,4,0,1.0,1.0,1,66,2.875
7,84,2,3,1,7,100,1,1,3,1,2.0,1,-1,4,1,1.0,2.0,1,64,0.875
16,78,1,3,0,9,90,2,1,3,1,2.0,0,-1,3,0,3.0,2.0,1,66,1.6
20,89,3,2,1,9,82,2,1,2,3,3.0,0,0,3,0,2.0,1.0,0,72,2.0
15,96,3,3,1,8,73,2,1,3,2,2.0,1,-1,3,0,2.0,1.0,0,71,1.6666666666666667
14,87,2,3,1,7,61,2,1,0,1,2.0,0,0,3,0,1.0,3.0,1,65,1.75
16,68,2,2,1,7,85,2,1,1,2,2.0,0,1,2,0,2.0,1.0,0,65,2.0
22,97,2,3,1,8,59,2,1,1,1,2.0,0,-1,3,0,1.0,1.0,1,70,2.4444444444444446
19,71,2,3,1,9,94,3,1,1,3,2.0,1,1,4,0,1.0,1.0,1,68,1.9
7,66,3,1,1,8,68,3,1,0,1,2.0,0,-1,2,1,2.0,2.0,1,57,0.7777777777777778
7,64,2,3,0,9,70,3,1,4,1,1.0,0,0,4,1,1.0,3.0,1,59,0.7
16,83,1,1,1,6,61,2,1,0,2,3.0,0,0,4,0,2.0,1.0,1,64,2.2857142857142856
23,65,3,2,1,9,74,2,1,2,2,3.0,1,0,3,0,2.0,2.0,1,67,2.3
4,66,1,3,0,8,84,1,1,2,1,3.0,0,0,3,0,3.0,1.0,0,60,0.4444444444444444
17,72,3,3,1,6,65,1,1,3,1,3.0,0,1,2,0,3.0,3.0,1,67,2.4285714285714284
17,71,2,3,1,7,85,1,1,2,1,1.0,1,-1,2,0,2.0,1.0,0,65,2.125
28,84,2,2,1,7,81,2,1,1,2,3.0,0,-1,3,0,2.0,1.0,1,71,3.5
18,93,1,2,1,7,69,2,1,0,1,2.0,0,0,2,0,2.0,1.0,1,67,2.25
22,90,2,2,1,7,66,1,1,0,1,2.0,0,1,1,0,3.0,1.0,1,69,2.75
21,70,3,2,1,5,93,3,1,1,1,2.0,0,0,3,0,2.0,1.0,1,68,3.5
7,70,2,2,1,6,51,2,1,0,3,2.0,1,0,1,0,1.0,2.0,0,59,1.0
25,99,3,3,0,7,86,1,0,3,2,2.0,0,1,3,0,2.0,1.0,0,75,3.125
21,60,2,2,1,6,71,1,1,0,2,1.0,0,-1,4,1,1.0,3.0,1,59,3.0
23,95,3,2,0,6,86,1,1,0,2,3.0,0,0,3,0,1.0,2.0,0,71,3.2857142857142856
44,68,3,1,0,9,75,1,1,3,2,3.0,1,-1,2,0,1.0,2.0,0,71,4.4
7,98,2,2,0,7,54,3,1,0,2,3.0,1,0,2,0,1.0,1.0,0,66,0.875
30,74,2,1,0,10,99,2,1,1,3,2.0,1,1,2,0,1.0,2.0,1,69,2.727272727272727
18,78,3,2,1,7,54,1,0,4,1,3.0,0,0,4,1,2.0,2.0,0,65,2.25
22,88,2,2,1,9,58,1,1,3,1,2.0,1,-1,2,0,2.0,2.0,1,68,2.2
20,84,3,1,0,7,71,2,1,5,1,3.0,1,1,2,0,1.0,3.0,0,68,2.5
17,73,2,2,1,6,97,3,1,1,2,3.0,0,1,3,0,1.0,1.0,1,67,2.4285714285714284
17,82,3,2,1,7,65,2,1,1,2,2.0,0,1,5,0,1.0,1.0,1,68,2.125
22,89,1,2,1,9,78,2,1,0,2,2.0,0,1,3,0,1.0,2.0,1,68,2.2
11,62,3,2,1,7,76,3,1,3,3,2.0,1,0,3,1,1.0,2.0,1,88,1.375
25,60,2,3,1,8,67,2,1,1,2,3.0,0,0,2,0,2.0,1.0,0,66,2.7777777777777777
18,78,3,1,1,7,85,3,1,3,1,1.0,0,-1,2,0,2.0,1.0,1,67,2.25
13,65,2,3,0,7,75,1,1,2,2,3.0,1,0,4,0,1.0,2.0,1,63,1.625
17,87,2,3,1,7,79,2,1,3,1,2.0,0,0,4,1,1.0,1.0,0,68,2.125
28,69,3,1,0,6,61,1,1,2,2,3.0,0,1,1,1,1.0,1.0,1,65,4.0
17,77,3,2,1,7,96,2,1,1,1,1.0,1,1,3,0,2.0,1.0,1,67,2.125
22,68,3,3,1,8,56,2,0,3,2,2.0,1,1,1,0,3.0,1.0,1,67,2.4444444444444446
16,82,2,2,1,7,85,2,1,1,3,2.0,0,0,4,0,1.0,1.0,1,67,2.0
25,65,2,1,0,7,94,1,1,1,1,3.0,0,1,3,0,1.0,3.0,1,64,3.125
24,61,2,2,0,8,54,2,1,1,1,2.0,0,0,2,1,1.0,2.0,1,61,2.6666666666666665
31,62,2,2,1,7,51,2,1,2,2,2.0,0,0,1,0,2.0,3.0,0,65,3.875
19,98,1,3,1,7,67,3,1,1,2,2.0,1,-1,4,0,1.0,2.0,0,70,2.375
24,66,2,3,0,8,89,2,1,0,2,3.0,0,1,2,0,2.0,1.0,1,67,2.6666666666666665
21,88,3,1,0,7,86,2,1,1,1,2.0,1,1,2,0,1.0,2.0,1,68,2.625
28,63,2,2,1,7,91,2,1,1,1,2.0,1,1,1,0,1.0,3.0,1,65,3.5
16,64,3,2,1,8,70,1,1,3,3,3.0,1,-1,3,0,1.0,3.0,0,63,1.7777777777777777
24,80,2,3,0,7,100,2,1,1,3,3.0,0,0,3,0,3.0,2.0,1,72,3.0
19,79,3,2,1,7,68,2,1,2,3,3.0,0,-1,1,0,2.0,1.0,0,68,2.375
20,98,2,3,1,7,90,2,1,2,2,2.0,0,1,4,0,1.0,1.0,1,73,2.5
21,98,3,2,1,7,68,3,1,0,2,2.0,0,1,3,1,2.0,1.0,0,71,2.625
22,91,2,3,0,5,61,2,1,3,1,3.0,0,0,2,0,3.0,3.0,1,70,3.6666666666666665
19,84,3,2,1,7,67,1,1,0,2,1.0,0,1,3,0,3.0,1.0,0,68,2.375
21,78,2,3,0,10,60,2,1,3,3,2.0,0,-1,5,0,1.0,2.0,1,68,1.9090909090909092
29,74,2,2,0,6,56,1,1,2,1,3.0,0,0,3,0,3.0,1.0,0,68,4.142857142857143
26,98,1,3,1,6,68,2,1,1,1,2.0,1,0,1,0,3.0,2.0,1,71,3.7142857142857144
25,84,2,2,1,10,57,1,1,4,2,2.0,0,1,2,0,2.0,1.0,1,70,2.272727272727273
17,83,3,2,0,6,75,2,1,2,2,2.0,0,1,3,1,1.0,1.0,1,67,2.4285714285714284
15,69,1,2,1,9,52,2,1,0,3,2.0,0,0,3,0,2.0,1.0,0,61,1.5
26,62,3,1,1,7,72,1,1,1,2,2.0,0,0,3,0,2.0,2.0,0,64,3.25
25,98,1,2,0,7,98,2,1,1,2,2.0,0,-1,4,0,3.0,1.0,1,72,3.125
29,73,3,2,0,7,68,1,1,1,1,3.0,1,1,4,1,1.0,2.0,1,67,3.625
16,78,3,1,1,8,57,3,1,1,2,2.0,0,-1,3,0,2.0,1.0,1,65,1.7777777777777777
19,65,2,1,1,5,65,3,1,1,3,2.0,0,1,6,0,2.0,2.0,0,64,3.1666666666666665
10,93,1,2,1,7,90,2,1,0,1,2.0,1,1,2,0,1.0,1.0,0,66,1.25
18,61,2,2,0,6,66,2,1,1,2,3.0,0,1,2,0,1.0,2.0,0,62,2.5714285714285716
26,93,1,2,0,4,69,2,1,2,1,2.0,0,0,3,0,1.0,1.0,1,70,5.2
17,66,2,2,1,9,89,2,0,1,2,3.0,0,1,4,0,1.0,2.0,0,64,1.7
24,95,2,1,0,4,63,1,1,3,1,2.0,0,1,3,0,1.0,1.0,0,70,4.8
19,89,2,1,0,10,74,2,1,1,1,2.0,0,1,2,0,1.0,2.0,0,66,1.7272727272727273
22,67,1,3,1,8,53,2,1,0,2,3.0,0,-1,3,0,1.0,3.0,1,62,2.4444444444444446
13,83,1,1,0,5,59,3,1,4,1,2.0,1,0,2,0,1.0,1.0,0,63,2.1666666666666665
21,73,1,2,1,9,60,3,1,2,2,2.0,0,1,3,0,2.0,1.0,1,66,2.1
2,67,2,2,0,6,73,1,1,1,1,2.0,1,1,2,0,2.0,2.0,1,58,0.2857142857142857
19,94,2,3,1,6,91,2,1,1,1,2.0,0,-1,3,0,1.0,2.0,1,70,2.7142857142857144
10,76,2,1,0,4,68,2,1,1,3,1.0,1,0,6,0,2.0,1.0,1,63,2.0
27,76,2,3,1,6,69,3,1,0,2,3.0,0,0,1,0,1.0,1.0,1,70,3.857142857142857
25,67,3,2,1,6,65,2,1,1,1,2.0,0,-1,3,0,1.0,1.0,1,65,3.5714285714285716
23,75,2,1,1,8,66,2,1,5,2,1.0,0,0,3,0,1.0,1.0,1,67,2.5555555555555554
29,95,3,2,0,9,70,2,0,1,1,2.0,1,1,2,0,3.0,1.0,0,73,2.9
14,75,2,2,1,5,95,2,1,0,2,2.0,0,1,3,0,2.0,2.0,1,82,2.3333333333333335
30,98,1,2,0,7,51,3,1,0,1,2.0,0,1,2,0,1.0,1.0,1,71,3.75
26,98,2,2,1,4,81,1,1,1,1,2.0,0,1,4,0,3.0,1.0,1,73,5.2
19,66,2,3,0,7,94,1,1,1,3,2.0,0,1,4,0,1.0,2.0,0,65,2.375
27,67,3,2,1,10,71,2,1,1,1,3.0,0,0,3,0,1.0,1.0,0,67,2.4545454545454546
13,95,2,2,1,4,83,1,0,1,1,3.0,0,0,4,0,2.0,2.0,1,67,2.6
15,76,3,3,1,5,79,2,1,4,2,2.0,0,0,4,0,3.0,2.0,0,69,2.5
16,60,2,3,1,8,67,1,1,0,1,2.0,0,0,3,0,1.0,1.0,1,61,1.7777777777777777
17,71,2,1,0,8,57,2,1,3,2,3.0,1,1,4,0,1.0,1.0,0,64,1.8888888888888888
14,84,1,3,0,6,61,1,1,1,3,2.0,0,1,2,0,2.0,3.0,1,64,2.0
27,92,1,2,1,9,53,1,1,2,1,2.0,0,-1,2,0,2.0,3.0,1,68,2.7
18,65,2,1,0,6,88,2,1,1,2,2.0,1,1,1,1,2.0,1.0,1,62,2.5714285714285716
22,64,2,2,1,10,77,3,1,5,2,2.0,0,0,3,1,1.0,1.0,1,66,2.0
17,97,3,1,1,8,89,2,1,1,1,2.0,0,0,4,0,2.0,1.0,1,70,1.8888888888888888
9,90,3,2,1,9,65,1,1,3,2,2.0,0,1,3,0,1.0,1.0,0,67,0.9
22,84,2,2,1,8,90,2,1,2,2,2.0,0,1,2,0,2.0,1.0,0,70,2.4444444444444446
9,91,2,2,0,8,65,3,1,0,2,2.0,0,1,4,0,1.0,2.0,1,65,1.0
20,77,1,2,0,8,56,2,1,1,2,3.0,0,1,4,0,2.0,2.0,1,65,2.2222222222222223
12,90,2,3,1,9,77,2,1,3,2,2.0,0,1,3,0,3.0,1.0,1,70,1.2
32,75,3,2,1,7,97,3,1,1,2,2.0,1,0,3,0,2.0,2.0,1,72,4.0
25,70,2,2,0,6,71,1,1,0,1,2.0,0,0,2,0,2.0,1.0,0,65,3.5714285714285716
21,89,3,3,1,7,76,2,1,1,2,2.0,0,1,2,0,1.0,1.0,1,71,2.625
28,77,3,3,1,6,73,1,1,3,2,3.0,1,-1,3,0,2.0,1.0,0,71,4.0
15,99,2,3,1,6,73,3,1,1,3,3.0,0,-1,5,0,3.0,1.0,1,72,2.142857142857143
23,74,1,1,0,9,61,1,1,0,2,1.0,0,1,4,0,3.0,1.0,1,64,2.3
21,97,2,2,0,8,71,3,1,2,3,3.0,0,0,1,0,2.0,2.0,1,72,2.3333333333333335
22,97,1,2,0,8,75,2,1,1,2,2.0,1,1,4,0,3.0,1.0,1,71,2.4444444444444446
28,70,2,2,1,9,87,1,1,0,1,2.0,0,0,3,0,1.0,2.0,1,66,2.8
24,92,3,1,0,8,57,2,1,3,2,2.0,1,1,3,0,2.0,1.0,0,71,2.6666666666666665
22,77,2,2,1,10,79,3,1,2,2,1.0,0,0,2,0,1.0,1.0,1,67,2.0
10,97,3,3,0,4,83,1,1,1,1,3.0,0,0,2,0,3.0,1.0,1,69,2.0
14,78,3,2,1,6,69,3,1,0,2,2.0,0,1,5,0,2.0,2.0,0,67,2.0
19,90,3,2,1,6,77,2,1,0,3,2.0,0,0,4,0,3.0,1.0,1,71,2.7142857142857144
21,79,2,1,0,5,86,1,1,1,3,2.0,1,1,2,0,1.0,2.0,0,66,3.5
13,69,3,3,0,7,73,1,1,1,2,1.0,1,1,2,0,1.0,3.0,1,62,1.625
34,68,2,2,0,7,67,3,1,0,2,2.0,1,0,2,0,1.0,2.0,1,67,4.25
29,77,2,1,1,10,91,3,1,2,1,2.0,0,-1,4,0,3.0,1.0,0,70,2.6363636363636362
24,90,3,3,0,8,99,3,1,0,1,2.0,0,0,3,0,2.0,2.0,0,72,2.6666666666666665
20,84,3,3,0,6,61,2,1,3,2,2.0,1,0,2,0,1.0,1.0,1,69,2.857142857142857
19,88,2,3,0,8,94,3,1,1,2,2.0,0,0,3,0,1.0,2.0,1,70,2.111111111111111
14,71,3,3,0,4,77,2,1,0,2,2.0,0,-1,3,0,1.0,1.0,0,64,2.8
20,79,2,2,1,7,72,1,0,1,2,2.0,0,-1,3,0,1.0,1.0,1,65,2.5
22,62,2,3,1,7,95,2,1,2,2,2.0,0,-1,2,0,1.0,1.0,1,66,2.75
13,93,1,2,0,6,96,3,1,2,3,2.0,1,-1,3,0,1.0,1.0,0,68,1.8571428571428572
22,100,2,2,1,7,64,2,1,2,1,2.0,1,1,3,0,2.0,1.0,0,72,2.75
19,76,2,1,1,6,68,2,1,2,3,2.0,0,1,3,0,1.0,2.0,0,65,2.7142857142857144
9,60,2,1,1,6,93,2,1,3,1,3.0,1,0,2,0,1.0,2.0,0,60,1.2857142857142858
15,67,2,2,0,8,75,2,1,0,3,3.0,0,-1,4,0,3.0,1.0,0,63,1.6666666666666667
18,86,1,1,1,9,64,1,1,3,1,3.0,0,1,3,0,1.0,1.0,0,66,1.8
31,84,1,2,1,8,98,1,1,1,2,2.0,0,1,4,0,3.0,1.0,0,73,3.4444444444444446
23,92,2,2,1,6,61,1,1,4,1,2.0,0,1,4,0,2.0,1.0,1,71,3.2857142857142856
12,70,2,2,1,6,81,1,1,1,1,2.0,0,-1,2,1,1.0,3.0,1,59,1.7142857142857142
23,91,2,1,1,6,71,2,1,5,1,3.0,0,0,3,0,1.0,2.0,0,70,3.2857142857142856
11,88,2,1,1,7,73,1,1,1,2,1.0,1,0,3,1,2.0,1.0,0,63,1.375
26,73,2,2,0,6,55,2,1,1,2,1.0,0,1,4,0,3.0,1.0,1,67,3.7142857142857144
17,82,1,2,1,9,63,2,1,2,1,2.0,1,0,2,0,2.0,2.0,1,65,1.7
19,66,2,1,0,7,58,2,1,5,2,1.0,0,1,4,0,2.0,2.0,0,64,2.375
28,78,3,2,0,8,87,1,1,2,1,2.0,0,1,2,0,3.0,1.0,1,71,3.111111111111111
12,95,2,3,1,5,85,2,1,2,3,2.0,0,-1,2,0,2.0,1.0,1,70,2.0
12,77,2,1,1,6,90,2,1,2,2,1.0,0,0,2,0,1.0,1.0,0,63,1.7142857142857142
16,94,1,2,0,8,85,2,1,3,1,3.0,0,0,2,0,1.0,1.0,0,68,1.7777777777777777
26,84,2,2,1,8,56,2,0,1,2,2.0,0,-1,2,0,2.0,1.0,0,67,2.888888888888889
11,68,2,3,1,5,99,2,1,1,3,2.0,0,0,4,0,3.0,1.0,0,66,1.8333333333333333
3,83,3,1,1,7,59,1,1,2,2,3.0,0,1,5,0,1.0,2.0,1,63,0.375
17,80,2,2,1,7,68,2,1,0,2,2.0,1,-1,5,1,2.0,1.0,0,65,2.125
23,76,2,3,1,6,85,1,1,2,1,2.0,0,1,3,1,1.0,3.0,1,66,3.2857142857142856
27,65,2,2,1,8,57,2,1,2,1,1.0,0,-1,4,0,3.0,1.0,0,65,3.0
17,77,1,2,1,5,59,2,1,2,2,3.0,1,0,4,0,1.0,1.0,1,65,2.8333333333333335
18,63,3,1,0,6,94,2,1,2,2,3.0,0,0,2,1,1.0,1.0,1,63,2.5714285714285716
27,64,2,3,0,8,67,2,1,0,1,2.0,0,1,3,0,1.0,1.0,1,65,3.0
9,77,1,3,1,7,83,2,1,1,1,3.0,1,0,4,1,1.0,3.0,1,62,1.125
18,72,2,2,1,7,93,2,1,1,2,2.0,0,1,3,0,2.0,1.0,0,66,2.25
21,97,2,1,0,7,99,2,1,1,3,2.0,0,-1,3,0,3.0,1.0,0,71,2.625
23,75,1,1,1,8,61,3,1,2,1,2.0,0,1,2,0,1.0,3.0,0,64,2.5555555555555554
17,90,2,2,1,8,56,1,1,0,2,2.0,1,0,4,0,2.0,1.0,0,67,1.8888888888888888
20,81,2,2,0,8,87,2,1,1,3,2.0,1,0,3,0,1.0,1.0,1,68,2.2222222222222223
5,88,2,2,0,7,59,2,1,3,1,2.0,0,-1,3,0,2.0,1.0,0,63,0.625
16,70,1,2,1,6,79,3,1,0,3,3.0,0,-1,3,0,2.0,1.0,0,64,2.2857142857142856
23,98,3,3,1,6,77,2,1,1,1,3.0,0,0,1,0,3.0,1.0,0,74,3.2857142857142856
14,81,1,2,1,5,78,2,1,2,3,3.0,0,1,4,0,3.0,1.0,1,68,2.3333333333333335
20,93,2,2,1,6,82,1,0,1,2,3.0,0,1,3,1,1.0,2.0,0,68,2.857142857142857
23,75,3,3,1,6,93,2,0,2,2,1.0,0,0,3,0,3.0,2.0,0,69,3.2857142857142856
18,64,1,2,1,9,64,2,1,4,1,2.0,0,-1,4,1,1.0,1.0,1,61,1.8
21,87,1,3,1,5,78,3,1,1,1,2.0,1,1,2,0,1.0,1.0,0,69,3.5
14,60,1,1,1,9,67,1,1,3,3,3.0,0,1,3,0,1.0,1.0,0,61,1.4
19,79,2,3,1,7,66,1,1,3,3,2.0,0,1,3,1,1.0,1.0,1,67,2.375
24,68,1,3,0,7,51,2,1,0,1,1.0,1,0,4,0,1.0,1.0,0,63,3.0
21,85,2,2,0,8,80,2,1,3,1,3.0,0,1,3,1,2.0,2.0,0,68,2.3333333333333335
16,99,2,2,0,5,99,1,0,0,1,2.0,1,0,5,0,2.0,2.0,0,68,2.6666666666666665
21,79,2,1,1,6,88,1,1,2,3,2.0,0,0,1,0,1.0,1.0,1,67,3.0
24,93,1,2,1,5,62,3,1,1,3,2.0,1,-1,3,0,2.0,2.0,0,69,4.0
8,80,3,2,0,6,86,2,1,2,1,2.0,0,0,3,0,1.0,1.0,1,64,1.1428571428571428
27,80,1,1,0,6,65,1,1,1,1,2.0,0,1,4,0,3.0,1.0,1,67,3.857142857142857
18,97,2,3,0,9,88,1,1,1,3,2.0,0,0,3,1,1.0,1.0,0,70,1.8
23,96,1,3,1,6,93,1,1,5,1,2.0,0,-1,4,0,1.0,1.0,0,72,3.2857142857142856
27,91,1,3,0,4,67,2,1,1,3,3.0,1,0,2,0,1.0,2.0,0,71,5.4
12,72,2,2,0,6,50,3,1,1,1,2.0,0,1,3,0,2.0,1.0,1,62,1.7142857142857142
16,82,2,2,1,8,65,3,1,2,1,2.0,1,1,5,1,3.0,1.0,1,67,1.7777777777777777
18,69,2,3,1,9,60,2,1,3,1,2.0,0,-1,2,0,2.0,3.0,0,64,1.8
15,78,2,2,1,7,81,2,1,0,2,1.0,0,0,2,0,1.0,1.0,1,64,1.875
30,79,3,2,0,6,65,2,1,1,1,2.0,0,-1,4,0,3.0,1.0,0,70,4.285714285714286
15,93,2,2,1,7,52,2,1,3,1,2.0,0,-1,5,0,2.0,1.0,0,68,1.875
17,96,2,2,0,8,77,2,1,1,2,2.0,0,0,3,0,3.0,1.0,0,70,1.8888888888888888
21,77,2,1,1,5,94,1,1,1,2,3.0,0,-1,3,0,1.0,3.0,1,65,3.5
13,61,1,1,0,7,73,1,1,2,3,2.0,0,1,2,0,1.0,1.0,0,59,1.625
18,94,2,2,1,7,69,2,1,1,2,3.0,0,1,2,0,1.0,3.0,0,69,2.25
22,67,2,2,1,7,59,3,1,2,1,3.0,0,1,3,0,3.0,1.0,1,67,2.75
18,85,2,3,0,7,69,2,1,2,1,2.0,1,1,4,0,1.0,1.0,1,68,2.25
19,61,2,2,0,6,67,1,1,1,2,2.0,0,1,1,0,2.0,1.0,1,62,2.7142857142857144
17,76,3,2,0,8,100,1,0,0,3,2.0,1,0,4,0,1.0,2.0,1,65,1.8888888888888888
11,99,3,2,1,7,52,2,1,0,3,3.0,1,0,5,0,2.0,1.0,0,69,1.375
22,64,2,2,1,7,62,2,1,3,1,2.0,1,0,4,0,3.0,2.0,0,65,2.75
31,77,3,1,1,5,53,3,1,1,2,2.0,0,0,2,0,1.0,1.0,0,68,5.166666666666667
20,72,3,1,1,8,93,2,1,4,1,3.0,0,1,2,0,1.0,1.0,1,68,2.2222222222222223
21,96,3,2,1,6,71,3,0,3,2,2.0,0,-1,3,0,1.0,1.0,0,71,3.0
24,95,2,1,1,9,90,2,1,3,1,1.0,0,1,4,0,1.0,2.0,1,71,2.4
12,70,3,2,0,5,85,3,1,1,3,2.0,0,1,3,0,3.0,1.0,0,66,2.0
30,63,2,3,1,8,96,2,1,4,1,2.0,1,1,3,0,3.0,1.0,0,71,3.3333333333333335
21,85,2,2,0,4,51,1,1,2,1,2.0,0,0,3,0,2.0,1.0,0,66,4.2
30,73,3,1,0,4,60,2,1,0,1,1.0,1,1,4,0,1.0,2.0,0,66,6.0
16,87,3,3,1,6,85,2,1,2,2,3.0,0,0,1,0,1.0,1.0,0,69,2.2857142857142856
31,61,2,2,0,4,79,2,1,0,1,1.0,0,1,3,0,1.0,2.0,0,65,6.2
25,65,3,1,1,8,85,2,1,2,1,2.0,0,-1,3,0,3.0,1.0,0,66,2.7777777777777777
23,87,2,1,0,7,79,2,1,2,2,2.0,0,0,2,0,1.0,3.0,1,67,2.875
21,68,2,2,0,9,79,1,1,1,3,3.0,1,-1,4,0,3.0,2.0,0,66,2.1
19,94,2,2,0,7,97,2,1,0,2,2.0,0,0,3,0,1.0,1.0,0,69,2.375
27,62,3,1,0,7,96,2,1,2,1,2.0,0,0,4,0,1.0,1.0,1,66,3.375
21,69,3,2,1,7,52,1,1,0,1,2.0,0,-1,3,0,3.0,1.0,1,64,2.625
8,100,3,3,1,6,71,2,1,0,1,3.0,0,1,2,0,3.0,1.0,0,70,1.1428571428571428
13,77,1,2,1,6,76,1,0,1,2,1.0,1,0,4,0,2.0,2.0,1,62,1.8571428571428572
19,88,1,2,1,5,68,3,1,1,1,1.0,0,1,5,0,1.0,2.0,1,67,3.1666666666666665
22,67,1,2,0,8,52,2,1,1,2,1.0,0,-1,2,1,2.0,2.0,0,60,2.4444444444444446
20,84,1,1,0,7,74,1,1,1,3,2.0,0,0,3,0,3.0,1.0,0,66,2.5
27,89,2,2,1,7,99,2,1,0,2,3.0,0,1,2,0,1.0,1.0,0,72,3.375
8,73,2,3,1,10,54,2,1,2,2,2.0,0,1,3,0,1.0,1.0,1,63,0.7272727272727273
21,93,1,1,1,6,91,1,1,1,3,2.0,0,-1,3,0,3.0,1.0,1,69,3.0
9,84,3,3,1,7,60,3,1,1,1,2.0,1,1,3,0,2.0,2.0,1,66,1.125
25,76,2,2,1,7,79,2,1,2,2,2.0,0,1,2,0,2.0,1.0,1,69,3.125
19,82,3,2,0,9,69,1,1,2,2,2.0,1,0,3,0,2.0,2.0,1,68,1.9
23,83,2,1,0,7,67,2,1,3,1,1.0,0,-1,4,0,1.0,2.0,0,66,2.875
15,67,2,2,1,7,94,1,1,0,3,1.0,1,1,2,0,3.0,2.0,1,63,1.875
28,76,2,2,1,10,99,3,1,1,2,2.0,0,0,3,0,1.0,1.0,1,70,2.5454545454545454
26,74,2,2,0,6,69,2,1,2,1,3.0,0,1,4,0,3.0,2.0,1,68,3.7142857142857144
24,76,2,2,1,7,82,2,1,2,2,2.0,0,1,4,0,2.0,3.0,1,68,3.0
19,90,2,2,0,8,78,2,1,1,1,2.0,1,0,3,0,1.0,2.0,1,67,2.111111111111111
23,79,3,3,1,6,54,1,1,1,1,2.0,0,0,1,0,1.0,2.0,1,67,3.2857142857142856
16,98,3,1,1,8,52,2,1,3,1,3.0,0,0,3,0,2.0,2.0,0,69,1.7777777777777777
25,72,2,2,0,6,89,1,1,3,1,3.0,0,0,5,0,1.0,1.0,1,68,3.5714285714285716
30,77,2,1,1,9,70,2,1,0,2,3.0,0,0,1,0,1.0,2.0,1,67,3.0
26,91,3,2,1,8,65,1,1,0,2,3.0,0,0,2,0,1.0,2.0,1,70,2.888888888888889
16,82,3,3,0,7,99,1,1,3,2,2.0,0,1,3,0,3.0,2.0,1,70,2.0
22,82,2,1,0,5,54,2,1,2,2,2.0,0,0,2,0,2.0,2.0,1,66,3.6666666666666665
12,62,3,3,1,6,63,3,1,0,1,2.0,1,-1,2,0,1.0,1.0,1,61,1.7142857142857142
23,76,1,3,1,7,93,2,1,2,1,2.0,0,-1,2,0,2.0,1.0,1,68,2.875
23,71,1,2,1,8,71,1,1,1,1,1.0,0,0,2,0,3.0,1.0,0,64,2.5555555555555554
9,100,1,1,0,7,79,2,1,1,1,2.0,0,1,2,0,3.0,1.0,1,66,1.125
13,72,1,3,1,8,52,2,1,3,3,3.0,1,1,4,0,1.0,1.0,1,65,1.4444444444444444
18,95,2,3,0,8,96,2,1,3,2,1.0,0,-1,6,0,3.0,1.0,1,73,2.0
18,87,1,1,0,8,57,2,0,3,3,3.0,0,1,4,0,1.0,1.0,1,66,2.0
13,74,3,3,1,7,61,2,1,2,1,2.0,0,1,3,0,1.0,2.0,1,65,1.625
22,82,2,3,1,7,58,2,1,0,2,2.0,0,-1,4,0,2.0,1.0,1,68,2.75
22,94,2,2,1,7,75,1,1,0,1,3.0,0,0,3,0,1.0,1.0,1,69,2.75
19,95,1,3,1,6,91,3,1,1,2,3.0,0,0,4,0,2.0,1.0,1,72,2.7142857142857144
15,66,2,2,0,9,63,2,1,3,2,2.0,1,0,3,0,1.0,1.0,1,63,1.5
26,74,1,2,0,8,57,2,1,0,2,2.0,1,1,1,0,1.0,1.0,1,65,2.888888888888889
30,73,3,2,1,9,70,1,1,0,2,2.0,0,-1,4,0,2.0,1.0,1,69,3.0
17,62,3,1,0,6,99,2,1,2,2,2.0,1,-1,3,0,1.0,3.0,0,62,2.4285714285714284
16,84,2,3,1,8,51,1,1,0,2,2.0,0,-1,3,0,3.0,1.0,0,66,1.7777777777777777
23,94,1,1,1,9,75,2,1,3,1,2.0,1,0,2,0,3.0,2.0,0,69,2.3
18,75,3,2,1,9,83,2,1,2,1,2.0,0,1,4,1,3.0,2.0,0,67,1.8
19,90,2,3,1,5,90,1,1,0,1,2.0,0,0,2,0,2.0,3.0,0,94,3.1666666666666665
24,85,2,2,1,7,87,3,1,2,2,2.0,1,0,2,0,1.0,1.0,0,71,3.0
9,75,2,2,0,7,54,1,1,2,1,2.0,0,1,4,0,1.0,1.0,0,61,1.125
28,66,3,2,1,9,73,2,1,2,1,2.0,0,1,2,0,2.0,1.0,1,68,2.8
20,88,2,2,0,4,54,1,1,0,3,1.0,0,-1,4,0,1.0,1.0,1,66,4.0
18,94,3,3,1,5,81,2,1,0,3,1.0,0,-1,5,0,1.0,1.0,0,71,3.0
19,87,1,2,0,9,54,1,1,3,1,3.0,0,1,4,0,1.0,2.0,0,66,1.9
20,61,1,2,0,6,52,2,1,2,1,1.0,1,-1,2,0,3.0,1.0,1,60,2.857142857142857
10,69,2,2,1,5,65,1,1,0,2,2.0,1,1,3,0,1.0,1.0,0,60,1.6666666666666667
29,63,1,1,1,9,97,3,0,3,2,3.0,0,-1,3,0,1.0,1.0,1,66,2.9
20,83,2,1,1,5,85,2,1,1,3,3.0,0,0,2,0,2.0,3.0,1,67,3.3333333333333335
23,90,1,1,0,9,50,1,1,4,2,2.0,1,0,3,0,1.0,2.0,1,67,2.3
26,64,2,2,0,5,64,2,1,2,3,2.0,0,-1,1,0,1.0,1.0,1,64,4.333333333333333
14,94,2,2,0,5,51,2,1,0,2,3.0,0,0,3,0,2.0,1.0,1,66,2.3333333333333335
23,82,3,1,0,7,65,3,1,1,2,3.0,0,-1,3,0,1.0,1.0,0,68,2.875
18,88,3,1,1,6,84,2,1,1,2,3.0,0,1,3,0,3.0,2.0,0,70,2.5714285714285716
25,99,3,2,1,7,88,2,1,3,1,2.0,1,1,4,0,2.0,2.0,0,75,3.125
7,63,3,3,1,10,90,2,1,0,1,2.0,1,1,2,1,1.0,2.0,1,86,0.6363636363636364
19,96,2,2,1,7,95,3,1,3,2,3.0,1,-1,3,0,2.0,1.0,0,73,2.375
16,65,2,1,0,9,68,2,1,1,3,2.0,0,0,3,0,1.0,2.0,1,61,1.6
23,76,3,3,0,7,93,2,1,0,2,2.0,1,-1,6,0,1.0,2.0,1,68,2.875
23,94,2,3,0,8,86,2,1,1,1,3.0,0,0,0,0,2.0,3.0,0,70,2.5555555555555554
16,96,2,2,1,4,77,3,1,1,3,3.0,0,1,2,0,1.0,1.0,1,71,3.2
16,80,3,2,1,8,98,3,1,2,2,3.0,1,1,4,0,3.0,1.0,1,71,1.7777777777777777
19,84,2,2,0,8,97,3,1,2,2,2.0,0,0,1,1,2.0,1.0,1,68,2.111111111111111
15,88,3,3,1,6,95,2,1,2,1,2.0,0,-1,4,0,1.0,1.0,0,70,2.142857142857143
25,93,2,2,1,10,60,1,1,1,2,2.0,0,1,3,0,2.0,2.0,1,70,2.272727272727273
18,65,2,3,1,6,60,1,1,0,2,3.0,1,0,3,0,1.0,2.0,0,62,2.5714285714285716
3,92,3,1,1,5,95,3,1,3,2,2.0,0,0,1,0,3.0,1.0,0,67,0.5
18,79,2,2,0,8,70,3,1,3,2,2.0,0,1,3,0,2.0,1.0,0,68,2.0
14,78,3,3,1,5,90,2,1,1,2,2.0,0,0,3,0,3.0,1.0,0,68,2.3333333333333335
10,77,3,3,0,7,84,1,1,2,1,3.0,1,0,1,0,1.0,3.0,1,64,1.25
13,80,2,3,0,9,88,2,1,1,3,3.0,0,1,3,0,3.0,1.0,1,68,1.3
21,98,1,3,1,8,51,2,1,0,2,2.0,0,0,3,0,1.0,1.0,1,69,2.3333333333333335
28,82,2,3,0,7,71,1,1,1,2,3.0,0,0,3,0,1.0,1.0,1,70,3.5
22,98,2,2,1,6,93,2,1,4,1,2.0,0,0,4,0,1.0,1.0,0,73,3.142857142857143
16,67,3,2,1,9,74,2,1,1,3,3.0,0,1,3,0,3.0,2.0,1,66,1.6
23,89,1,2,0,5,85,1,1,0,1,2.0,0,1,3,0,3.0,2.0,1,68,3.8333333333333335
17,92,1,2,1,8,88,3,0,1,3,2.0,0,0,3,0,1.0,1.0,0,68,1.8888888888888888
16,87,1,2,1,10,56,1,1,2,2,3.0,1,0,0,0,3.0,2.0,0,65,1.4545454545454546
13,84,2,2,1,8,58,3,1,2,1,1.0,0,0,3,0,3.0,1.0,0,66,1.4444444444444444
9,83,3,1,1,7,86,2,1,0,1,2.0,0,-1,1,0,2.0,3.0,0,62,1.125
18,94,1,1,1,7,53,1,1,3,2,3.0,1,0,2,0,1.0,1.0,0,67,2.25
21,93,2,3,1,6,67,3,1,1,2,3.0,0,1,3,0,3.0,1.0,0,73,3.0
19,65,2,1,1,6,96,2,1,2,2,3.0,1,0,2,0,3.0,1.0,1,65,2.7142857142857144
18,94,3,1,0,7,79,3,1,2,3,2.0,1,0,4,0,1.0,1.0,0,70,2.25
14,77,3,2,1,8,96,2,1,3,2,2.0,0,0,2,0,3.0,1.0,1,68,1.5555555555555556
24,70,3,2,1,9,65,2,1,3,2,1.0,1,1,3,0,1.0,2.0,1,67,2.4
12,95,1,2,1,4,82,3,1,2,1,2.0,0,-1,3,0,1.0,2.0,1,66,2.4
25,77,2,1,0,4,64,1,1,3,1,2.0,0,0,4,1,2.0,1.0,0,65,5.0
14,92,3,1,1,9,56,1,1,1,2,2.0,0,0,4,0,1.0,2.0,0,66,1.4
15,71,3,3,0,7,100,1,1,2,1,1.0,0,0,4,0,1.0,1.0,1,66,1.875
11,60,2,3,0,7,59,3,1,2,1,2.0,0,1,1,0,2.0,2.0,1,60,1.375
17,80,3,1,1,8,59,2,1,0,3,3.0,0,-1,4,0,2.0,1.0,0,66,1.8888888888888888
26,64,3,2,1,7,92,1,1,2,1,3.0,1,1,4,0,2.0,2.0,0,68,3.25
23,90,2,2,1,10,90,1,1,3,1,2.0,0,1,5,0,1.0,1.0,1,72,2.090909090909091
26,71,1,3,0,8,99,2,0,1,2,2.0,0,1,3,0,2.0,1.0,1,68,2.888888888888889
23,78,2,2,1,6,54,3,1,0,1,2.0,0,0,3,0,3.0,1.0,0,67,3.2857142857142856
13,63,3,2,0,6,55,3,1,0,2,1.0,0,1,4,0,3.0,1.0,1,62,1.8571428571428572
18,71,2,2,0,7,72,3,1,0,3,3.0,0,1,5,0,2.0,2.0,0,66,2.25
15,91,3,2,0,6,80,2,1,0,1,2.0,1,1,3,0,3.0,1.0,1,69,2.142857142857143
28,66,2,2,0,10,52,1,1,0,1,3.0,0,1,3,0,1.0,1.0,1,64,2.5454545454545454
13,86,1,2,0,7,58,2,0,0,2,2.0,1,1,3,0,1.0,1.0,1,63,1.625
25,97,1,3,1,5,85,2,1,2,3,2.0,0,1,2,0,1.0,1.0,1,74,4.166666666666667
25,87,3,2,1,8,83,2,1,0,2,3.0,1,1,4,0,2.0,2.0,1,72,2.7777777777777777
31,92,2,2,1,9,54,2,0,1,1,2.0,1,1,3,0,2.0,1.0,1,71,3.1
18,64,1,3,1,9,97,2,1,2,2,2.0,0,-1,3,0,1.0,2.0,0,64,1.8
24,70,3,3,0,6,63,1,0,0,1,2.0,0,0,3,0,1.0,1.0,1,65,3.4285714285714284
34,96,2,2,1,5,94,3,1,1,2,3.0,0,-1,5,1,1.0,2.0,0,75,5.666666666666667
16,89,3,2,0,9,96,2,1,2,2,1.0,0,1,3,0,2.0,3.0,1,69,1.6
11,86,2,2,0,5,75,2,1,1,2,1.0,0,0,4,0,3.0,2.0,0,65,1.8333333333333333
9,87,1,1,0,8,71,1,0,0,1,3.0,0,0,1,0,2.0,2.0,1,60,1.0
24,77,2,2,1,6,64,2,1,2,3,2.0,0,1,4,0,1.0,1.0,1,69,3.4285714285714284
9,62,3,3,1,9,90,3,1,4,3,2.0,0,0,4,0,2.0,3.0,1,65,0.9
18,91,1,2,1,5,60,1,1,0,3,3.0,1,1,4,0,1.0,2.0,1,67,3.0
23,87,3,1,0,6,81,1,1,5,2,3.0,1,0,2,0,1.0,3.0,0,70,3.2857142857142856
21,79,2,1,1,8,78,1,1,1,1,3.0,0,1,4,0,2.0,2.0,0,66,2.3333333333333335
23,96,2,2,1,8,62,2,1,0,1,3.0,0,0,4,0,1.0,2.0,0,69,2.5555555555555554
21,73,2,2,1,9,99,2,1,2,2,3.0,0,0,3,0,3.0,1.0,1,69,2.1
28,72,3,2,1,8,92,1,1,1,2,2.0,0,-1,2,0,1.0,1.0,0,68,3.111111111111111
14,95,2,2,1,8,51,2,1,5,2,2.0,1,1,4,0,2.0,1.0,0,70,1.5555555555555556
16,92,2,1,0,9,71,3,1,2,1,2.0,1,0,2,0,1.0,2.0,0,66,1.6
15,81,3,2,0,5,68,1,0,0,2,3.0,0,1,3,0,1.0,1.0,0,65,2.5
25,65,1,2,0,6,94,2,1,1,1,3.0,0,-1,4,0,2.0,1.0,1,65,3.5714285714285716
25,69,1,2,1,5,63,2,1,1,3,2.0,1,0,2,0,1.0,1.0,1,65,4.166666666666667
23,86,1,2,1,4,100,2,1,0,1,3.0,0,-1,3,0,3.0,1.0,1,69,4.6
27,75,2,2,0,8,60,2,1,4,2,2.0,0,1,2,0,3.0,2.0,0,69,3.0
13,93,2,3,0,9,62,1,1,0,1,2.0,1,0,3,0,1.0,2.0,1,65,1.3
30,98,3,3,1,8,83,3,0,1,1,3.0,0,0,3,0,1.0,1.0,0,76,3.3333333333333335
29,92,2,3,0,8,58,1,1,2,2,1.0,1,0,3,0,2.0,1.0,1,72,3.2222222222222223
24,75,2,1,0,7,94,2,1,2,2,3.0,0,-1,4,0,1.0,1.0,1,67,3.0
31,92,3,2,1,7,55,2,1,3,1,3.0,0,1,3,0,1.0,1.0,1,74,3.875
10,74,2,2,1,10,99,3,1,2,2,3.0,0,0,3,0,2.0,1.0,1,66,0.9090909090909091
17,67,3,3,1,9,94,2,1,2,1,1.0,1,1,3,0,1.0,1.0,0,66,1.7
16,61,2,3,0,6,92,3,1,4,3,3.0,0,0,3,0,1.0,1.0,1,66,2.2857142857142856
24,75,1,3,1,9,70,3,1,5,3,3.0,0,-1,5,0,2.0,1.0,0,71,2.4
14,96,2,1,0,9,76,2,1,0,1,3.0,0,0,3,0,1.0,2.0,1,66,1.4
25,70,1,3,0,8,73,3,1,1,1,1.0,0,-1,2,0,3.0,1.0,1,65,2.7777777777777777
28,68,1,3,1,8,99,2,1,1,3,2.0,0,0,3,0,1.0,1.0,0,69,3.111111111111111
24,99,2,1,1,8,52,1,1,1,1,3.0,0,-1,2,0,1.0,1.0,1,69,2.6666666666666665
22,61,2,2,1,5,69,1,1,2,1,3.0,0,0,2,0,1.0,3.0,0,63,3.6666666666666665
14,91,1,2,0,5,98,3,1,0,3,3.0,0,0,3,0,1.0,1.0,0,68,2.3333333333333335
15,73,2,2,0,8,68,2,1,1,3,2.0,0,0,3,0,1.0,1.0,0,64,1.6666666666666667
27,61,2,2,0,5,70,2,1,2,1,1.0,0,0,2,0,2.0,1.0,1,64,4.5
25,97,2,3,1,5,82,3,1,1,1,3.0,0,-1,5,0,2.0,2.0,1,73,4.166666666666667
20,66,1,3,1,4,95,3,1,2,3,2.0,0,0,2,0,1.0,2.0,0,66,4.0
17,82,2,3,0,6,65,1,1,4,1,2.0,1,1,3,0,1.0,2.0,0,67,2.4285714285714284
8,71,3,2,1,8,97,2,1,3,2,2.0,1,0,1,1,1.0,1.0,0,63,0.8888888888888888
14,63,2,2,1,8,64,3,1,1,1,2.0,0,0,3,0,1.0,2.0,1,61,1.5555555555555556
31,62,2,2,1,8,91,3,1,4,3,3.0,0,1,4,0,1.0,2.0,1,71,3.4444444444444446
12,65,1,2,1,6,64,2,1,1,2,2.0,0,1,3,0,2.0,1.0,0,61,1.7142857142857142
21,63,2,1,1,7,54,1,1,1,2,2.0,1,1,3,0,2.0,2.0,0,62,2.625
26,90,3,3,1,8,91,2,1,1,3,3.0,1,0,4,1,1.0,1.0,1,74,2.888888888888889
12,79,2,2,0,8,73,2,1,2,2,2.0,1,0,4,0,1.0,1.0,1,65,1.3333333333333333
21,74,1,1,1,6,70,1,1,2,1,3.0,0,1,3,0,1.0,2.0,0,64,3.0
26,77,1,1,0,7,71,2,1,1,2,3.0,0,0,4,0,3.0,2.0,1,66,3.25
20,97,3,3,1,4,81,2,1,1,2,2.0,0,1,2,1,1.0,1.0,1,72,4.0
37,96,3,2,1,7,63,2,1,0,2,3.0,1,1,4,0,1.0,1.0,1,76,4.625
10,89,2,2,1,6,62,2,1,4,1,2.0,0,1,3,0,3.0,2.0,1,67,1.4285714285714286
26,95,2,3,0,9,74,1,1,3,1,2.0,1,0,3,1,1.0,1.0,0,71,2.6
19,73,3,2,0,6,52,2,1,1,2,2.0,0,1,3,0,1.0,1.0,1,65,2.7142857142857144
25,75,1,1,1,7,82,2,1,3,2,3.0,1,-1,4,0,3.0,1.0,1,68,3.125
23,85,2,2,1,6,91,1,1,1,1,3.0,0,0,3,0,1.0,3.0,1,68,3.2857142857142856
16,85,3,1,1,6,86,1,1,3,3,3.0,1,0,2,0,1.0,3.0,1,67,2.2857142857142856
21,79,2,1,0,8,73,2,1,1,1,1.0,0,0,2,0,1.0,1.0,0,64,2.3333333333333335
9,76,1,3,0,6,78,1,0,0,2,2.0,0,-1,4,1,3.0,1.0,1,60,1.2857142857142858
24,99,2,2,0,10,51,1,1,1,1,2.0,0,0,3,0,1.0,1.0,1,70,2.1818181818181817
22,93,3,2,1,4,96,3,1,1,3,1.0,1,1,2,0,2.0,1.0,1,73,4.4
24,77,2,2,1,8,78,1,1,2,3,3.0,1,1,3,0,1.0,2.0,1,69,2.6666666666666665
26,89,3,2,0,7,66,2,1,0,1,2.0,0,0,5,1,2.0,1.0,1,70,3.25
22,71,2,2,0,7,65,1,1,1,1,2.0,0,0,3,0,2.0,1.0,1,64,2.75
21,64,3,1,1,7,83,3,1,2,1,1.0,0,0,3,0,1.0,2.0,0,64,2.625
15,74,3,2,1,8,79,2,1,0,3,2.0,0,-1,3,0,2.0,1.0,1,65,1.6666666666666667
16,76,2,2,0,7,59,1,1,0,1,2.0,0,0,2,0,2.0,1.0,0,62,2.0
27,61,2,2,1,9,70,2,1,0,2,2.0,0,0,2,0,1.0,1.0,1,64,2.7
29,93,2,2,1,7,84,2,1,0,3,2.0,0,0,3,0,2.0,2.0,1,72,3.625
19,74,2,1,1,5,65,3,0,1,1,3.0,0,1,3,0,1.0,1.0,1,64,3.1666666666666665
20,83,2,2,1,7,75,2,1,0,2,2.0,0,0,4,0,1.0,1.0,0,67,2.5
15,63,3,3,1,9,63,1,0,4,3,3.0,1,-1,3,0,2.0,1.0,1,64,1.5
27,67,1,2,0,6,54,2,1,0,2,1.0,1,-1,2,0,1.0,3.0,1,61,3.857142857142857
24,96,2,3,1,5,69,2,1,1,1,2.0,0,1,4,0,1.0,1.0,1,72,4.0
32,84,2,2,1,8,87,2,0,2,2,2.0,0,1,1,0,1.0,3.0,1,70,3.5555555555555554
15,98,2,3,0,8,61,2,1,4,1,2.0,0,1,2,0,1.0,2.0,0,70,1.6666666666666667
18,100,2,2,0,6,88,2,1,2,2,2.0,0,0,2,0,2.0,2.0,1,71,2.5714285714285716
21,75,3,3,0,7,83,1,1,1,2,2.0,0,1,2,0,2.0,1.0,0,68,2.625
24,72,2,2,0,7,75,2,1,3,3,2.0,1,0,2,0,2.0,1.0,0,68,3.0
19,94,3,3,0,7,99,2,1,0,1,2.0,0,0,1,1,1.0,1.0,1,70,2.375
15,100,3,3,0,8,94,3,1,2,2,3.0,0,-1,3,0,2.0,1.0,1,73,1.6666666666666667
25,85,3,2,0,6,78,1,1,2,2,3.0,0,0,1,0,1.0,3.0,0,69,3.5714285714285716
24,92,2,3,0,8,78,3,1,0,2,2.0,0,0,3,0,1.0,1.0,1,71,2.6666666666666665
15,91,1,2,0,6,64,1,1,1,1,3.0,0,1,3,1,1.0,1.0,1,64,2.142857142857143
28,74,2,2,0,9,96,1,1,0,2,2.0,1,0,3,0,1.0,1.0,0,68,2.8
27,83,2,2,0,10,95,2,1,0,3,1.0,1,0,4,0,1.0,2.0,0,69,2.4545454545454546
21,93,3,1,0,6,87,2,1,1,1,3.0,0,1,2,0,1.0,1.0,0,70,3.0
20,88,2,2,0,5,56,2,1,1,1,2.0,0,0,4,0,1.0,1.0,0,67,3.3333333333333335
23,61,2,3,1,8,85,2,1,1,2,3.0,1,1,0,0,1.0,1.0,1,66,2.5555555555555554
15,73,2,3,0,7,63,2,1,2,2,2.0,0,0,5,0,3.0,2.0,1,65,1.875
20,66,2,3,1,8,59,1,1,4,2,2.0,0,1,3,0,2.0,1.0,1,66,2.2222222222222223
7,69,1,2,1,6,88,2,1,0,1,3.0,1,-1,4,0,3.0,1.0,0,61,1.0
25,96,1,2,0,7,98,2,1,0,1,2.0,0,1,2,0,1.0,1.0,0,71,3.125
11,61,3,1,1,6,55,2,1,5,3,1.0,0,0,3,0,1.0,3.0,1,60,1.5714285714285714
29,69,2,2,1,7,58,2,1,1,1,1.0,0,1,2,0,2.0,1.0,1,66,3.625
18,72,1,1,1,5,61,1,1,1,2,2.0,1,-1,4,0,2.0,2.0,1,61,3.0
19,85,2,2,1,7,98,3,1,2,2,2.0,0,-1,3,1,1.0,2.0,0,68,2.375
16,81,2,3,1,5,85,3,0,2,1,2.0,0,1,3,0,2.0,1.0,1,68,2.6666666666666665
18,69,2,2,1,6,84,2,1,2,1,2.0,0,1,4,0,1.0,1.0,1,65,2.5714285714285716
29,67,3,1,0,7,75,2,0,3,1,2.0,0,0,1,0,1.0,1.0,0,65,3.625
5,69,2,2,1,8,77,2,0,2,1,3.0,0,-1,2,0,2.0,1.0,0,60,0.5555555555555556
28,80,1,2,0,8,65,1,1,2,1,2.0,1,0,2,0,2.0,1.0,1,67,3.111111111111111
22,71,3,2,0,8,58,2,0,2,1,2.0,0,-1,4,0,2.0,1.0,0,65,2.4444444444444446
13,98,3,2,1,5,89,3,1,1,3,2.0,0,-1,3,0,1.0,1.0,1,70,2.1666666666666665
14,79,2,2,0,9,74,2,1,1,2,2.0,0,0,4,0,1.0,1.0,1,64,1.4
30,62,2,3,1,6,63,2,1,2,1,3.0,0,1,4,0,1.0,2.0,1,68,4.285714285714286
14,89,3,2,0,6,82,3,1,2,2,2.0,0,-1,4,0,2.0,2.0,0,69,2.0
13,73,2,3,1,7,60,3,1,0,3,3.0,0,0,3,0,2.0,1.0,0,65,1.625
27,86,2,2,0,6,74,2,1,2,3,3.0,1,0,3,0,1.0,1.0,1,71,3.857142857142857
22,71,2,2,1,8,60,1,1,1,2,3.0,0,0,4,0,1.0,2.0,0,65,2.4444444444444446
14,83,2,3,1,8,88,1,1,0,3,2.0,0,-1,2,1,1.0,2.0,1,65,1.5555555555555556
21,91,2,2,1,6,66,3,1,0,2,2.0,0,1,2,1,2.0,3.0,0,68,3.0
14,97,2,1,0,7,72,3,1,1,1,1.0,0,0,3,0,1.0,1.0,0,66,1.75
27,70,1,1,1,7,88,2,0,1,3,2.0,0,0,3,0,1.0,1.0,1,65,3.375
26,73,3,3,1,8,83,1,1,2,2,2.0,0,1,4,0,2.0,1.0,1,71,2.888888888888889
23,79,1,2,1,6,70,2,1,3,2,3.0,0,-1,4,0,3.0,2.0,0,68,3.2857142857142856
22,97,2,2,1,6,54,2,0,2,3,2.0,0,0,2,0,2.0,1.0,1,70,3.142857142857143
31,96,2,1,0,5,96,1,1,3,1,3.0,1,0,2,0,2.0,1.0,0,74,5.166666666666667
20,64,3,1,1,6,50,3,1,0,1,2.0,1,0,2,0,1.0,1.0,1,62,2.857142857142857
13,65,2,3,0,5,87,1,1,1,2,2.0,0,1,2,1,1.0,2.0,0,61,2.1666666666666665
23,80,3,3,1,6,97,2,1,0,2,2.0,1,0,3,0,1.0,1.0,1,70,3.2857142857142856
33,64,1,2,1,9,65,2,1,0,2,2.0,0,-1,2,0,2.0,2.0,1,65,3.3
14,74,2,2,1,8,54,3,1,2,1,1.0,0,0,2,0,1.0,2.0,1,62,1.5555555555555556
18,66,3,3,0,9,62,2,1,2,3,2.0,0,0,4,0,1.0,2.0,0,65,1.8
22,85,3,2,0,6,66,1,1,0,1,2.0,1,1,4,0,2.0,1.0,1,68,3.142857142857143
20,98,2,3,1,4,73,2,1,2,2,1.0,1,1,1,0,1.0,3.0,1,70,4.0
14,100,2,1,0,7,76,1,1,1,2,2.0,1,0,3,0,3.0,1.0,0,68,1.75
27,75,1,2,0,10,86,2,0,3,2,2.0,1,1,6,0,3.0,1.0,0,69,2.4545454545454546
34,84,2,3,1,6,95,2,1,1,1,2.0,1,0,3,0,3.0,3.0,1,73,4.857142857142857
21,94,2,2,1,7,73,2,1,1,2,2.0,1,1,5,0,2.0,1.0,0,71,2.625
15,65,1,3,1,5,87,2,1,0,1,3.0,1,0,4,0,1.0,1.0,0,63,2.5
11,88,3,2,1,7,56,1,1,2,2,2.0,0,0,2,0,2.0,1.0,1,66,1.375
22,76,3,1,1,7,66,1,1,1,1,3.0,1,1,4,0,3.0,1.0,1,67,2.75
27,68,1,3,0,4,56,2,1,0,1,3.0,0,0,1,0,1.0,1.0,0,64,5.4
23,76,2,1,1,5,85,2,1,1,2,1.0,0,0,3,0,1.0,1.0,0,66,3.8333333333333335
20,63,3,3,1,5,95,2,1,2,3,3.0,0,1,3,0,2.0,1.0,1,69,3.3333333333333335
16,88,2,3,1,5,94,3,1,4,2,2.0,1,1,6,0,2.0,2.0,1,72,2.6666666666666665
13,70,2,3,1,6,66,2,1,1,2,2.0,0,-1,4,0,1.0,1.0,1,63,1.8571428571428572
25,72,2,3,1,8,62,2,1,2,1,2.0,0,1,2,0,1.0,1.0,0,67,2.7777777777777777
25,65,1,2,0,6,64,2,1,1,2,2.0,1,-1,4,0,2.0,1.0,1,64,3.5714285714285716
11,95,2,2,1,9,64,3,1,4,1,2.0,0,1,4,0,1.0,2.0,1,68,1.1
30,80,3,3,0,6,54,3,1,1,3,2.0,0,1,3,0,1.0,2.0,0,71,4.285714285714286
23,83,2,1,1,7,57,2,0,2,2,3.0,0,1,4,0,1.0,2.0,0,67,2.875
28,83,2,1,0,8,61,2,1,1,1,2.0,1,-1,5,1,3.0,1.0,1,67,3.111111111111111
12,76,2,2,1,9,50,2,1,2,2,3.0,0,-1,3,0,2.0,1.0,1,64,1.2
12,68,3,1,0,6,52,1,1,5,3,3.0,0,0,3,0,2.0,1.0,1,63,1.7142857142857142
19,90,3,3,0,8,85,2,1,2,2,2.0,0,0,4,0,2.0,1.0,1,72,2.111111111111111
23,65,1,2,1,6,81,1,1,2,1,2.0,0,0,2,0,1.0,1.0,0,63,3.2857142857142856
31,64,3,2,0,10,97,1,1,2,2,2.0,1,-1,4,0,1.0,3.0,0,67,2.8181818181818183
24,88,1,2,1,5,70,2,0,1,1,2.0,1,1,2,0,3.0,1.0,1,68,4.0
19,68,1,3,1,8,72,3,1,2,1,3.0,1,0,3,0,2.0,3.0,1,64,2.111111111111111
14,72,2,3,0,9,53,2,1,4,2,2.0,0,-1,3,0,3.0,1.0,1,65,1.4
27,79,2,1,1,5,58,3,1,2,2,2.0,1,0,1,0,3.0,3.0,0,68,4.5
14,78,2,3,1,8,85,2,1,2,1,2.0,1,-1,4,0,1.0,1.0,1,66,1.5555555555555556
30,88,2,2,1,6,62,3,1,4,1,2.0,1,1,5,0,2.0,3.0,0,73,4.285714285714286
18,85,1,2,1,10,89,2,1,1,3,2.0,1,1,3,0,1.0,1.0,0,68,1.6363636363636365
30,86,2,3,0,4,85,3,1,2,2,2.0,1,0,5,1,3.0,3.0,1,72,6.0
24,89,2,2,1,5,87,2,0,3,3,2.0,0,0,0,0,1.0,1.0,0,70,4.0
19,72,2,2,1,5,85,3,1,1,1,2.0,1,0,4,0,2.0,1.0,0,66,3.1666666666666665
17,73,1,2,1,5,85,3,1,3,2,2.0,0,1,1,0,2.0,1.0,0,66,2.8333333333333335
18,78,1,1,1,8,77,2,1,2,2,3.0,1,0,4,0,2.0,1.0,0,66,2.0
23,72,3,1,1,10,84,1,1,2,1,2.0,0,-1,2,0,1.0,2.0,1,65,2.090909090909091
20,99,3,1,1,9,76,3,1,2,1,2.0,0,0,5,0,2.0,3.0,1,71,2.0
16,93,1,2,1,7,60,2,1,1,2,2.0,0,1,1,0,1.0,2.0,0,66,2.0
19,67,2,1,0,7,61,3,1,1,2,2.0,1,0,4,0,2.0,2.0,0,63,2.375
20,60,2,2,1,6,70,2,1,2,1,2.0,0,0,3,1,3.0,1.0,0,63,2.857142857142857
7,62,3,2,1,8,51,1,1,0,2,1.0,0,1,3,0,2.0,2.0,1,58,0.7777777777777778
23,70,2,3,0,7,94,1,1,3,2,3.0,0,0,3,0,1.0,1.0,0,68,2.875
14,65,3,2,0,7,63,2,1,2,1,2.0,0,0,3,0,1.0,2.0,1,61,1.75
13,81,2,3,0,6,53,1,1,2,1,2.0,0,1,4,0,1.0,1.0,1,65,1.8571428571428572
10,94,3,1,0,5,71,2,1,1,3,2.0,0,1,3,0,1.0,2.0,1,67,1.6666666666666667
9,89,1,3,1,7,91,2,1,1,3,1.0,0,0,3,0,3.0,1.0,1,67,1.125
12,69,3,1,0,7,70,2,1,1,2,2.0,1,1,4,0,1.0,1.0,1,62,1.5
16,76,2,3,1,6,63,3,1,0,1,2.0,0,1,1,0,1.0,1.0,0,86,2.2857142857142856
32,80,3,2,0,6,77,1,1,0,2,2.0,0,0,5,0,2.0,1.0,1,71,4.571428571428571
17,92,2,2,1,8,79,2,1,1,1,2.0,0,1,3,0,3.0,1.0,1,70,1.8888888888888888
21,94,2,2,0,8,88,2,1,1,2,2.0,0,1,3,0,2.0,1.0,1,71,2.3333333333333335
22,96,3,1,0,10,90,3,1,2,1,2.0,0,0,3,1,2.0,2.0,1,71,2.0
21,80,3,3,1,9,85,1,1,1,3,2.0,0,-1,3,0,2.0,1.0,0,70,2.1
20,88,2,3,1,5,50,2,0,2,1,2.0,0,0,5,0,1.0,2.0,1,67,3.3333333333333335
13,64,2,1,1,7,50,3,1,0,2,1.0,0,1,4,0,1.0,1.0,1,60,1.625
29,83,3,3,0,5,99,2,1,0,2,3.0,0,0,4,0,2.0,1.0,0,73,4.833333333333333
31,70,3,1,1,4,63,3,1,1,2,2.0,0,0,2,1,1.0,1.0,0,67,6.2
10,77,1,3,1,10,64,3,1,1,1,2.0,1,-1,3,1,2.0,1.0,0,62,0.9090909090909091
14,85,2,3,0,9,87,3,1,0,2,2.0,0,-1,3,0,2.0,1.0,0,67,1.4
18,70,3,1,0,6,79,2,1,1,2,3.0,0,1,2,0,2.0,1.0,0,65,2.5714285714285716
14,62,2,2,0,9,73,2,1,1,1,2.0,0,0,6,0,1.0,1.0,1,61,1.4
23,60,3,2,1,9,56,1,0,0,1,2.0,1,-1,4,0,1.0,2.0,0,61,2.3
16,61,3,2,0,4,54,1,1,1,1,2.0,1,0,2,0,1.0,1.0,0,60,3.2
33,60,3,3,0,8,85,1,1,4,1,1.0,0,-1,3,0,1.0,1.0,1,68,3.6666666666666665
27,64,3,2,1,6,56,1,1,0,1,3.0,0,0,5,0,2.0,2.0,0,65,3.857142857142857
21,70,3,3,1,8,72,1,1,3,2,1.0,0,0,1,0,3.0,2.0,0,67,2.3333333333333335
26,69,3,1,0,10,87,1,1,2,2,1.0,0,1,2,0,3.0,1.0,1,67,2.3636363636363638
27,99,3,2,0,9,96,1,1,0,3,2.0,1,1,2,0,2.0,2.0,1,74,2.7
17,72,1,2,0,7,94,1,1,4,2,2.0,0,1,2,0,1.0,3.0,0,64,2.125
15,65,2,3,1,9,93,1,1,2,1,1.0,1,0,3,0,2.0,1.0,1,64,1.5
20,82,2,1,1,4,68,2,1,2,1,3.0,0,0,3,0,1.0,1.0,1,67,4.0
25,94,3,3,0,8,96,3,1,6,2,2.0,0,-1,3,1,1.0,3.0,0,74,2.7777777777777777
21,87,2,2,1,8,84,3,1,1,1,1.0,1,1,2,0,2.0,1.0,1,69,2.3333333333333335
11,72,1,2,0,8,94,3,1,1,1,1.0,0,1,2,0,1.0,1.0,1,62,1.2222222222222223
15,82,2,2,1,6,54,2,1,1,2,2.0,0,1,2,0,2.0,1.0,0,66,2.142857142857143
20,89,3,3,1,8,52,1,1,2,2,2.0,0,-1,3,0,2.0,2.0,0,69,2.2222222222222223
20,89,3,2,1,8,71,2,1,1,2,2.0,0,-1,1,0,3.0,3.0,1,68,2.2222222222222223
32,87,3,2,1,4,91,2,1,2,3,2.0,0,0,2,0,1.0,2.0,0,74,6.4
12,95,2,2,0,7,70,2,1,4,2,3.0,0,1,3,0,1.0,3.0,1,68,1.5
23,95,2,2,1,6,94,3,1,2,2,2.0,0,0,3,0,1.0,1.0,1,73,3.2857142857142856
29,83,2,1,0,8,62,1,1,4,3,2.0,0,-1,5,0,2.0,1.0,1,70,3.2222222222222223
34,77,2,3,0,9,52,2,1,0,2,2.0,1,0,4,0,1.0,2.0,0,69,3.4
18,86,2,2,1,6,88,2,1,2,2,3.0,0,0,2,0,2.0,3.0,1,68,2.5714285714285716
23,93,2,3,0,5,81,3,1,2,1,2.0,1,-1,1,0,2.0,1.0,1,71,3.8333333333333335
23,60,1,2,0,7,72,1,1,3,3,2.0,0,0,2,0,2.0,1.0,0,64,2.875
21,100,2,2,0,5,92,1,1,3,1,1.0,0,1,3,1,3.0,1.0,1,71,3.5
19,67,2,2,0,7,91,2,1,1,1,3.0,0,0,3,0,1.0,1.0,0,65,2.375
23,79,1,2,1,7,66,3,1,1,3,2.0,1,1,3,0,3.0,1.0,1,68,2.875
5,95,2,3,1,8,92,1,1,1,1,3.0,1,0,2,0,2.0,1.0,0,67,0.5555555555555556
24,69,2,3,1,7,67,2,1,2,2,3.0,0,-1,4,0,3.0,3.0,1,67,3.0
21,79,2,1,1,7,81,1,1,2,2,2.0,0,0,4,0,1.0,1.0,1,67,2.625
19,65,2,3,1,9,60,1,1,1,1,2.0,0,0,3,0,3.0,2.0,1,63,1.9
32,76,2,2,0,7,63,2,1,0,2,1.0,0,1,3,0,1.0,1.0,0,68,4.0
16,67,3,3,1,6,72,2,1,1,1,3.0,0,1,3,0,3.0,1.0,0,66,2.2857142857142856
18,75,2,2,1,7,66,3,1,1,3,3.0,0,1,4,0,1.0,1.0,1,67,2.25
32,75,2,1,1,6,56,2,1,3,2,2.0,0,0,2,0,2.0,2.0,0,68,4.571428571428571
15,100,3,2,1,5,74,2,1,2,3,2.0,1,0,3,0,3.0,1.0,1,72,2.5
17,100,2,2,0,5,76,1,1,3,1,3.0,1,0,3,0,3.0,2.0,0,70,2.8333333333333335
19,65,1,3,0,9,58,1,1,3,2,2.0,0,-1,4,0,1.0,2.0,0,62,1.9
25,89,2,1,1,6,59,2,1,2,1,2.0,0,0,2,0,2.0,1.0,0,69,3.5714285714285716
21,62,2,1,1,7,51,1,1,0,1,2.0,1,1,4,0,1.0,1.0,0,61,2.625
12,61,2,1,1,7,52,1,1,2,1,2.0,0,1,2,0,1.0,2.0,0,58,1.5
17,64,1,2,0,7,68,2,1,5,2,2.0,1,0,3,0,1.0,1.0,1,63,2.125
16,99,3,2,0,9,57,3,0,4,2,2.0,0,1,3,0,2.0,1.0,0,71,1.6
20,98,1,2,1,7,96,1,0,1,1,3.0,0,1,3,0,2.0,1.0,0,70,2.5
23,68,3,2,0,6,60,2,1,1,1,2.0,0,0,3,0,1.0,1.0,0,64,3.2857142857142856
23,66,3,1,0,6,53,1,1,2,2,2.0,0,1,1,0,2.0,3.0,1,63,3.2857142857142856
9,70,3,2,1,8,70,1,1,1,2,2.0,0,1,3,0,2.0,1.0,1,63,1.0
26,81,3,1,0,8,60,3,1,2,1,3.0,0,1,5,0,3.0,1.0,0,71,2.888888888888889
22,83,1,3,1,8,53,2,0,0,1,1.0,0,-1,2,0,3.0,1.0,0,65,2.4444444444444446
28,69,3,3,0,7,88,1,1,2,1,2.0,0,0,2,0,1.0,2.0,1,68,3.5
23,90,2,3,1,5,78,3,0,1,2,2.0,1,0,3,0,1.0,2.0,1,70,3.8333333333333335
27,72,3,3,1,8,53,2,1,3,2,1.0,0,0,3,0,1.0,3.0,0,68,3.0
23,97,2,3,0,7,73,2,0,3,1,2.0,1,-1,1,0,1.0,2.0,1,69,2.875
28,86,2,2,1,7,52,2,1,0,2,2.0,0,1,5,0,2.0,1.0,1,70,3.5
23,77,3,2,0,5,68,1,1,0,3,3.0,1,1,3,1,1.0,1.0,1,67,3.8333333333333335
19,92,1,3,1,6,68,2,1,2,2,2.0,0,0,2,0,1.0,1.0,0,69,2.7142857142857144
34,93,1,2,0,6,91,1,1,2,3,2.0,0,0,3,0,1.0,2.0,0,73,4.857142857142857
25,72,2,2,1,8,87,1,1,3,2,1.0,0,1,3,0,3.0,2.0,1,68,2.7777777777777777
23,74,3,2,0,8,95,2,1,2,1,2.0,0,-1,2,0,2.0,3.0,0,67,2.5555555555555554
12,97,2,3,1,7,57,1,1,0,1,2.0,1,1,4,0,2.0,2.0,0,67,1.5
12,67,2,3,1,8,77,2,1,2,1,3.0,1,1,3,0,2.0,1.0,1,64,1.3333333333333333
22,62,3,2,0,9,51,2,1,2,1,2.0,0,0,2,0,1.0,1.0,1,63,2.2
21,78,1,3,0,8,91,2,0,1,2,1.0,1,-1,5,0,3.0,1.0,0,67,2.3333333333333335
16,92,2,3,1,8,68,2,1,1,2,3.0,0,1,2,0,1.0,1.0,1,70,1.7777777777777777
21,91,3,2,1,6,53,3,1,1,2,2.0,0,1,3,0,3.0,1.0,0,71,3.0
30,97,2,3,1,6,66,3,1,1,2,2.0,1,0,2,0,2.0,1.0,1,74,4.285714285714286
24,81,2,3,1,9,64,3,1,2,3,1.0,0,1,3,0,1.0,1.0,1,70,2.4
13,64,1,1,0,6,88,2,1,1,2,2.0,0,0,2,0,2.0,2.0,0,59,1.8571428571428572
19,84,1,2,1,8,56,2,1,0,1,2.0,1,0,3,1,1.0,1.0,1,64,2.111111111111111
15,91,1,2,0,10,78,1,1,2,2,3.0,0,0,3,0,1.0,1.0,0,67,1.3636363636363635
18,64,2,2,1,8,90,2,1,1,1,2.0,0,0,3,0,1.0,1.0,1,63,2.0
18,67,1,3,1,7,87,2,1,5,1,1.0,0,1,2,0,2.0,1.0,1,66,2.25
17,60,2,2,1,5,97,2,1,1,2,2.0,1,-1,4,0,2.0,3.0,1,62,2.8333333333333335
12,84,1,2,0,7,50,2,1,3,3,3.0,0,0,3,0,1.0,1.0,1,65,1.5
19,95,3,3,1,9,68,2,1,3,3,2.0,0,1,4,0,2.0,3.0,1,73,1.9
17,87,3,3,1,7,68,3,1,1,2,3.0,0,1,2,0,1.0,1.0,1,70,2.125
2,99,2,1,1,9,52,1,1,0,2,2.0,0,0,4,0,1.0,1.0,1,62,0.2
32,63,2,3,0,8,91,2,0,2,3,1.0,0,1,5,1,1.0,1.0,0,68,3.5555555555555554
27,96,3,1,1,7,84,2,1,1,3,2.0,0,0,3,0,2.0,1.0,1,74,3.375
18,93,2,2,0,7,76,1,1,2,2,2.0,1,0,4,0,1.0,1.0,0,96,2.25
20,73,3,3,0,5,70,3,1,1,1,3.0,0,-1,2,0,1.0,2.0,1,66,3.3333333333333335
13,99,1,3,1,6,95,2,0,0,1,2.0,0,1,4,0,3.0,1.0,1,69,1.8571428571428572
30,72,3,3,1,6,63,2,1,1,1,2.0,0,0,3,0,3.0,1.0,0,70,4.285714285714286
31,96,2,1,1,8,67,2,1,2,2,2.0,1,0,3,0,2.0,1.0,1,73,3.4444444444444446
21,95,1,1,0,7,98,1,1,1,1,3.0,0,1,2,0,1.0,1.0,1,69,2.625
26,90,3,3,1,9,53,2,1,1,1,2.0,1,0,4,0,1.0,3.0,1,71,2.6
21,83,3,1,1,7,89,1,0,0,1,1.0,0,0,2,0,2.0,2.0,0,65,2.625
12,65,2,1,1,6,86,2,1,1,2,2.0,0,1,3,0,3.0,1.0,0,62,1.7142857142857142
18,81,3,3,0,6,95,1,1,1,2,2.0,0,1,3,0,1.0,1.0,1,69,2.5714285714285716
21,74,1,2,0,6,55,3,1,3,1,2.0,0,1,2,0,2.0,1.0,1,65,3.0
17,92,2,2,0,7,99,2,1,1,2,2.0,0,0,2,0,2.0,3.0,0,68,2.125
19,90,1,1,1,6,51,3,1,1,1,2.0,0,-1,3,1,3.0,1.0,1,65,2.7142857142857144
19,96,2,3,1,5,67,2,1,4,3,2.0,1,0,1,0,1.0,2.0,1,72,3.1666666666666665
20,61,3,3,1,9,54,2,1,2,3,2.0,1,1,4,0,3.0,1.0,1,67,2.0
20,92,2,1,0,7,53,2,1,2,2,3.0,1,1,2,0,2.0,3.0,1,68,2.5
14,98,1,2,0,7,98,2,0,0,2,3.0,0,1,3,0,1.0,1.0,1,68,1.75
16,92,2,2,0,6,86,1,0,2,2,2.0,1,0,3,1,2.0,1.0,0,66,2.2857142857142856
12,65,2,3,1,5,75,3,1,0,3,2.0,1,-1,2,0,1.0,2.0,1,62,2.0
26,63,2,2,1,7,55,2,1,2,2,3.0,0,0,4,0,1.0,3.0,1,65,3.25
7,61,1,3,1,4,76,3,1,1,2,2.0,1,1,5,0,1.0,3.0,0,60,1.4
27,85,3,2,1,8,66,2,1,2,1,3.0,1,0,4,1,1.0,2.0,1,70,3.0
28,85,2,2,1,6,64,1,1,1,1,2.0,0,0,1,0,1.0,2.0,1,68,4.0
18,99,2,3,1,7,81,1,1,1,2,2.0,0,0,3,0,3.0,1.0,1,72,2.25
4,76,2,2,1,8,90,2,1,2,3,2.0,0,1,2,0,1.0,2.0,0,63,0.4444444444444444
18,73,2,3,1,7,72,1,1,1,2,2.0,1,0,1,1,1.0,2.0,1,63,2.25
20,85,1,2,1,5,75,1,1,1,2,2.0,0,0,2,0,2.0,1.0,1,67,3.3333333333333335
14,93,2,1,1,9,83,1,1,4,2,2.0,0,0,2,0,3.0,1.0,0,68,1.4
17,97,2,2,0,5,56,1,1,2,3,2.0,0,1,3,0,1.0,1.0,0,69,2.8333333333333335
29,92,3,2,1,4,91,1,1,1,3,3.0,0,0,4,0,1.0,1.0,0,75,5.8
24,77,1,2,0,8,92,3,1,0,3,2.0,0,0,3,0,1.0,2.0,1,67,2.6666666666666665
14,85,3,3,1,5,77,2,1,2,1,3.0,0,1,3,0,1.0,1.0,1,69,2.3333333333333335
10,94,1,2,0,9,59,1,1,0,2,2.0,0,1,2,0,3.0,1.0,1,65,1.0
18,80,1,3,1,8,75,2,0,2,2,2.0,0,-1,4,0,1.0,1.0,1,65,2.0
19,69,2,2,1,7,55,1,1,1,1,2.0,0,1,4,0,2.0,1.0,0,63,2.375
23,67,1,2,0,6,88,2,1,2,2,2.0,1,0,4,0,1.0,1.0,1,65,3.2857142857142856
17,60,2,1,0,6,66,2,1,0,1,2.0,0,1,2,0,1.0,3.0,0,58,2.4285714285714284
23,89,3,3,1,6,66,1,1,0,1,3.0,1,1,3,0,1.0,2.0,1,70,3.2857142857142856
32,64,1,1,1,6,97,2,1,1,2,1.0,0,0,5,0,2.0,2.0,1,66,4.571428571428571
25,70,2,1,0,9,71,2,0,2,1,2.0,0,-1,2,0,2.0,1.0,0,63,2.5
20,72,2,1,1,6,89,1,1,1,1,2.0,1,-1,3,0,1.0,3.0,1,62,2.857142857142857
19,82,2,2,1,8,82,3,1,2,2,2.0,1,1,3,0,2.0,2.0,0,69,2.111111111111111
18,76,2,2,0,9,66,3,1,1,3,3.0,0,1,3,0,1.0,1.0,0,66,1.8
27,87,3,1,0,6,56,2,1,0,1,3.0,0,0,2,0,1.0,2.0,1,68,3.857142857142857
16,62,1,2,1,8,90,1,1,2,3,2.0,0,0,2,0,3.0,3.0,1,62,1.7777777777777777
20,65,3,2,0,6,88,2,1,0,2,3.0,0,-1,4,1,1.0,1.0,1,64,2.857142857142857
20,80,2,3,1,7,58,1,0,0,2,2.0,0,0,2,0,2.0,1.0,0,65,2.5
17,73,2,3,1,6,62,1,1,2,1,2.0,1,-1,3,0,2.0,3.0,1,64,2.4285714285714284
12,72,2,2,0,6,88,3,1,2,3,2.0,0,1,3,0,1.0,1.0,0,65,1.7142857142857142
22,63,2,2,1,7,99,1,1,3,2,2.0,1,0,4,0,1.0,2.0,1,65,2.75
20,96,1,2,1,5,92,2,1,0,2,2.0,0,0,3,0,2.0,1.0,0,70,3.3333333333333335
23,88,1,3,0,8,84,3,1,2,2,2.0,1,1,3,1,3.0,1.0,0,71,2.5555555555555554
17,65,2,2,1,5,96,1,1,2,2,3.0,0,1,3,0,2.0,2.0,1,65,2.8333333333333335
27,63,3,2,0,5,64,2,0,1,3,3.0,0,1,4,0,3.0,1.0,1,67,4.5
15,99,1,3,1,7,50,3,0,4,1,2.0,0,1,2,0,1.0,2.0,1,68,1.875
30,87,3,3,1,6,66,1,1,1,2,2.0,0,0,4,0,1.0,1.0,1,73,4.285714285714286
10,77,2,3,0,8,99,2,1,0,2,3.0,0,0,4,1,1.0,1.0,1,64,1.1111111111111112
23,88,3,3,0,7,94,1,0,3,1,2.0,1,1,1,0,1.0,1.0,1,71,2.875
23,90,2,3,0,5,53,2,1,2,2,3.0,1,1,2,0,1.0,1.0,0,70,3.8333333333333335
15,91,1,3,0,8,75,2,1,4,2,2.0,0,0,1,0,1.0,1.0,0,68,1.6666666666666667
23,79,3,2,1,7,54,2,1,2,1,2.0,1,0,4,0,2.0,2.0,0,68,2.875
28,77,1,3,1,7,89,2,1,3,1,2.0,0,1,3,1,1.0,3.0,1,68,3.5
7,60,2,3,1,10,69,1,1,0,1,2.0,1,1,3,0,2.0,2.0,0,59,0.6363636363636364
23,97,2,2,1,9,96,2,1,2,2,3.0,1,0,4,0,2.0,1.0,1,74,2.3
5,84,2,2,1,7,53,1,0,1,1,3.0,0,1,3,0,3.0,2.0,1,62,0.625
14,68,3,1,1,5,87,3,1,2,2,2.0,0,1,3,0,1.0,3.0,1,64,2.3333333333333335
30,97,3,3,0,5,70,2,1,0,3,2.0,0,1,2,0,3.0,1.0,1,76,5.0
17,97,3,2,1,9,63,2,1,2,1,2.0,0,1,2,0,1.0,1.0,1,70,1.7
13,100,3,2,0,6,76,2,0,0,1,1.0,0,1,5,0,3.0,1.0,1,69,1.8571428571428572
19,95,2,2,1,7,74,3,0,0,1,3.0,0,1,2,0,1.0,1.0,0,69,2.375
32,100,1,3,1,5,67,2,0,4,2,2.0,0,1,3,0,1.0,3.0,1,74,5.333333333333333
9,70,3,2,0,8,82,1,0,2,3,3.0,0,-1,2,0,1.0,1.0,0,62,1.0
14,94,2,2,0,9,83,3,1,2,1,3.0,0,1,3,0,3.0,2.0,1,70,1.4
29,93,1,2,1,9,54,2,0,4,1,3.0,0,1,3,0,1.0,1.0,1,71,2.9
31,69,2,1,1,6,80,1,1,4,2,2.0,0,-1,2,0,2.0,1.0,1,68,4.428571428571429
19,64,3,1,1,8,86,1,1,3,3,2.0,1,0,3,0,3.0,1.0,0,66,2.111111111111111
13,99,1,2,0,7,54,3,1,3,3,2.0,0,-1,3,0,1.0,3.0,1,67,1.625
33,72,3,2,0,8,83,1,1,3,1,3.0,1,0,4,0,1.0,1.0,1,71,3.6666666666666665
30,95,2,2,1,7,90,2,1,3,2,2.0,0,0,1,0,1.0,2.0,1,74,3.75
24,60,1,2,1,6,92,1,1,3,2,2.0,0,1,2,0,2.0,1.0,1,65,3.4285714285714284
15,61,3,1,1,9,52,2,1,1,2,2.0,1,0,3,0,1.0,2.0,0,60,1.5
20,79,3,3,1,7,85,1,1,2,2,2.0,0,0,2,0,2.0,2.0,1,69,2.5
19,70,2,2,1,6,90,1,1,2,1,2.0,1,1,3,0,1.0,2.0,1,65,2.7142857142857144
22,88,2,1,1,7,70,2,1,3,1,2.0,0,1,2,0,1.0,1.0,0,69,2.75
29,83,2,1,1,6,77,3,1,1,2,2.0,0,0,4,0,1.0,1.0,1,70,4.142857142857143
25,63,3,1,1,8,63,2,1,0,2,3.0,1,1,1,1,3.0,1.0,0,65,2.7777777777777777
14,67,1,1,1,7,66,1,1,0,1,2.0,0,0,4,0,1.0,3.0,0,57,1.75
28,76,2,2,1,6,75,1,1,0,2,3.0,0,1,2,0,1.0,1.0,0,68,4.0
22,67,3,3,0,10,58,2,1,2,3,1.0,0,0,3,0,3.0,1.0,1,67,2.0
24,92,2,2,0,5,69,2,1,2,2,2.0,1,-1,4,0,1.0,1.0,0,70,4.0
29,77,2,2,1,8,65,2,1,1,2,2.0,0,0,3,0,1.0,1.0,1,68,3.2222222222222223
13,64,3,3,1,7,62,2,1,1,1,2.0,0,0,1,0,2.0,2.0,0,62,1.625
20,79,3,2,1,5,74,2,1,1,1,2.0,0,0,5,0,1.0,3.0,1,67,3.3333333333333335
17,64,3,3,1,6,92,2,1,0,2,2.0,1,1,1,0,3.0,1.0,1,66,2.4285714285714284
11,65,2,1,1,5,62,2,1,2,2,3.0,0,0,2,0,2.0,3.0,0,60,1.8333333333333333
22,70,3,1,0,10,83,1,1,0,2,2.0,0,1,2,0,2.0,2.0,1,65,2.0
35,94,3,2,1,7,63,2,1,1,1,3.0,0,1,2,0,2.0,1.0,0,75,4.375
9,97,1,2,1,7,57,2,1,4,2,3.0,0,0,5,0,1.0,3.0,0,67,1.125
20,93,2,3,0,10,97,2,1,1,1,2.0,0,0,2,0,3.0,2.0,1,71,1.8181818181818181
24,73,1,1,1,6,82,2,1,0,2,2.0,0,-1,2,1,1.0,1.0,1,63,3.4285714285714284
21,71,3,2,1,9,55,1,1,2,3,3.0,0,1,1,0,3.0,2.0,1,67,2.1
19,82,3,2,0,8,82,1,1,2,1,2.0,1,-1,4,0,3.0,1.0,0,68,2.111111111111111
12,89,3,1,1,4,59,1,1,2,1,3.0,0,-1,4,0,1.0,1.0,1,65,2.4
21,100,1,3,0,6,94,2,0,1,3,2.0,0,1,3,0,2.0,2.0,0,72,3.0
15,65,2,2,0,8,62,2,1,1,2,2.0,0,0,4,0,1.0,2.0,0,61,1.6666666666666667
7,62,1,3,0,7,90,2,1,1,2,1.0,0,0,5,0,2.0,2.0,0,60,0.875
27,88,3,3,1,7,60,2,1,2,1,2.0,0,1,2,0,1.0,1.0,0,72,3.375
26,93,2,2,1,6,78,2,1,2,2,2.0,0,0,3,0,3.0,3.0,0,72,3.7142857142857144
20,94,1,2,1,6,96,2,1,2,2,2.0,1,-1,3,0,2.0,1.0,1,70,2.857142857142857
21,87,1,2,0,7,65,3,1,2,2,2.0,0,-1,3,1,2.0,1.0,1,67,2.625
26,98,2,2,0,10,54,2,1,0,1,3.0,1,0,1,0,3.0,1.0,1,71,2.3636363636363638
21,80,2,1,1,6,78,2,1,0,2,2.0,1,-1,2,0,3.0,1.0,0,66,3.0
25,97,3,3,0,6,59,1,1,0,1,3.0,0,1,2,0,1.0,1.0,0,72,3.5714285714285716
18,99,2,2,1,7,86,2,0,1,3,2.0,0,0,4,0,1.0,2.0,0,70,2.25
28,94,2,1,1,5,80,2,1,2,3,2.0,0,-1,2,0,1.0,2.0,0,71,4.666666666666667
22,72,1,1,1,8,67,3,1,2,2,2.0,0,-1,4,0,2.0,3.0,1,64,2.4444444444444446
21,68,2,2,1,5,85,2,0,3,3,2.0,0,1,2,0,2.0,2.0,1,66,3.5
12,82,3,1,0,5,62,1,1,2,2,2.0,0,1,4,0,1.0,1.0,1,64,2.0
22,78,2,2,1,5,96,2,1,0,1,2.0,0,0,3,0,1.0,2.0,1,67,3.6666666666666665
15,95,1,1,0,5,67,3,1,3,2,2.0,0,1,3,0,1.0,2.0,0,67,2.5
16,64,3,1,0,9,88,2,1,1,2,3.0,0,1,3,0,1.0,1.0,1,64,1.6
15,70,1,2,0,8,63,1,1,0,2,2.0,1,1,4,0,1.0,2.0,0,61,1.6666666666666667
14,90,3,3,1,8,86,2,1,4,2,2.0,1,-1,2,0,1.0,1.0,0,99,1.5555555555555556
33,64,2,2,0,8,52,1,0,3,3,2.0,0,1,4,0,1.0,1.0,1,67,3.6666666666666665
28,73,2,3,1,7,65,3,1,3,3,3.0,0,1,3,0,3.0,1.0,1,72,3.5
32,75,1,1,0,7,55,2,1,1,2,2.0,0,0,4,0,1.0,2.0,1,66,4.0
13,85,1,3,1,9,73,3,1,3,2,3.0,0,1,2,0,3.0,2.0,1,68,1.3
20,66,3,1,0,9,72,1,1,1,2,3.0,0,1,1,0,2.0,1.0,0,64,2.0
12,94,3,3,0,5,68,3,1,1,3,2.0,0,0,2,0,1.0,1.0,1,69,2.0
16,78,2,3,0,10,99,1,1,0,1,2.0,0,1,4,0,1.0,3.0,0,65,1.4545454545454546
14,97,1,3,0,5,62,2,0,1,2,2.0,0,0,4,1,3.0,3.0,0,66,2.3333333333333335
27,79,3,3,1,6,90,1,1,3,2,3.0,0,1,4,0,1.0,1.0,1,73,3.857142857142857
18,71,2,2,1,7,72,1,1,0,1,2.0,0,0,4,0,1.0,1.0,0,63,2.25
26,66,2,2,1,7,67,3,1,3,2,2.0,0,-1,4,0,1.0,2.0,0,66,3.25
24,60,2,2,1,10,60,1,1,3,1,3.0,1,0,2,0,3.0,1.0,0,65,2.1818181818181817
34,81,2,2,1,9,82,1,1,1,2,3.0,0,-1,2,0,1.0,1.0,1,71,3.4
11,64,2,1,1,8,67,3,0,1,2,2.0,0,0,2,1,2.0,1.0,1,58,1.2222222222222223
28,76,2,2,0,9,91,2,1,0,1,3.0,1,0,3,0,1.0,2.0,1,68,2.8
27,84,2,2,0,8,98,2,1,0,1,2.0,0,0,4,0,1.0,2.0,1,69,3.0
14,71,3,1,1,6,61,1,1,0,1,2.0,0,1,3,0,3.0,1.0,0,63,2.0
26,67,2,2,1,8,56,2,1,1,2,2.0,0,-1,5,0,2.0,1.0,0,66,2.888888888888889
22,91,2,2,1,7,66,2,0,0,3,3.0,0,-1,3,0,2.0,1.0,0,69,2.75
19,98,2,1,1,6,73,2,1,3,1,2.0,1,-1,3,0,2.0,1.0,1,69,2.7142857142857144
15,64,3,2,0,9,65,2,1,2,2,2.0,0,0,2,0,1.0,1.0,1,63,1.5
16,66,1,3,1,7,99,2,1,1,1,2.0,0,1,3,0,2.0,1.0,0,65,2.0
32,98,1,3,0,5,89,2,1,2,3,1.0,1,1,3,0,2.0,1.0,1,76,5.333333333333333
20,62,3,2,1,6,98,3,1,0,3,3.0,0,0,3,0,3.0,1.0,1,67,2.857142857142857
25,99,1,2,0,8,69,2,0,1,1,3.0,0,1,3,0,3.0,2.0,1,70,2.7777777777777777
15,60,2,1,0,9,65,2,1,1,2,3.0,0,-1,5,0,2.0,2.0,1,60,1.5
15,95,3,1,0,8,70,2,1,2,3,3.0,0,0,3,1,1.0,1.0,0,68,1.6666666666666667
26,72,2,2,1,8,76,2,1,1,2,2.0,0,-1,3,0,3.0,1.0,1,68,2.888888888888889
12,98,1,3,1,6,87,2,1,2,1,2.0,1,0,3,0,3.0,1.0,0,70,1.7142857142857142
18,73,2,3,1,7,94,3,1,1,3,2.0,1,0,3,0,3.0,2.0,0,68,2.25
20,86,3,3,0,7,73,2,1,3,1,1.0,0,0,3,1,1.0,1.0,1,69,2.5
21,63,2,2,1,7,64,2,1,0,1,2.0,0,-1,3,0,1.0,1.0,0,62,2.625
19,70,3,1,0,7,66,2,1,1,3,1.0,1,0,4,0,2.0,2.0,1,64,2.375
22,91,3,2,0,6,85,1,1,2,2,2.0,1,1,2,0,1.0,2.0,0,71,3.142857142857143
24,81,2,2,1,8,78,2,1,1,1,2.0,0,1,2,0,1.0,1.0,1,68,2.6666666666666665
24,97,3,2,0,5,74,3,1,0,2,1.0,0,0,5,0,1.0,1.0,0,72,4.0
14,77,2,2,1,5,60,1,1,1,3,3.0,1,-1,3,0,3.0,3.0,1,64,2.3333333333333335
18,95,2,3,1,6,94,2,1,6,1,3.0,0,0,3,0,1.0,3.0,0,73,2.5714285714285716
27,78,2,3,0,8,89,1,1,0,1,2.0,0,0,3,0,3.0,1.0,0,69,3.0
25,99,1,2,0,8,57,2,1,1,2,1.0,1,1,3,0,3.0,2.0,1,70,2.7777777777777777
12,98,2,3,0,4,68,2,1,3,1,3.0,0,0,2,0,1.0,1.0,0,69,2.4
22,73,2,1,0,8,77,2,1,1,3,2.0,0,0,3,0,1.0,3.0,1,64,2.4444444444444446
8,95,2,2,0,7,73,1,1,2,2,2.0,1,0,2,0,2.0,1.0,1,66,1.0
20,94,2,2,1,6,70,3,1,1,2,2.0,0,0,2,0,1.0,2.0,0,69,2.857142857142857
31,68,3,2,0,7,86,1,1,1,1,2.0,1,1,3,0,1.0,2.0,0,68,3.875
14,85,2,1,1,5,53,2,1,4,2,2.0,0,0,3,0,1.0,1.0,1,65,2.3333333333333335
15,63,3,1,1,7,74,2,1,4,1,2.0,0,-1,2,0,1.0,2.0,1,62,1.875
25,93,3,3,1,5,63,2,1,2,3,2.0,0,1,2,0,3.0,1.0,0,75,4.166666666666667
11,67,2,2,1,6,54,1,1,0,1,2.0,0,1,3,0,1.0,1.0,0,60,1.5714285714285714
16,63,2,3,1,6,73,2,1,0,2,2.0,0,0,4,0,2.0,1.0,1,63,2.2857142857142856
24,76,2,1,1,8,59,2,1,2,2,2.0,0,1,4,0,2.0,3.0,1,66,2.6666666666666665
16,83,3,2,1,7,63,2,1,0,2,2.0,0,0,3,0,3.0,1.0,0,67,2.0
19,94,1,2,1,8,75,2,1,1,2,2.0,0,-1,3,0,2.0,2.0,0,68,2.111111111111111
24,99,2,2,1,5,99,2,1,0,1,2.0,0,1,3,0,1.0,2.0,0,72,4.0
23,78,1,2,0,7,84,3,1,0,1,2.0,1,0,3,0,2.0,1.0,1,66,2.875
22,62,2,2,1,8,64,2,1,0,1,2.0,0,0,3,0,3.0,1.0,0,63,2.4444444444444446
18,90,2,3,1,9,69,2,1,1,3,3.0,1,1,3,0,2.0,2.0,0,71,1.8
22,83,1,2,1,5,70,3,1,2,1,2.0,0,1,3,0,2.0,3.0,1,67,3.6666666666666665
19,78,2,2,1,6,58,2,1,1,1,2.0,0,0,3,0,3.0,1.0,1,66,2.7142857142857144
23,72,3,2,0,8,58,2,0,2,1,3.0,1,1,2,0,2.0,1.0,0,66,2.5555555555555554
17,80,3,3,0,9,57,2,1,4,1,2.0,0,1,2,0,2.0,1.0,1,68,1.7
19,74,2,2,0,7,76,3,1,1,3,2.0,0,0,3,0,2.0,1.0,0,66,2.375
14,90,3,2,1,5,84,2,1,0,1,2.0,0,-1,3,0,3.0,1.0,0,68,2.3333333333333335
20,82,3,2,1,5,80,2,1,3,1,2.0,0,0,1,1,2.0,1.0,0,68,3.3333333333333335
15,95,1,2,1,7,99,1,1,0,3,3.0,0,0,2,0,1.0,1.0,0,68,1.875
13,82,2,3,0,8,56,1,1,2,1,3.0,1,0,3,0,3.0,1.0,1,66,1.4444444444444444
22,70,3,1,0,7,99,2,1,1,1,3.0,1,1,2,0,1.0,2.0,1,66,2.75
21,94,2,3,0,5,73,1,1,0,2,3.0,0,0,3,0,3.0,3.0,0,70,3.5
25,82,3,2,1,9,61,1,1,1,3,2.0,0,-1,2,0,1.0,1.0,1,68,2.5
17,68,2,2,1,6,97,3,1,2,3,1.0,0,-1,3,0,1.0,2.0,1,65,2.4285714285714284
22,85,1,3,1,8,73,3,1,1,2,2.0,1,1,3,0,2.0,1.0,1,70,2.4444444444444446
23,74,2,2,0,4,67,2,1,3,3,2.0,1,-1,5,0,1.0,3.0,1,66,4.6
23,94,2,3,1,9,61,2,0,0,2,2.0,0,-1,1,1,3.0,2.0,0,68,2.3
15,78,2,2,1,6,63,3,1,1,2,2.0,1,0,2,1,2.0,2.0,1,64,2.142857142857143
21,89,2,2,0,9,99,2,1,0,2,2.0,1,-1,3,0,1.0,1.0,1,69,2.1
22,64,2,2,0,8,65,1,1,2,2,2.0,1,0,4,0,3.0,1.0,0,65,2.4444444444444446
20,76,2,3,1,5,99,1,0,3,2,3.0,0,-1,3,0,3.0,1.0,0,69,3.3333333333333335
7,99,1,3,1,7,67,1,0,1,3,3.0,1,0,4,0,1.0,1.0,0,66,0.875
21,92,3,1,0,9,62,2,1,1,2,1.0,0,1,2,0,1.0,1.0,0,68,2.1
33,66,2,2,1,6,59,2,1,3,3,2.0,0,1,2,0,3.0,1.0,0,70,4.714285714285714
18,71,3,2,0,9,71,2,1,1,2,3.0,0,1,3,0,1.0,2.0,0,65,1.8
16,73,3,2,1,8,62,2,1,0,3,3.0,1,0,2,0,1.0,1.0,0,65,1.7777777777777777
22,86,2,1,0,9,85,2,1,1,2,2.0,0,-1,3,0,3.0,1.0,0,68,2.2
22,90,1,2,0,7,62,1,1,0,2,2.0,0,1,3,0,2.0,1.0,1,67,2.75
27,90,3,3,0,7,92,2,1,0,1,2.0,1,0,3,0,1.0,1.0,0,72,3.375
12,80,3,3,1,10,92,3,1,1,3,3.0,0,1,3,0,3.0,2.0,1,70,1.0909090909090908
24,92,1,3,1,8,64,3,1,1,3,3.0,1,0,3,0,2.0,1.0,1,72,2.6666666666666665
24,77,3,3,1,7,88,1,1,1,3,2.0,0,-1,5,0,2.0,1.0,1,71,3.0
19,65,1,2,0,8,93,1,1,1,2,3.0,1,0,4,0,2.0,1.0,1,64,2.111111111111111
22,83,1,3,1,6,80,2,1,2,2,2.0,0,1,5,0,1.0,2.0,0,69,3.142857142857143
26,98,2,2,1,7,68,2,1,4,1,2.0,0,1,1,0,1.0,1.0,0,73,3.25
25,92,1,3,1,9,72,2,1,1,1,2.0,0,-1,5,0,3.0,3.0,0,70,2.5
13,83,3,2,0,7,89,2,1,1,1,2.0,0,0,4,0,3.0,1.0,0,68,1.625
25,86,3,2,0,6,65,2,1,2,2,3.0,0,1,5,0,1.0,2.0,1,71,3.5714285714285716
20,97,2,3,0,6,67,1,1,1,1,3.0,1,1,3,0,3.0,1.0,0,71,2.857142857142857
20,77,1,3,1,7,58,3,1,0,3,2.0,0,0,3,0,1.0,1.0,1,66,2.5
20,73,2,3,0,6,70,1,1,3,3,3.0,0,0,4,0,1.0,1.0,0,68,2.857142857142857
19,99,2,3,1,5,54,1,1,0,2,2.0,0,0,2,0,3.0,1.0,1,70,3.1666666666666665
27,95,2,2,0,5,66,1,1,3,2,2.0,0,0,4,0,1.0,1.0,1,72,4.5
19,73,1,3,1,9,69,3,1,1,1,1.0,0,1,4,0,3.0,1.0,0,66,1.9
13,79,2,3,1,7,63,1,0,3,3,2.0,1,0,2,0,1.0,1.0,0,65,1.625
18,77,2,3,1,7,55,3,0,3,3,2.0,1,0,3,1,1.0,1.0,0,66,2.25
21,66,3,2,1,6,76,1,1,3,1,2.0,1,0,1,0,1.0,2.0,0,65,3.0
27,98,3,1,1,6,93,1,1,0,1,2.0,1,0,4,0,1.0,2.0,1,72,3.857142857142857
24,76,2,2,1,6,67,2,1,2,3,2.0,0,-1,3,0,2.0,1.0,0,68,3.4285714285714284
15,95,2,2,1,7,62,3,1,0,3,2.0,0,-1,3,0,2.0,1.0,0,68,1.875
35,68,1,3,1,5,64,2,1,0,3,1.0,0,1,4,1,1.0,1.0,1,67,5.833333333333333
22,82,2,2,1,9,93,1,1,2,1,2.0,0,0,2,0,1.0,1.0,1,68,2.2
28,61,3,2,0,7,76,3,1,1,2,3.0,0,1,4,0,1.0,2.0,1,67,3.5
19,91,2,3,0,7,57,1,1,3,3,3.0,0,-1,3,0,1.0,2.0,0,69,2.375
23,83,1,1,0,8,85,2,1,2,1,2.0,1,0,2,1,1.0,1.0,1,65,2.5555555555555554
25,85,2,2,0,8,58,2,1,2,2,3.0,0,0,4,0,2.0,1.0,1,70,2.7777777777777777
27,62,3,2,0,6,53,1,1,1,2,2.0,0,1,2,0,1.0,2.0,1,64,3.857142857142857
26,68,2,2,0,8,63,2,1,2,1,3.0,0,1,3,0,1.0,1.0,1,66,2.888888888888889
25,63,1,2,0,8,58,2,1,1,3,2.0,0,1,1,0,2.0,1.0,0,64,2.7777777777777777
18,72,3,3,1,7,80,3,1,1,3,3.0,0,-1,2,1,1.0,2.0,0,66,2.25
17,85,2,2,1,9,74,2,1,1,2,2.0,1,0,2,0,1.0,1.0,1,67,1.7
22,83,2,1,1,8,86,2,1,3,2,1.0,0,-1,4,0,1.0,1.0,1,68,2.4444444444444446
26,84,2,2,0,8,76,2,1,5,2,3.0,0,0,2,0,1.0,2.0,1,71,2.888888888888889
19,82,3,1,0,9,71,2,1,1,1,3.0,1,0,3,0,2.0,1.0,0,67,1.9
26,71,3,2,1,7,76,2,1,3,1,2.0,0,1,2,0,3.0,2.0,1,69,3.25
29,70,2,1,1,7,72,1,1,1,2,2.0,0,1,4,0,2.0,1.0,1,67,3.625
15,65,1,3,1,8,52,2,1,4,1,2.0,1,0,3,1,1.0,2.0,0,61,1.6666666666666667
15,94,2,2,0,7,84,2,1,0,2,3.0,0,1,2,0,1.0,2.0,1,68,1.875
19,85,1,1,1,8,98,2,1,2,2,1.0,1,0,4,0,1.0,1.0,0,67,2.111111111111111
22,67,1,2,1,6,71,1,1,1,2,3.0,0,0,4,0,2.0,2.0,1,64,3.142857142857143
17,67,2,2,1,4,71,2,1,3,2,3.0,0,-1,2,0,1.0,2.0,0,63,3.4
28,95,1,2,0,8,52,3,1,3,3,3.0,0,-1,4,0,2.0,1.0,1,72,3.111111111111111
23,90,3,2,0,5,95,1,1,2,1,2.0,0,-1,2,0,1.0,2.0,1,69,3.8333333333333335
20,86,1,3,0,6,96,2,1,1,3,1.0,0,0,2,1,1.0,3.0,1,66,2.857142857142857
11,76,2,2,1,8,91,1,1,1,3,3.0,1,0,3,1,2.0,1.0,0,64,1.2222222222222223
12,70,1,2,1,8,55,2,1,2,2,3.0,0,-1,4,0,1.0,1.0,0,61,1.3333333333333333
22,99,2,3,1,9,95,2,1,2,1,1.0,0,-1,4,1,1.0,1.0,1,71,2.2
7,92,1,2,1,4,51,2,1,0,3,2.0,0,1,1,0,1.0,1.0,0,63,1.4
26,72,2,1,0,7,72,1,1,2,2,1.0,0,0,4,0,1.0,1.0,0,65,3.25
19,94,3,1,1,7,75,2,1,2,3,2.0,0,-1,5,0,2.0,1.0,0,71,2.375
39,90,3,3,0,8,92,3,1,2,2,3.0,1,0,1,0,1.0,1.0,0,78,4.333333333333333
34,72,2,3,1,9,88,1,1,1,3,2.0,1,1,3,0,3.0,1.0,1,73,3.4
19,77,1,2,0,5,90,1,1,1,1,3.0,1,0,3,0,2.0,1.0,0,65,3.1666666666666665
19,67,1,2,1,7,93,3,1,0,2,2.0,0,1,4,0,3.0,1.0,1,66,2.375
26,64,3,1,1,8,74,1,1,3,2,3.0,0,0,2,0,1.0,1.0,1,66,2.888888888888889
30,89,2,2,0,6,89,2,1,3,3,2.0,0,0,3,0,3.0,2.0,1,74,4.285714285714286
10,71,2,1,0,10,53,1,1,4,3,2.0,1,1,3,0,1.0,1.0,0,62,0.9090909090909091
9,93,3,1,1,6,72,1,1,1,2,2.0,0,1,2,0,2.0,1.0,0,66,1.2857142857142858
16,100,3,3,0,7,52,2,1,4,1,2.0,0,-1,4,0,1.0,1.0,0,71,2.0
23,63,3,2,1,5,96,2,1,2,3,2.0,0,0,2,0,1.0,1.0,0,67,3.8333333333333335
23,79,3,1,1,7,98,1,1,0,2,3.0,0,0,4,0,2.0,1.0,0,69,2.875
26,92,2,3,0,4,54,2,1,2,3,2.0,0,1,4,0,1.0,2.0,1,72,5.2
13,92,3,3,1,7,77,2,1,2,3,2.0,0,1,4,0,3.0,1.0,1,72,1.625
6,90,2,2,1,9,66,2,1,2,2,3.0,0,1,2,0,1.0,3.0,1,65,0.6
25,74,3,3,0,5,67,3,1,1,2,2.0,0,1,5,0,3.0,1.0,1,71,4.166666666666667
15,78,2,2,0,5,73,2,1,0,3,3.0,1,1,1,1,2.0,1.0,1,64,2.5
8,84,2,1,1,9,56,1,1,1,1,2.0,0,1,2,0,1.0,2.0,1,61,0.8
21,99,2,1,1,9,59,1,1,1,3,3.0,0,-1,2,0,2.0,2.0,0,69,2.1
25,73,1,2,1,5,79,2,1,1,1,2.0,1,0,5,0,1.0,2.0,0,65,4.166666666666667
19,97,2,1,1,10,51,3,1,3,1,3.0,0,0,4,0,2.0,3.0,0,69,1.7272727272727273
17,71,2,2,0,8,80,1,1,2,3,1.0,0,0,3,0,1.0,1.0,0,64,1.8888888888888888
19,100,2,1,1,9,66,3,1,1,3,2.0,0,-1,4,1,3.0,2.0,1,69,1.9
18,87,2,2,1,6,92,1,1,1,1,2.0,1,0,4,0,1.0,1.0,0,68,2.5714285714285716
12,79,2,1,0,9,80,1,1,1,3,2.0,0,1,2,0,2.0,2.0,1,63,1.2
16,85,1,2,0,7,85,3,1,1,2,3.0,0,0,2,0,1.0,1.0,1,66,2.0
23,71,2,2,0,7,56,1,1,1,2,2.0,1,1,4,0,1.0,1.0,0,65,2.875
22,71,3,2,1,8,63,2,1,2,2,3.0,0,-1,2,0,1.0,2.0,1,66,2.4444444444444446
21,65,2,2,0,6,100,2,1,3,2,2.0,0,0,4,0,3.0,1.0,1,67,3.0
14,65,2,3,1,5,72,1,1,3,1,3.0,1,-1,2,0,1.0,1.0,1,62,2.3333333333333335
19,74,2,3,1,7,68,2,1,2,1,3.0,0,-1,2,0,1.0,1.0,0,66,2.375
7,91,3,2,0,7,94,3,0,3,3,2.0,0,0,3,0,3.0,2.0,0,68,0.875
21,84,2,2,1,6,52,2,1,2,3,3.0,0,-1,5,0,1.0,2.0,1,68,3.0
29,64,1,2,0,9,77,2,1,0,1,3.0,0,-1,2,0,1.0,2.0,0,63,2.9
11,94,3,1,1,10,61,2,1,1,2,1.0,0,0,3,0,2.0,2.0,1,66,1.0
16,84,3,1,0,6,68,1,0,3,2,2.0,1,0,3,0,1.0,1.0,1,65,2.2857142857142856
22,98,3,2,1,7,60,2,1,1,3,2.0,0,1,1,0,1.0,1.0,1,72,2.75
28,87,2,2,0,6,52,2,1,4,1,1.0,1,0,3,0,3.0,1.0,0,70,4.0
17,67,3,1,0,10,71,2,1,1,2,2.0,0,1,3,0,1.0,1.0,1,63,1.5454545454545454
16,79,2,2,0,8,89,2,1,0,1,3.0,1,0,4,0,1.0,1.0,1,65,1.7777777777777777
8,86,3,1,1,8,98,1,1,1,1,2.0,1,0,1,0,2.0,1.0,1,65,0.8888888888888888
21,61,3,3,0,9,81,2,1,1,2,2.0,1,0,3,0,3.0,1.0,1,66,2.1
32,61,3,2,1,7,69,3,1,0,3,2.0,0,1,3,0,1.0,2.0,0,68,4.0
22,65,2,1,1,7,88,1,0,2,2,2.0,0,1,4,0,2.0,1.0,1,64,2.75
20,70,3,2,0,9,75,1,1,3,2,2.0,0,0,4,0,2.0,2.0,1,66,2.0
22,77,1,2,1,8,68,2,1,3,3,3.0,0,1,4,0,1.0,2.0,1,68,2.4444444444444446
20,79,1,2,1,6,59,2,1,0,1,2.0,0,1,2,0,1.0,2.0,1,64,2.857142857142857
15,66,2,2,0,6,90,1,1,2,2,2.0,0,-1,3,0,2.0,3.0,0,62,2.142857142857143
25,87,2,2,1,6,75,2,0,0,1,2.0,1,0,2,1,1.0,1.0,1,67,3.5714285714285716
21,84,1,3,0,9,98,2,1,1,1,2.0,0,-1,3,0,1.0,2.0,1,67,2.1
20,72,2,2,0,9,90,1,1,1,2,2.0,1,0,2,0,3.0,2.0,1,65,2.0
14,61,1,2,1,10,71,2,0,2,1,2.0,0,0,4,0,1.0,1.0,1,59,1.2727272727272727
28,63,2,3,1,6,87,1,1,0,1,2.0,0,1,2,0,1.0,2.0,0,66,4.0
24,76,3,1,0,7,73,2,1,4,2,2.0,0,0,2,0,1.0,1.0,0,68,3.0
17,66,3,2,0,6,54,2,1,2,3,1.0,0,1,3,1,1.0,1.0,0,63,2.4285714285714284
26,75,2,1,1,7,76,2,1,2,2,2.0,0,0,3,0,2.0,1.0,1,68,3.25
17,85,3,1,1,8,93,1,1,2,2,3.0,0,1,3,0,2.0,3.0,0,68,1.8888888888888888
15,82,2,2,1,7,93,2,1,3,1,3.0,0,-1,2,0,1.0,2.0,0,66,1.875
15,69,3,1,0,9,79,1,1,1,2,2.0,1,1,2,0,1.0,2.0,0,63,1.5
9,74,2,1,0,6,69,1,1,3,1,2.0,1,1,2,0,1.0,2.0,0,61,1.2857142857142858
23,85,3,2,1,8,51,1,1,0,3,1.0,0,-1,4,0,2.0,1.0,0,68,2.5555555555555554
9,94,3,1,0,6,66,1,1,0,1,3.0,0,1,3,0,2.0,1.0,1,66,1.2857142857142858
13,90,2,3,0,4,99,3,1,1,3,2.0,0,0,4,1,2.0,2.0,1,69,2.6
8,82,2,3,1,5,86,2,0,0,1,2.0,0,-1,3,0,3.0,1.0,0,64,1.3333333333333333
19,74,2,2,0,7,86,3,1,1,3,2.0,1,1,3,0,3.0,1.0,1,68,2.375
19,75,2,3,0,10,88,1,1,0,1,3.0,0,1,2,0,1.0,1.0,0,66,1.7272727272727273
18,95,2,2,0,6,81,2,1,0,1,2.0,0,1,3,1,1.0,1.0,0,68,2.5714285714285716
14,62,2,3,1,7,79,1,1,2,2,2.0,1,1,2,0,1.0,2.0,0,62,1.75
13,100,2,1,1,8,73,1,1,1,1,2.0,0,0,3,0,3.0,1.0,1,68,1.4444444444444444
23,87,2,3,0,6,72,2,1,1,1,3.0,1,-1,3,0,2.0,2.0,1,69,3.2857142857142856
17,87,3,3,1,6,94,2,1,2,1,2.0,1,0,3,0,1.0,2.0,1,70,2.4285714285714284
22,62,3,2,1,7,70,1,1,4,1,2.0,0,-1,2,0,2.0,1.0,0,65,2.75
15,84,1,2,1,6,92,2,1,3,2,2.0,0,1,3,0,2.0,1.0,0,68,2.142857142857143
21,79,2,3,0,4,92,1,1,0,1,2.0,0,-1,2,0,3.0,1.0,0,67,4.2
28,64,1,2,1,6,89,2,1,0,1,1.0,0,0,4,0,2.0,3.0,1,64,4.0
24,71,1,2,0,8,52,2,0,2,2,2.0,0,-1,3,0,2.0,1.0,0,63,2.6666666666666665
18,96,2,1,1,8,57,2,1,1,2,2.0,0,-1,2,0,1.0,1.0,0,67,2.0
22,82,3,1,0,9,66,2,1,1,1,3.0,1,-1,3,0,1.0,2.0,1,66,2.2
19,77,3,1,1,9,92,2,1,2,1,2.0,0,1,4,0,1.0,1.0,0,67,1.9
20,63,2,2,1,6,94,2,0,2,2,2.0,0,0,3,0,1.0,3.0,0,63,2.857142857142857
18,89,2,2,1,6,52,2,1,3,3,3.0,0,1,3,0,1.0,2.0,0,69,2.5714285714285716
19,88,3,3,0,6,66,2,1,3,2,2.0,0,1,2,0,1.0,1.0,0,70,2.7142857142857144
21,85,3,2,1,7,93,2,1,0,3,2.0,0,0,4,0,1.0,2.0,1,70,2.625
14,80,3,2,0,6,62,2,1,0,3,2.0,1,-1,2,0,3.0,1.0,1,65,2.0
14,77,1,1,0,7,99,1,1,2,2,2.0,0,1,2,0,3.0,2.0,0,64,1.75
12,84,2,3,1,6,74,3,1,1,2,3.0,0,-1,3,0,2.0,2.0,0,67,1.7142857142857142
10,69,1,2,0,8,97,2,1,1,2,2.0,1,-1,3,0,1.0,1.0,0,61,1.1111111111111112
13,98,2,3,1,6,71,2,1,1,1,3.0,1,1,1,0,2.0,1.0,0,70,1.8571428571428572
21,84,3,1,0,6,66,3,1,2,3,2.0,1,1,4,1,2.0,3.0,1,68,3.0
15,72,2,2,1,8,68,3,1,0,2,2.0,0,1,2,0,1.0,1.0,0,64,1.6666666666666667
23,78,3,2,0,8,94,2,1,1,3,2.0,1,0,2,1,1.0,2.0,1,68,2.5555555555555554
20,92,2,1,0,7,67,1,1,1,2,2.0,0,1,5,0,1.0,1.0,1,68,2.5
8,66,3,3,1,8,83,2,1,0,1,2.0,1,1,4,0,2.0,1.0,1,63,0.8888888888888888
24,72,1,2,1,8,73,1,1,1,1,2.0,0,1,2,0,2.0,2.0,0,65,2.6666666666666665
25,87,1,2,1,10,97,2,1,4,1,1.0,1,0,3,1,1.0,1.0,0,69,2.272727272727273
14,73,2,3,0,8,58,2,1,2,1,3.0,0,-1,2,0,2.0,2.0,1,63,1.5555555555555556
23,92,1,2,1,10,71,2,1,1,1,2.0,0,0,3,0,2.0,1.0,1,69,2.090909090909091
15,65,3,1,1,7,56,2,0,3,3,2.0,1,1,3,1,1.0,1.0,0,61,1.875
21,91,1,3,1,9,79,2,1,2,1,2.0,1,0,3,0,2.0,3.0,0,69,2.1
12,63,3,2,0,9,70,1,1,1,3,1.0,0,1,3,0,2.0,1.0,0,62,1.2
9,61,1,3,1,7,53,2,1,0,2,2.0,0,1,2,1,3.0,3.0,1,58,1.125
18,96,2,3,1,6,92,2,1,2,2,2.0,0,1,3,0,1.0,3.0,1,71,2.5714285714285716
19,83,3,1,0,6,69,2,1,5,2,2.0,1,1,2,0,3.0,3.0,1,69,2.7142857142857144
18,74,3,2,0,8,75,3,1,1,3,3.0,0,1,3,0,3.0,2.0,1,68,2.0
13,69,2,1,0,5,70,2,1,0,2,3.0,1,-1,2,0,2.0,1.0,1,61,2.1666666666666665
18,85,3,2,1,6,74,2,1,3,1,2.0,1,-1,2,0,2.0,3.0,1,67,2.5714285714285716
22,80,2,3,1,9,51,2,1,2,2,2.0,0,-1,3,0,3.0,1.0,1,68,2.2
20,100,2,2,1,8,91,2,1,3,1,2.0,0,1,3,0,1.0,1.0,1,72,2.2222222222222223
21,99,3,1,1,4,67,2,1,1,2,2.0,1,-1,4,0,2.0,1.0,0,71,4.2
16,85,2,2,1,5,86,1,0,3,2,2.0,0,1,2,0,1.0,1.0,1,67,2.6666666666666665
27,78,2,2,0,10,53,2,1,3,2,2.0,1,0,4,1,3.0,2.0,1,68,2.4545454545454546
13,80,2,2,0,9,76,2,1,0,3,2.0,0,0,2,0,1.0,1.0,0,64,1.3
23,87,2,3,0,6,95,3,1,3,3,2.0,1,1,0,0,1.0,1.0,0,73,3.2857142857142856
27,64,1,2,1,5,70,2,1,0,1,3.0,0,1,4,0,1.0,1.0,0,65,4.5
23,73,1,3,0,5,60,3,1,1,2,2.0,1,1,2,0,3.0,1.0,0,67,3.8333333333333335
19,63,3,2,1,8,55,1,1,0,2,2.0,1,1,4,0,2.0,2.0,0,63,2.111111111111111
17,63,2,2,1,10,93,2,1,0,1,2.0,0,1,2,1,3.0,1.0,0,63,1.5454545454545454
26,68,2,2,1,10,62,3,1,4,2,2.0,0,0,2,0,3.0,1.0,0,69,2.3636363636363638
11,79,3,3,1,5,99,2,1,1,3,1.0,0,1,3,0,1.0,1.0,0,68,1.8333333333333333
14,91,2,2,1,7,62,2,1,2,1,3.0,0,0,2,0,2.0,1.0,1,68,1.75
18,79,3,3,1,6,74,2,1,3,1,2.0,0,1,4,0,1.0,1.0,1,69,2.5714285714285716
27,73,3,3,1,7,73,3,1,5,3,3.0,0,-1,3,0,1.0,1.0,0,73,3.375
22,63,3,3,1,5,53,3,1,3,1,3.0,0,-1,2,0,1.0,1.0,1,66,3.6666666666666665
14,82,2,2,1,6,77,2,1,3,2,2.0,0,1,3,0,2.0,1.0,0,68,2.0
18,71,2,2,0,6,84,2,1,2,2,1.0,0,0,2,0,3.0,1.0,1,65,2.5714285714285716
16,85,2,2,0,8,87,3,1,4,1,2.0,1,-1,3,0,1.0,3.0,1,67,1.7777777777777777
16,99,2,2,0,6,76,1,1,2,2,2.0,1,1,4,0,2.0,1.0,0,70,2.2857142857142856
26,64,2,3,0,6,91,2,1,1,1,2.0,1,0,4,0,1.0,2.0,1,66,3.7142857142857144
12,68,2,3,0,8,88,3,1,3,1,2.0,0,-1,3,0,3.0,2.0,0,64,1.3333333333333333
30,79,2,3,0,9,60,2,1,1,1,2.0,0,0,3,0,1.0,1.0,0,69,3.0
25,99,1,2,0,10,70,2,1,1,2,2.0,0,1,5,0,2.0,3.0,0,71,2.272727272727273
27,91,2,1,0,8,57,2,1,0,1,1.0,1,0,4,0,3.0,2.0,1,68,3.0
17,96,3,2,0,7,57,1,1,2,2,2.0,1,-1,3,0,2.0,2.0,0,68,2.125
19,73,1,2,1,9,86,3,1,0,2,3.0,0,1,3,0,2.0,1.0,0,66,1.9
11,100,1,3,0,9,77,2,1,2,2,3.0,0,1,3,0,3.0,1.0,0,70,1.1
17,64,2,3,0,8,80,2,1,0,3,3.0,0,1,2,0,3.0,1.0,0,65,1.8888888888888888
23,62,2,1,1,5,87,2,1,1,2,2.0,0,-1,4,0,1.0,1.0,0,63,3.8333333333333335
28,94,1,2,1,9,64,2,1,0,2,2.0,0,0,3,0,1.0,2.0,0,70,2.8
13,97,1,2,1,8,70,2,1,0,3,2.0,1,0,2,0,3.0,2.0,0,67,1.4444444444444444
18,64,2,2,0,6,80,2,1,1,2,2.0,0,1,5,1,1.0,1.0,1,63,2.5714285714285716
19,65,3,2,0,6,55,2,1,1,1,3.0,0,1,3,0,3.0,2.0,1,64,2.7142857142857144
12,61,1,2,1,8,92,2,1,2,3,2.0,0,0,4,1,1.0,2.0,1,60,1.3333333333333333
24,64,2,2,1,4,67,1,1,0,1,2.0,0,0,1,0,1.0,1.0,1,62,4.8
16,68,2,3,0,7,83,3,1,2,1,3.0,0,1,2,0,1.0,1.0,0,65,2.0
19,99,1,1,0,6,100,2,1,0,3,1.0,1,-1,3,0,3.0,1.0,1,69,2.7142857142857144
17,87,2,3,1,6,74,1,1,1,1,3.0,1,0,3,0,2.0,2.0,0,68,2.4285714285714284
15,91,2,2,0,6,61,2,0,1,2,3.0,0,1,2,0,1.0,2.0,1,66,2.142857142857143
20,91,3,3,1,5,61,1,1,4,1,2.0,0,1,2,0,3.0,1.0,1,72,3.3333333333333335
19,81,2,3,1,9,53,2,1,2,3,2.0,0,1,3,0,1.0,1.0,1,68,1.9
18,92,2,2,0,4,88,2,1,3,3,2.0,0,0,2,0,1.0,2.0,1,69,3.6
16,84,2,2,0,7,65,1,1,1,3,3.0,0,-1,3,0,1.0,2.0,1,65,2.0
22,73,3,2,1,6,59,1,1,0,1,2.0,0,1,1,0,1.0,1.0,1,65,3.142857142857143
30,82,1,2,1,10,86,1,1,2,1,3.0,0,0,4,0,1.0,1.0,0,70,2.727272727272727
21,81,2,1,1,7,65,3,1,1,2,2.0,0,1,2,0,2.0,2.0,1,67,2.625
26,93,3,2,0,4,80,2,1,4,1,2.0,1,1,3,1,2.0,1.0,1,73,5.2
12,99,3,3,0,8,71,2,1,2,2,1.0,0,0,2,0,2.0,1.0,0,70,1.3333333333333333
21,76,2,2,1,5,67,2,1,1,3,1.0,1,1,3,0,1.0,2.0,1,66,3.5
13,91,2,2,1,8,74,2,1,1,1,2.0,1,1,1,0,3.0,1.0,1,68,1.4444444444444444
11,64,2,2,1,8,66,2,1,2,1,2.0,0,1,2,0,2.0,2.0,1,61,1.2222222222222223
16,91,2,3,0,9,94,1,1,0,3,2.0,0,1,3,0,3.0,1.0,1,70,1.6
27,75,2,1,1,7,54,1,1,2,2,2.0,0,-1,3,0,3.0,1.0,0,66,3.375
26,62,3,2,1,8,52,2,1,4,1,2.0,0,0,5,0,2.0,1.0,1,67,2.888888888888889
21,75,3,3,0,7,70,3,1,1,2,3.0,1,0,3,0,3.0,1.0,0,69,2.625
11,84,2,1,1,6,59,1,1,2,2,2.0,0,1,3,0,1.0,1.0,0,64,1.5714285714285714
19,65,3,2,1,9,87,1,1,0,3,3.0,0,1,2,0,2.0,2.0,1,65,1.9
22,97,3,2,1,5,68,1,1,7,2,3.0,1,-1,5,0,2.0,1.0,0,75,3.6666666666666665
21,63,3,2,0,7,63,2,1,2,2,2.0,0,0,2,0,1.0,3.0,1,63,2.625
9,97,3,2,0,6,68,1,1,5,2,2.0,1,0,3,0,2.0,1.0,1,69,1.2857142857142858
15,88,2,3,1,8,61,1,1,2,2,3.0,0,1,4,1,1.0,1.0,1,68,1.6666666666666667
20,73,2,1,1,6,65,2,1,2,3,3.0,1,1,2,0,2.0,1.0,1,66,2.857142857142857
23,76,1,2,1,6,78,1,1,2,3,2.0,0,1,2,0,1.0,2.0,0,66,3.2857142857142856
7,90,1,2,1,7,93,1,1,4,2,2.0,0,0,3,0,2.0,1.0,1,66,0.875
19,84,2,2,1,9,69,2,1,2,2,1.0,0,0,4,0,2.0,1.0,0,68,1.9
21,87,1,2,1,6,66,2,1,1,1,1.0,0,-1,2,0,1.0,2.0,0,65,3.0
25,76,2,3,0,6,89,3,1,3,1,2.0,0,0,3,0,2.0,1.0,1,70,3.5714285714285716
24,80,2,3,0,5,51,2,1,3,3,1.0,0,1,2,0,1.0,1.0,0,68,4.0
23,100,2,2,0,6,65,1,1,1,2,3.0,0,0,2,1,1.0,1.0,0,70,3.2857142857142856
15,69,1,2,0,8,73,2,1,2,2,2.0,0,0,2,0,1.0,2.0,1,61,1.6666666666666667
9,77,1,1,0,7,80,2,1,3,2,2.0,0,1,3,1,1.0,1.0,1,61,1.125
18,72,1,3,0,7,58,1,1,6,1,2.0,0,1,0,0,1.0,2.0,1,64,2.25
26,91,1,2,0,10,72,1,1,4,3,2.0,0,0,3,0,2.0,2.0,1,71,2.3636363636363638
28,91,3,2,1,4,78,1,1,1,2,1.0,0,1,3,0,1.0,2.0,1,72,5.6
24,72,2,3,1,10,76,3,0,1,1,2.0,0,-1,3,0,1.0,1.0,1,66,2.1818181818181817
23,63,2,2,1,9,79,3,1,0,1,2.0,1,-1,4,0,1.0,3.0,0,63,2.3
22,60,1,1,0,7,83,2,0,3,2,2.0,0,1,1,0,2.0,1.0,0,62,2.75
17,77,2,2,1,8,69,1,1,3,3,2.0,0,0,3,1,1.0,1.0,1,65,1.8888888888888888
19,76,2,2,1,6,53,2,1,2,2,2.0,0,1,5,0,1.0,1.0,1,66,2.7142857142857144
30,100,1,3,0,7,53,2,1,2,1,3.0,1,0,3,0,1.0,2.0,1,72,3.75
14,79,3,2,1,10,93,2,1,2,2,2.0,0,0,3,0,2.0,1.0,1,68,1.2727272727272727
30,70,3,1,0,6,84,3,1,2,2,2.0,0,1,3,0,3.0,1.0,1,70,4.285714285714286
18,96,2,2,1,7,88,2,1,1,2,3.0,1,-1,3,0,1.0,2.0,0,70,2.25
28,80,2,3,0,6,96,3,1,2,1,2.0,0,1,6,0,1.0,1.0,1,73,4.0
12,84,2,3,0,6,88,3,0,2,3,3.0,0,1,2,0,1.0,1.0,1,67,1.7142857142857142
24,64,2,1,0,6,85,2,1,3,2,2.0,0,1,2,0,3.0,2.0,1,65,3.4285714285714284
16,75,3,1,1,5,83,2,1,1,2,3.0,1,-1,3,0,2.0,2.0,0,65,2.6666666666666665
12,98,1,2,0,7,63,2,1,0,3,2.0,1,0,3,1,1.0,1.0,0,65,1.5
21,84,2,2,1,7,98,2,1,0,2,2.0,0,0,4,0,2.0,1.0,1,70,2.625
26,74,2,1,1,6,77,2,1,3,2,2.0,1,-1,2,0,1.0,3.0,1,66,3.7142857142857144
15,85,2,2,1,4,61,2,1,0,2,1.0,0,0,1,0,2.0,1.0,1,65,3.0
11,96,3,3,0,7,60,2,1,2,1,2.0,0,0,1,0,1.0,1.0,1,68,1.375
19,71,2,2,1,7,91,2,1,3,3,2.0,0,-1,1,0,1.0,2.0,0,66,2.375
19,80,1,2,1,10,63,3,0,1,2,2.0,0,0,2,0,2.0,1.0,0,65,1.7272727272727273
23,98,2,3,1,7,52,1,1,2,1,3.0,1,1,4,1,1.0,1.0,0,71,2.875
26,67,1,2,1,8,71,2,1,2,3,2.0,1,-1,3,0,1.0,1.0,1,65,2.888888888888889
20,89,1,2,1,6,91,3,1,0,2,2.0,1,1,4,0,2.0,1.0,1,70,2.857142857142857
31,85,2,2,1,9,71,1,1,0,2,3.0,0,-1,2,1,2.0,2.0,0,69,3.1
21,87,2,2,0,6,90,3,1,3,3,2.0,0,-1,4,0,1.0,1.0,1,71,3.0
18,74,2,3,1,8,91,2,1,0,2,3.0,1,1,2,0,1.0,1.0,0,67,2.0
10,73,2,2,1,8,93,3,1,3,1,2.0,0,1,2,1,1.0,2.0,1,64,1.1111111111111112
18,87,1,1,0,8,79,3,1,1,1,3.0,0,-1,4,0,2.0,1.0,1,82,2.0
18,69,2,3,1,10,85,2,1,2,3,2.0,1,1,0,0,2.0,2.0,0,66,1.6363636363636365
26,77,1,2,1,6,63,1,1,1,1,3.0,0,-1,4,0,1.0,1.0,1,66,3.7142857142857144
23,68,3,2,1,9,55,2,1,1,2,2.0,0,1,3,0,1.0,2.0,1,65,2.3
13,60,2,2,0,9,77,1,1,2,2,3.0,1,1,5,1,1.0,1.0,1,61,1.3
21,99,2,3,0,7,51,3,1,2,2,1.0,1,0,2,0,3.0,1.0,0,72,2.625
24,77,3,2,1,10,73,2,1,3,2,2.0,0,1,3,0,1.0,1.0,1,70,2.1818181818181817
29,99,2,2,1,7,55,1,1,0,2,2.0,1,1,3,0,1.0,2.0,1,71,3.625
25,66,3,2,1,7,55,2,1,4,2,2.0,0,0,2,1,1.0,2.0,0,84,3.125
25,83,3,3,1,7,94,1,1,2,1,3.0,0,1,3,1,2.0,2.0,1,72,3.125
20,68,2,3,1,5,82,2,0,1,1,3.0,0,1,3,0,3.0,1.0,0,67,3.3333333333333335
22,92,3,1,0,8,82,2,1,2,2,2.0,1,0,5,0,3.0,1.0,1,72,2.4444444444444446
27,91,1,3,1,8,70,1,1,1,2,1.0,0,0,6,0,1.0,2.0,0,70,3.0
12,65,2,3,0,7,71,2,1,1,1,3.0,0,0,4,0,1.0,2.0,1,62,1.5
18,96,3,2,1,10,65,1,1,3,2,2.0,0,1,2,0,2.0,2.0,0,71,1.6363636363636365
15,68,1,2,0,6,72,1,1,3,3,1.0,0,0,3,0,1.0,1.0,0,62,2.142857142857143
22,85,2,2,1,4,79,1,1,1,1,1.0,0,1,3,0,1.0,1.0,0,68,4.4
27,99,3,2,0,10,59,3,1,2,1,2.0,0,1,3,0,1.0,1.0,1,74,2.4545454545454546
16,95,3,3,0,9,63,2,0,0,2,1.0,1,1,3,0,1.0,1.0,1,68,1.6
6,98,2,1,0,8,75,2,1,1,3,2.0,0,0,3,1,3.0,3.0,0,64,0.6666666666666666
18,74,3,2,1,6,69,2,1,0,1,2.0,0,1,4,0,1.0,2.0,1,65,2.5714285714285716
25,64,2,1,1,8,91,2,1,1,1,1.0,0,1,5,0,2.0,1.0,1,66,2.7777777777777777
23,68,2,3,0,5,91,1,1,5,1,2.0,0,0,1,0,2.0,1.0,0,68,3.8333333333333335
23,80,2,2,0,7,67,1,1,2,1,3.0,0,0,4,0,1.0,1.0,1,67,2.875
18,92,2,2,1,6,73,1,1,1,2,3.0,0,0,5,1,1.0,2.0,0,67,2.5714285714285716
12,66,2,3,1,7,99,1,1,2,2,1.0,0,0,3,0,1.0,2.0,1,63,1.5
23,86,2,3,1,8,91,2,1,2,1,2.0,0,-1,1,0,2.0,1.0,0,71,2.5555555555555554
15,73,2,3,0,5,61,1,0,1,1,3.0,1,1,2,0,3.0,2.0,1,63,2.5
33,74,2,1,0,8,64,2,1,0,2,2.0,0,-1,3,1,1.0,1.0,1,66,3.6666666666666665
23,86,3,2,0,7,54,1,1,2,2,2.0,0,-1,2,1,1.0,1.0,0,67,2.875
17,79,2,3,1,8,84,2,1,0,2,2.0,0,0,2,0,1.0,2.0,1,66,1.8888888888888888
16,92,2,2,1,7,66,3,1,2,2,2.0,0,1,4,0,3.0,2.0,0,70,2.0
19,66,3,2,0,8,77,1,0,3,2,2.0,0,-1,4,0,2.0,2.0,0,64,2.111111111111111
19,92,2,2,1,6,88,1,1,1,3,2.0,0,1,2,0,3.0,1.0,1,71,2.7142857142857144
27,63,3,3,1,4,92,2,1,0,1,2.0,0,0,3,0,2.0,1.0,0,68,5.4
21,68,1,2,1,5,66,1,1,2,3,2.0,1,0,3,0,1.0,1.0,1,64,3.5
16,86,2,2,1,6,62,1,1,1,1,3.0,0,1,4,0,1.0,1.0,0,66,2.2857142857142856
31,94,1,2,0,5,92,1,1,1,3,1.0,1,0,4,0,1.0,1.0,1,72,5.166666666666667
20,70,1,2,1,9,69,3,1,2,2,3.0,0,0,3,0,3.0,1.0,0,66,2.0
25,73,2,3,1,7,91,2,1,0,2,3.0,0,0,4,0,1.0,1.0,0,70,3.125
16,81,2,2,1,8,57,3,1,1,2,2.0,1,1,2,0,1.0,1.0,1,66,1.7777777777777777
22,68,3,2,0,8,96,2,1,1,2,2.0,0,1,3,0,3.0,2.0,0,68,2.4444444444444446
22,92,2,1,1,7,74,3,1,2,2,1.0,0,1,4,0,2.0,2.0,1,70,2.75
9,91,2,2,0,10,59,3,1,0,1,2.0,1,1,2,0,2.0,2.0,1,64,0.8181818181818182
32,66,3,3,1,10,77,3,1,3,2,2.0,0,0,1,0,2.0,1.0,1,71,2.909090909090909
28,79,2,3,1,9,94,1,1,2,1,2.0,1,1,5,0,2.0,1.0,1,72,2.8
18,91,3,2,1,6,69,2,1,5,1,3.0,0,1,2,0,1.0,1.0,1,71,2.5714285714285716
13,73,2,1,0,9,59,2,1,0,2,3.0,0,0,4,0,3.0,1.0,1,63,1.3
22,85,1,2,1,4,79,2,1,1,3,1.0,0,1,2,0,2.0,1.0,1,68,4.4
21,62,2,2,0,9,92,2,1,1,2,2.0,1,1,4,1,1.0,1.0,1,63,2.1
22,84,2,2,0,4,56,2,1,0,3,1.0,1,1,2,0,1.0,2.0,1,66,4.4
21,66,2,2,1,7,52,3,1,1,2,2.0,0,0,3,0,1.0,3.0,0,63,2.625
23,93,3,3,0,9,53,3,1,1,1,2.0,1,0,4,0,2.0,1.0,0,72,2.3
29,74,2,3,1,8,62,3,1,3,1,3.0,0,1,3,1,3.0,2.0,1,70,3.2222222222222223
23,71,2,2,1,5,50,2,1,1,1,3.0,0,1,1,0,2.0,1.0,0,65,3.8333333333333335
14,94,2,3,1,7,71,2,1,0,2,2.0,1,-1,3,1,2.0,2.0,0,67,1.75
28,62,1,3,0,8,85,2,1,2,1,3.0,0,1,3,0,1.0,2.0,0,66,3.111111111111111
30,76,2,2,1,7,86,2,1,1,2,3.0,0,0,2,1,3.0,3.0,1,69,3.75
39,75,2,3,1,6,82,3,1,1,3,1.0,0,-1,3,0,2.0,1.0,1,73,5.571428571428571
13,71,2,3,1,8,65,3,1,2,2,2.0,0,0,4,0,3.0,1.0,0,66,1.4444444444444444
21,96,2,2,1,9,87,2,1,0,2,2.0,0,0,6,1,1.0,1.0,0,70,2.1
8,90,3,3,0,7,79,3,1,2,1,2.0,0,-1,4,0,2.0,1.0,1,68,1.0
23,63,1,2,1,9,93,2,1,2,2,3.0,1,1,2,0,1.0,3.0,1,65,2.3
17,89,2,2,0,7,74,2,1,1,1,2.0,1,1,2,0,3.0,2.0,0,67,2.125
32,81,3,2,0,6,59,3,1,2,3,2.0,0,0,2,0,1.0,2.0,0,71,4.571428571428571
15,96,3,3,0,9,82,2,1,2,1,1.0,1,0,3,0,1.0,1.0,0,70,1.5
10,73,2,1,1,9,58,1,1,5,1,2.0,1,-1,3,0,1.0,2.0,1,61,1.0
17,83,3,2,1,6,98,2,1,0,2,2.0,0,1,3,0,1.0,1.0,1,69,2.4285714285714284
8,80,1,2,1,6,85,2,1,1,1,3.0,0,-1,3,0,3.0,1.0,1,63,1.1428571428571428
25,80,2,2,1,10,88,1,1,0,1,3.0,1,-1,2,0,2.0,2.0,1,67,2.272727272727273
8,78,3,2,1,7,84,2,1,0,2,2.0,0,1,2,0,2.0,1.0,1,65,1.0
20,68,3,2,1,7,55,3,1,0,1,1.0,0,1,3,1,1.0,1.0,0,63,2.5
8,90,2,2,0,7,73,3,1,3,3,1.0,1,-1,4,0,3.0,1.0,1,67,1.0
18,78,1,3,1,9,83,2,1,2,1,2.0,1,-1,2,0,3.0,2.0,0,66,1.8
30,98,1,2,1,10,61,2,1,0,1,2.0,0,1,3,0,3.0,2.0,1,72,2.727272727272727
22,70,2,3,0,7,84,1,1,3,1,3.0,0,1,5,0,1.0,1.0,1,68,2.75
15,87,3,2,1,10,91,2,1,1,1,1.0,0,0,4,0,1.0,2.0,1,67,1.3636363636363635
20,98,2,2,1,6,64,2,1,1,3,3.0,1,1,3,0,3.0,2.0,1,72,2.857142857142857
20,87,2,3,1,7,60,2,1,0,1,2.0,0,1,2,1,1.0,3.0,0,66,2.5
23,95,2,2,1,8,94,2,1,1,2,2.0,0,1,4,0,1.0,1.0,1,73,2.5555555555555554
12,93,3,3,1,6,50,1,1,4,3,3.0,0,1,3,0,3.0,2.0,1,71,1.7142857142857142
24,74,1,1,1,8,63,3,1,1,1,3.0,0,1,3,0,1.0,2.0,1,65,2.6666666666666665
4,84,2,2,1,6,70,2,1,5,2,3.0,1,0,4,0,1.0,1.0,1,65,0.5714285714285714
16,66,3,2,1,5,84,2,1,2,2,2.0,1,0,3,0,1.0,1.0,0,65,2.6666666666666665
17,81,2,2,1,4,100,1,1,2,2,3.0,1,0,2,0,2.0,1.0,1,68,3.4
24,69,3,2,0,7,69,2,0,7,3,2.0,0,1,3,0,2.0,1.0,0,70,3.0
20,90,2,1,1,8,97,1,1,1,2,1.0,1,0,2,0,1.0,1.0,0,68,2.2222222222222223
12,81,1,2,1,5,68,3,1,0,1,3.0,1,-1,2,0,1.0,1.0,1,62,2.0
14,76,2,2,0,7,85,3,1,3,1,2.0,1,0,3,0,2.0,1.0,1,66,1.75
21,71,2,2,0,7,58,1,1,3,1,2.0,0,-1,5,0,2.0,1.0,0,65,2.625
20,100,2,2,1,7,73,2,1,1,1,2.0,0,0,4,0,2.0,1.0,0,71,2.5
17,63,2,2,0,6,94,1,1,0,2,2.0,0,-1,2,0,1.0,2.0,1,61,2.4285714285714284
17,62,2,2,0,7,66,3,1,2,3,2.0,0,0,4,0,1.0,2.0,1,63,2.125
24,69,2,3,1,7,55,1,1,3,2,3.0,0,0,4,0,1.0,1.0,1,67,3.0
17,99,2,2,0,8,76,1,0,2,3,2.0,0,1,4,0,3.0,1.0,1,70,1.8888888888888888
19,99,2,2,1,5,72,1,1,3,2,3.0,1,0,4,0,3.0,1.0,1,73,3.1666666666666665
33,86,2,2,0,7,61,2,1,1,3,2.0,0,1,3,0,1.0,1.0,1,72,4.125
11,95,2,2,1,5,95,1,1,1,1,3.0,0,1,3,0,3.0,1.0,1,69,1.8333333333333333
9,69,1,2,1,7,80,2,1,1,2,2.0,1,0,3,0,2.0,2.0,1,61,1.125
25,99,2,2,0,5,67,2,1,1,1,3.0,0,0,3,0,1.0,1.0,1,71,4.166666666666667
16,66,2,2,1,6,100,2,1,1,2,2.0,0,0,3,0,1.0,2.0,0,64,2.2857142857142856
18,64,1,2,1,7,57,2,1,1,3,2.0,0,0,3,0,1.0,2.0,1,61,2.25
15,64,2,2,0,6,92,1,1,3,1,2.0,0,-1,4,0,2.0,1.0,0,63,2.142857142857143
18,83,2,1,1,9,62,3,1,2,1,2.0,0,-1,2,0,1.0,1.0,1,65,1.8
30,91,3,2,0,9,62,1,1,3,1,3.0,0,-1,4,0,3.0,1.0,0,73,3.0
25,75,2,1,1,8,75,3,1,2,3,3.0,1,-1,4,1,3.0,1.0,1,68,2.7777777777777777
25,99,2,2,0,8,83,2,1,1,2,2.0,0,0,2,0,2.0,1.0,0,72,2.7777777777777777
12,77,1,1,1,7,85,2,1,1,2,2.0,0,1,3,0,2.0,3.0,1,62,1.5
13,66,3,2,1,9,51,1,1,3,2,2.0,1,1,2,0,3.0,2.0,1,63,1.3
3,79,1,2,1,7,64,1,1,0,2,2.0,0,-1,3,0,3.0,3.0,0,58,0.375
15,87,2,2,0,10,83,2,1,1,3,3.0,1,1,3,0,1.0,1.0,1,68,1.3636363636363635
26,93,3,3,1,6,94,1,1,1,2,3.0,0,-1,2,0,1.0,1.0,0,74,3.7142857142857144
23,78,2,2,1,5,83,2,1,1,2,2.0,0,1,3,0,1.0,1.0,1,68,3.8333333333333335
19,84,2,2,1,5,63,2,1,1,3,2.0,1,1,2,0,1.0,1.0,1,67,3.1666666666666665
20,71,2,2,1,5,75,1,1,0,2,2.0,1,1,4,0,1.0,1.0,1,65,3.3333333333333335
16,86,1,1,1,5,82,1,1,0,1,2.0,0,0,4,0,1.0,2.0,0,63,2.6666666666666665
21,99,2,1,0,7,57,3,1,2,2,2.0,0,0,2,0,3.0,1.0,1,71,2.625
25,62,2,1,1,8,77,2,1,0,2,1.0,0,-1,4,0,2.0,3.0,0,62,2.7777777777777777
10,95,3,1,1,7,74,3,1,2,1,2.0,0,-1,3,0,1.0,3.0,1,66,1.25
22,82,1,2,0,5,67,1,1,1,1,3.0,1,0,1,1,3.0,1.0,0,65,3.6666666666666665
26,70,3,2,0,6,81,1,1,0,1,3.0,0,0,3,0,1.0,2.0,1,66,3.7142857142857144
18,98,3,1,0,8,82,2,1,3,2,3.0,0,-1,3,0,2.0,1.0,1,71,2.0
24,79,1,3,0,6,99,3,0,2,1,3.0,0,-1,3,0,1.0,1.0,1,68,3.4285714285714284
37,73,2,3,1,6,71,2,1,0,3,3.0,0,1,5,0,1.0,2.0,1,72,5.285714285714286
19,67,2,3,0,5,77,2,1,1,2,3.0,1,-1,4,0,3.0,1.0,1,66,3.1666666666666665
22,70,2,1,1,6,58,1,1,4,3,2.0,0,1,2,0,3.0,2.0,1,66,3.142857142857143
16,93,1,3,0,6,77,3,1,2,1,2.0,0,-1,1,0,1.0,2.0,1,67,2.2857142857142856
21,85,1,3,1,7,52,2,1,5,3,3.0,0,1,3,0,3.0,2.0,1,71,2.625
23,97,3,3,1,8,57,1,0,2,3,2.0,0,1,1,0,3.0,3.0,1,72,2.5555555555555554
21,69,1,2,0,7,59,2,1,3,1,2.0,0,0,3,0,3.0,1.0,1,64,2.625
14,65,1,3,0,7,82,1,1,1,1,1.0,0,-1,3,0,1.0,1.0,1,60,1.75
21,60,3,1,0,8,78,2,1,2,2,3.0,0,1,2,0,1.0,1.0,0,64,2.3333333333333335
29,80,2,1,1,5,90,2,1,2,2,1.0,0,1,1,0,2.0,1.0,0,70,4.833333333333333
23,100,2,1,1,10,73,2,1,3,2,2.0,1,0,2,0,2.0,1.0,1,72,2.090909090909091
26,88,2,3,0,6,74,2,1,0,1,2.0,0,-1,2,0,1.0,2.0,0,68,3.7142857142857144
19,72,2,1,1,8,58,2,1,0,2,1.0,0,0,3,0,1.0,1.0,0,62,2.111111111111111
24,95,2,1,0,5,87,2,1,0,1,2.0,0,0,2,0,1.0,3.0,1,68,4.0
22,91,3,3,1,7,50,2,1,2,1,2.0,0,1,5,0,3.0,2.0,1,72,2.75
14,61,2,1,1,7,71,2,1,0,2,1.0,1,0,1,0,3.0,1.0,0,60,1.75
22,93,2,3,0,9,59,1,1,3,1,3.0,0,1,4,0,3.0,1.0,0,72,2.2
14,72,1,3,0,7,89,2,1,2,2,2.0,0,1,3,0,1.0,1.0,0,65,1.75
16,66,2,1,0,9,84,3,1,3,1,1.0,0,1,4,0,1.0,1.0,0,63,1.6
21,69,2,1,1,7,85,2,1,2,2,2.0,1,1,0,0,3.0,1.0,1,66,2.625
22,79,1,2,0,10,57,1,1,1,2,3.0,0,1,2,0,1.0,1.0,1,65,2.0
13,77,2,3,0,4,83,2,1,1,2,3.0,0,-1,2,0,3.0,2.0,1,65,2.6
26,72,1,3,0,8,85,2,1,2,1,2.0,0,-1,3,0,1.0,1.0,1,67,2.888888888888889
23,67,2,2,0,4,50,1,1,4,1,2.0,1,1,3,0,2.0,2.0,1,65,4.6
16,90,3,2,0,7,66,2,1,0,3,3.0,0,-1,3,0,1.0,2.0,1,67,2.0
11,100,2,2,1,9,54,1,1,1,1,2.0,0,-1,3,0,3.0,1.0,1,66,1.1
19,91,1,3,1,9,84,3,1,2,3,3.0,0,1,3,1,1.0,1.0,1,71,1.9
17,72,2,2,0,8,61,2,1,1,2,2.0,0,0,4,0,3.0,2.0,1,64,1.8888888888888888
21,70,1,1,0,7,63,2,1,0,2,2.0,0,1,2,0,1.0,3.0,1,61,2.625
18,69,3,3,1,8,54,1,1,1,3,3.0,1,0,2,0,1.0,1.0,1,65,2.0
8,65,2,2,0,10,74,2,1,1,2,3.0,1,1,5,0,1.0,1.0,1,61,0.7272727272727273
18,82,3,1,0,7,52,1,1,1,1,2.0,0,-1,4,0,1.0,1.0,0,64,2.25
18,84,3,3,1,8,92,1,1,0,1,3.0,0,-1,3,0,2.0,1.0,0,69,2.0
24,88,2,2,1,6,51,3,1,4,2,1.0,0,1,4,0,1.0,1.0,1,71,3.4285714285714284
16,87,3,2,0,9,53,3,1,3,2,3.0,1,0,5,0,2.0,1.0,1,70,1.6
30,72,3,2,1,8,82,3,1,1,1,2.0,0,1,1,0,2.0,2.0,0,70,3.3333333333333335
9,73,2,2,1,6,96,1,1,0,1,3.0,0,1,2,0,1.0,1.0,1,62,1.2857142857142858
28,87,2,2,0,8,95,2,1,2,2,1.0,1,1,3,0,3.0,1.0,0,73,3.111111111111111
19,74,2,3,0,8,54,3,1,0,2,2.0,0,1,3,0,2.0,1.0,1,66,2.111111111111111
25,69,2,2,1,8,64,2,1,1,3,1.0,0,-1,3,0,3.0,2.0,0,66,2.7777777777777777
20,75,1,2,0,7,76,2,1,3,3,3.0,1,-1,3,0,2.0,1.0,0,66,2.5
27,71,2,2,1,9,51,2,0,3,3,2.0,0,0,1,0,2.0,3.0,0,66,2.7
18,64,2,2,1,6,76,2,1,2,2,3.0,0,1,4,0,1.0,1.0,1,65,2.5714285714285716
13,93,1,1,0,7,72,3,1,2,2,2.0,1,1,2,0,3.0,1.0,0,67,1.625
29,94,3,2,0,7,79,2,1,6,1,3.0,1,0,4,0,2.0,1.0,0,76,3.625
19,69,2,2,1,9,96,2,1,0,3,3.0,1,1,3,0,1.0,2.0,0,66,1.9
21,63,2,2,1,6,64,1,1,1,3,3.0,0,-1,3,0,1.0,1.0,1,63,3.0
27,90,2,2,0,7,82,2,1,0,2,2.0,0,1,3,0,2.0,2.0,0,71,3.375
14,68,2,3,0,6,71,1,1,1,2,2.0,0,1,3,0,2.0,2.0,1,63,2.0
24,76,3,1,1,7,72,1,1,1,3,2.0,0,1,2,0,2.0,2.0,1,67,3.0
16,63,2,2,1,8,82,2,1,0,3,2.0,0,0,3,0,1.0,1.0,1,63,1.7777777777777777
19,69,3,2,1,5,98,2,1,0,3,2.0,0,0,4,0,1.0,2.0,1,66,3.1666666666666665
20,92,2,2,1,9,93,1,1,3,3,2.0,0,1,2,0,2.0,1.0,0,72,2.0
11,92,3,2,1,8,82,3,1,4,2,2.0,1,-1,2,0,3.0,1.0,0,70,1.2222222222222223
15,68,3,1,1,6,73,2,0,0,2,2.0,0,1,3,0,2.0,1.0,1,62,2.142857142857143
28,73,3,2,1,6,71,2,1,0,2,3.0,1,1,2,0,2.0,2.0,0,69,4.0
25,65,1,2,1,9,89,2,1,2,2,3.0,0,0,3,0,1.0,1.0,0,66,2.5
20,63,2,2,1,8,61,2,1,2,3,2.0,0,0,3,0,1.0,1.0,1,64,2.2222222222222223
21,100,1,2,1,6,79,2,1,2,1,2.0,0,0,1,0,1.0,1.0,0,70,3.0
18,86,2,2,0,6,75,3,1,0,1,3.0,0,0,4,0,1.0,1.0,1,67,2.5714285714285716
28,82,2,3,1,8,82,1,1,1,2,2.0,1,-1,2,0,3.0,1.0,1,71,3.111111111111111
19,91,2,2,0,8,59,3,1,1,3,2.0,0,0,2,0,3.0,1.0,1,69,2.111111111111111
21,94,3,1,0,8,85,2,1,1,2,2.0,0,-1,4,0,2.0,1.0,1,70,2.3333333333333335
27,92,2,2,1,7,81,2,1,0,1,2.0,0,-1,1,0,2.0,1.0,1,70,3.375
15,61,3,1,1,8,59,2,1,1,2,2.0,0,0,2,0,3.0,2.0,0,61,1.6666666666666667
29,67,1,3,0,7,72,2,0,0,2,3.0,0,0,3,0,1.0,1.0,0,65,3.625
11,86,2,3,1,6,84,2,1,0,3,3.0,1,0,3,0,1.0,1.0,1,67,1.5714285714285714
30,75,2,1,1,9,95,1,1,1,3,2.0,0,-1,5,0,3.0,1.0,1,70,3.0
18,99,2,2,0,8,56,2,0,2,1,3.0,1,-1,3,0,1.0,1.0,1,67,2.0
19,87,1,3,1,6,50,2,1,3,1,2.0,0,0,2,0,3.0,1.0,1,68,2.7142857142857144
9,98,3,3,0,7,58,2,1,2,2,2.0,0,-1,4,0,2.0,1.0,1,69,1.125
17,68,2,2,0,7,99,2,1,1,2,1.0,1,0,1,0,3.0,1.0,1,65,2.125
14,95,3,2,1,6,88,2,1,2,1,1.0,0,0,2,0,1.0,3.0,1,68,2.0
16,73,3,2,1,7,81,2,1,1,3,3.0,0,-1,4,0,3.0,1.0,1,67,2.0
19,100,2,3,1,6,57,2,1,1,3,2.0,1,1,2,1,1.0,1.0,1,70,2.7142857142857144
26,66,3,3,0,8,71,3,1,2,2,2.0,0,0,3,0,1.0,1.0,0,68,2.888888888888889
21,81,3,2,1,7,86,2,1,1,1,2.0,0,0,4,0,2.0,1.0,1,69,2.625
22,92,3,1,1,5,95,1,1,0,1,1.0,0,1,3,0,3.0,1.0,1,70,3.6666666666666665
13,77,3,3,1,7,69,2,1,2,1,3.0,1,0,5,0,2.0,2.0,1,67,1.625
15,79,3,3,1,6,100,2,1,4,1,2.0,0,0,3,0,2.0,1.0,0,70,2.142857142857143
31,99,2,1,1,4,57,3,1,1,3,3.0,0,0,2,0,3.0,2.0,0,74,6.2
16,77,2,1,1,7,69,1,1,1,1,3.0,0,0,4,0,1.0,1.0,0,63,2.0
30,84,3,2,1,9,94,2,1,1,1,3.0,1,1,2,1,1.0,1.0,0,72,3.0
19,62,3,2,0,7,82,1,1,0,1,1.0,1,0,5,1,3.0,1.0,1,62,2.375
20,94,2,2,0,8,91,2,1,1,1,2.0,0,1,2,0,3.0,1.0,0,71,2.2222222222222223
26,86,2,1,0,7,95,2,1,0,1,3.0,0,-1,5,0,1.0,2.0,1,68,3.25
28,76,2,3,1,6,75,3,1,3,3,2.0,0,1,3,0,1.0,1.0,1,72,4.0
19,61,2,3,1,6,62,3,1,1,3,2.0,0,0,2,0,3.0,2.0,0,64,2.7142857142857144
18,84,1,1,0,5,85,2,1,0,2,2.0,0,0,4,0,1.0,2.0,1,64,3.0
20,61,1,3,1,8,78,2,1,0,1,2.0,1,1,5,0,1.0,1.0,0,63,2.2222222222222223
22,60,3,2,1,8,89,2,1,2,2,3.0,1,0,4,0,2.0,2.0,1,66,2.4444444444444446
25,85,2,2,1,7,76,2,1,2,3,2.0,0,1,2,0,2.0,1.0,0,71,3.125
20,68,2,3,1,4,91,3,1,4,3,2.0,1,1,4,0,2.0,1.0,1,70,4.0
24,68,3,2,1,8,95,1,1,3,2,2.0,0,1,0,0,1.0,2.0,1,67,2.6666666666666665
30,86,3,3,1,6,87,2,1,0,1,1.0,1,1,4,0,2.0,1.0,0,73,4.285714285714286
22,62,1,2,1,7,87,2,1,2,3,1.0,0,0,3,0,1.0,1.0,0,64,2.75
22,73,1,2,0,5,79,2,1,4,2,1.0,0,-1,1,0,3.0,2.0,0,65,3.6666666666666665
11,66,2,2,1,7,74,2,1,3,2,3.0,1,0,3,0,1.0,3.0,0,62,1.375
4,83,3,2,0,7,99,1,1,1,1,1.0,1,0,3,0,2.0,1.0,0,64,0.5
22,86,1,2,0,4,82,1,1,1,1,1.0,1,1,5,0,2.0,2.0,1,67,4.4
19,89,2,3,0,9,92,3,1,5,2,2.0,1,1,3,0,3.0,1.0,1,74,1.9
17,70,3,2,0,7,75,2,1,1,1,2.0,1,0,4,1,2.0,3.0,1,63,2.125
21,64,3,1,1,7,78,1,1,1,2,2.0,0,1,4,0,1.0,1.0,1,64,2.625
20,63,2,1,0,8,83,1,1,4,2,2.0,0,0,3,0,3.0,2.0,0,64,2.2222222222222223
27,77,1,3,0,7,86,3,1,1,3,3.0,0,-1,3,0,2.0,1.0,1,70,3.375
21,98,2,2,1,8,72,2,1,3,1,1.0,0,1,3,0,1.0,2.0,0,71,2.3333333333333335
16,69,2,2,1,5,68,2,1,0,2,3.0,0,0,4,0,2.0,2.0,1,63,2.6666666666666665
26,70,2,3,1,7,62,2,1,0,1,2.0,1,-1,1,0,2.0,1.0,0,66,3.25
19,64,2,3,1,4,71,2,1,1,3,2.0,0,0,3,0,1.0,1.0,1,65,3.8
23,84,2,3,0,7,61,2,1,2,2,3.0,0,0,5,0,2.0,2.0,1,70,2.875
17,87,1,1,1,9,71,2,1,2,1,2.0,0,0,3,0,2.0,2.0,0,65,1.7
16,86,3,2,1,5,94,3,1,0,2,2.0,0,-1,2,0,1.0,1.0,1,68,2.6666666666666665
21,94,2,3,0,6,99,2,1,1,2,3.0,1,0,2,0,1.0,1.0,1,72,3.0
20,79,2,3,1,4,79,1,1,0,2,3.0,1,0,4,0,1.0,2.0,1,67,4.0
23,65,3,3,0,7,57,1,0,1,3,2.0,0,0,4,0,1.0,1.0,1,65,2.875
18,72,2,2,0,8,71,1,1,2,3,2.0,0,1,4,0,3.0,1.0,1,66,2.0
9,86,3,3,0,8,80,2,1,1,1,2.0,0,1,5,0,2.0,3.0,0,67,1.0
17,85,2,1,0,6,69,2,1,1,2,2.0,1,0,3,1,3.0,1.0,1,65,2.4285714285714284
25,81,2,2,0,4,60,2,1,2,2,2.0,1,0,3,0,1.0,1.0,1,68,5.0
18,87,2,2,0,5,61,3,1,2,2,2.0,0,1,1,0,1.0,1.0,1,68,3.0
19,85,2,3,1,9,74,2,1,1,3,2.0,0,0,3,0,2.0,2.0,0,69,1.9
26,95,2,1,1,8,61,2,1,2,2,2.0,1,0,2,0,3.0,1.0,0,71,2.888888888888889
16,83,2,2,1,7,62,2,1,0,1,2.0,1,0,1,1,3.0,2.0,1,64,2.0
11,91,1,3,0,7,94,2,1,1,2,2.0,0,0,3,1,1.0,2.0,1,65,1.375
19,70,2,2,0,5,89,2,1,1,1,3.0,1,0,2,0,1.0,1.0,1,64,3.1666666666666665
17,87,2,2,1,9,53,1,1,3,1,2.0,0,1,3,0,3.0,2.0,0,67,1.7
14,96,2,3,0,6,66,2,1,3,2,2.0,0,1,2,0,2.0,1.0,0,70,2.0
19,75,2,3,0,8,77,2,1,1,1,1.0,0,1,4,0,1.0,2.0,0,66,2.111111111111111
23,91,3,2,0,5,53,1,1,3,2,3.0,1,-1,3,0,1.0,1.0,1,70,3.8333333333333335
20,89,2,3,1,7,84,1,1,1,3,3.0,0,0,4,0,1.0,2.0,1,70,2.5
22,62,3,2,1,9,69,1,1,1,3,1.0,1,-1,3,0,2.0,1.0,1,64,2.2
31,83,1,3,1,6,70,2,1,3,1,2.0,1,-1,3,0,2.0,1.0,1,71,4.428571428571429
18,65,2,3,1,8,63,2,1,1,2,2.0,0,1,3,0,1.0,3.0,1,63,2.0
22,99,2,2,1,5,67,3,1,1,2,3.0,1,-1,3,0,2.0,1.0,1,72,3.6666666666666665
17,92,3,3,0,6,93,2,1,4,2,1.0,1,0,4,0,2.0,2.0,0,72,2.4285714285714284
15,64,3,1,1,7,89,1,1,0,1,2.0,0,-1,2,0,1.0,1.0,1,61,1.875
16,65,3,1,1,8,97,3,1,2,1,2.0,0,-1,4,1,1.0,1.0,0,63,1.7777777777777777
17,84,1,3,0,7,85,3,1,0,2,2.0,1,1,2,0,2.0,2.0,1,67,2.125
22,74,3,1,1,8,79,1,1,3,2,2.0,0,0,1,0,1.0,1.0,0,67,2.4444444444444446
34,61,2,1,0,9,63,1,1,2,2,2.0,0,0,5,0,1.0,2.0,0,65,3.4
16,82,1,2,0,6,83,2,1,0,2,2.0,0,-1,2,0,1.0,1.0,0,64,2.2857142857142856
18,76,2,1,0,5,95,3,1,2,3,3.0,0,1,6,0,3.0,1.0,0,69,3.0
20,64,2,3,0,6,53,3,0,4,3,2.0,1,0,4,0,2.0,2.0,0,65,2.857142857142857
22,92,3,3,0,9,72,1,1,1,1,3.0,0,0,4,1,3.0,1.0,1,71,2.2
22,97,2,2,1,6,57,2,1,0,2,3.0,1,1,2,0,1.0,1.0,1,70,3.142857142857143
28,90,1,2,1,9,91,2,1,0,2,2.0,0,1,2,0,2.0,2.0,0,98,2.8
5,93,2,2,1,7,81,2,0,1,1,3.0,0,0,2,0,2.0,1.0,0,65,0.625
6,69,3,2,1,10,94,2,0,1,2,2.0,1,0,4,0,3.0,1.0,0,63,0.5454545454545454
17,71,2,2,1,10,53,1,1,0,1,1.0,0,1,3,0,1.0,2.0,1,61,1.5454545454545454
27,68,2,1,1,9,95,2,1,1,1,2.0,0,1,3,0,2.0,2.0,1,67,2.7
11,91,2,2,0,5,53,2,1,0,1,2.0,1,0,2,0,3.0,1.0,0,64,1.8333333333333333
2,98,3,2,0,4,64,2,1,1,1,3.0,1,0,2,0,1.0,1.0,0,65,0.4
23,89,3,3,1,7,58,2,1,2,2,3.0,1,1,3,0,3.0,2.0,1,73,2.875
21,95,2,3,1,8,57,1,0,1,1,2.0,0,1,3,0,1.0,1.0,1,69,2.3333333333333335
13,86,2,3,0,8,59,2,1,3,2,2.0,0,0,3,0,1.0,1.0,1,67,1.4444444444444444
14,76,3,2,0,6,74,1,1,0,3,2.0,1,1,2,1,2.0,3.0,1,63,2.0
14,77,3,3,1,5,89,1,1,0,2,2.0,1,1,2,0,2.0,1.0,1,67,2.3333333333333335
21,63,1,3,1,8,95,2,1,2,3,2.0,0,0,5,0,1.0,1.0,1,66,2.3333333333333335
16,61,2,3,1,10,78,2,1,2,1,3.0,0,1,2,0,2.0,2.0,0,64,1.4545454545454546
23,88,3,1,1,6,58,2,1,2,1,2.0,0,0,2,0,1.0,2.0,1,68,3.2857142857142856
3,78,2,2,0,8,54,3,1,2,3,2.0,0,1,4,0,1.0,2.0,1,61,0.3333333333333333
15,82,2,2,1,10,75,2,1,1,3,2.0,0,-1,1,0,2.0,1.0,0,66,1.3636363636363635
13,82,2,2,1,7,88,2,1,0,1,2.0,0,0,2,0,1.0,1.0,0,65,1.625
18,71,2,3,1,7,81,2,1,0,2,2.0,0,-1,4,0,2.0,2.0,0,65,2.25
17,79,2,2,0,8,79,2,1,3,2,3.0,1,0,5,1,3.0,1.0,1,67,1.8888888888888888
25,79,3,2,1,7,52,2,1,1,2,2.0,0,-1,2,0,3.0,2.0,0,68,3.125
9,76,2,2,1,9,71,2,1,1,2,3.0,0,0,3,0,2.0,1.0,1,63,0.9
20,93,3,2,0,6,78,1,1,1,1,2.0,0,1,3,0,2.0,2.0,0,70,2.857142857142857
23,78,3,3,0,7,80,2,1,0,1,2.0,1,0,2,0,1.0,1.0,0,68,2.875
31,84,2,2,0,5,50,2,0,2,1,3.0,1,1,3,0,1.0,1.0,1,69,5.166666666666667
17,96,3,2,1,7,60,1,1,0,1,2.0,1,0,2,1,2.0,1.0,1,67,2.125
22,95,2,2,0,5,97,2,1,0,1,1.0,0,0,3,0,1.0,2.0,1,69,3.6666666666666665
9,96,2,1,1,8,75,1,1,1,1,3.0,1,1,4,1,1.0,1.0,0,65,1.0
6,71,2,3,1,5,85,2,1,1,1,2.0,0,1,2,0,1.0,2.0,1,61,1.0
25,61,2,3,1,8,65,1,1,3,1,1.0,0,0,3,0,2.0,1.0,0,65,2.7777777777777777
20,70,1,2,1,6,79,1,1,4,2,2.0,0,1,4,0,3.0,1.0,1,67,2.857142857142857
27,71,2,3,1,10,68,2,1,1,1,2.0,0,-1,2,0,1.0,2.0,1,66,2.4545454545454546
12,96,2,2,0,9,65,2,1,2,3,3.0,1,0,4,1,3.0,1.0,0,69,1.2
23,86,2,2,1,8,71,3,1,3,2,2.0,0,0,4,0,2.0,1.0,0,71,2.5555555555555554
31,63,3,3,0,5,73,2,1,1,3,1.0,0,1,2,0,1.0,1.0,0,68,5.166666666666667
23,65,3,2,0,6,67,3,0,3,2,2.0,1,-1,5,0,1.0,2.0,1,65,3.2857142857142856
22,66,2,2,0,6,63,3,1,1,1,2.0,1,0,5,0,3.0,3.0,1,64,3.142857142857143
20,85,2,1,0,6,81,1,1,1,3,3.0,1,1,3,0,2.0,1.0,1,68,2.857142857142857
11,89,1,3,0,9,69,1,1,1,1,1.0,0,0,3,0,1.0,1.0,1,64,1.1
28,94,2,3,0,7,60,1,1,1,1,2.0,0,1,3,0,1.0,1.0,1,71,3.5
16,98,3,2,0,6,88,2,1,1,1,2.0,0,0,3,0,3.0,2.0,0,70,2.2857142857142856
23,68,3,2,1,6,86,2,1,0,2,2.0,0,1,2,0,3.0,1.0,1,68,3.2857142857142856
11,72,2,2,1,6,94,1,1,2,2,2.0,0,1,3,0,1.0,2.0,1,63,1.5714285714285714
13,70,2,3,1,8,78,2,1,0,1,2.0,1,-1,3,1,1.0,1.0,1,61,1.4444444444444444
29,74,2,1,0,5,64,2,1,2,2,2.0,0,0,1,0,2.0,2.0,1,66,4.833333333333333
18,97,2,3,1,7,93,2,1,5,3,2.0,0,1,4,0,2.0,1.0,0,75,2.25
29,83,3,3,1,8,64,2,1,2,2,3.0,0,0,1,0,1.0,3.0,1,71,3.2222222222222223
20,90,2,2,1,4,83,3,1,1,1,1.0,0,1,3,0,2.0,1.0,1,69,4.0
9,80,3,1,0,5,60,2,1,2,1,2.0,1,0,3,0,1.0,1.0,1,62,1.5
25,61,2,2,0,7,81,3,1,0,2,2.0,0,1,4,0,1.0,2.0,0,65,3.125
16,63,2,1,0,9,92,2,1,0,1,2.0,1,1,3,0,2.0,2.0,0,61,1.6
24,82,2,2,0,9,77,2,1,3,2,2.0,0,1,2,0,1.0,1.0,0,69,2.4
20,89,1,1,1,6,74,1,1,1,2,1.0,1,1,3,0,3.0,3.0,1,66,2.857142857142857
11,69,3,2,1,9,100,1,1,1,1,2.0,0,0,5,0,1.0,1.0,1,64,1.1
21,89,3,2,1,7,51,1,1,1,2,2.0,0,1,4,0,1.0,1.0,0,69,2.625
33,92,3,3,1,7,67,1,1,6,3,2.0,0,1,5,0,1.0,1.0,0,78,4.125
23,76,1,3,1,7,96,1,1,2,2,2.0,1,0,4,0,1.0,1.0,0,68,2.875
20,90,3,3,0,8,82,2,1,2,3,2.0,1,-1,4,1,1.0,2.0,0,70,2.2222222222222223
26,76,1,2,1,6,77,2,1,1,2,2.0,1,0,5,0,1.0,1.0,1,68,3.7142857142857144
21,87,1,1,1,6,82,2,1,0,2,3.0,0,0,5,0,3.0,1.0,0,68,3.0
21,91,2,2,0,5,66,1,1,1,3,2.0,0,1,3,0,2.0,1.0,0,69,3.5
13,100,2,1,1,8,54,2,1,0,2,3.0,0,1,3,0,2.0,1.0,0,68,1.4444444444444444
21,74,3,1,1,8,64,2,1,3,1,1.0,0,0,1,0,2.0,3.0,1,80,2.3333333333333335
26,76,2,2,1,8,67,3,1,1,1,2.0,0,-1,3,0,1.0,2.0,1,67,2.888888888888889
15,67,1,2,1,5,74,2,1,1,3,3.0,0,1,2,0,3.0,1.0,1,64,2.5
29,68,2,1,0,6,70,1,1,0,2,2.0,0,-1,2,0,3.0,1.0,1,64,4.142857142857143
19,88,2,2,1,9,76,1,1,1,2,3.0,0,1,3,0,1.0,3.0,1,68,1.9
15,97,1,2,0,7,60,1,1,4,2,2.0,0,-1,3,0,1.0,1.0,0,67,1.875
26,76,2,2,0,7,59,1,1,0,2,2.0,0,0,1,1,3.0,1.0,1,65,3.25
18,67,3,3,1,7,68,2,1,0,2,2.0,0,1,4,0,1.0,1.0,1,66,2.25
25,71,2,1,1,8,74,1,1,4,2,2.0,0,1,4,1,3.0,1.0,1,67,2.7777777777777777
18,78,3,2,0,7,67,1,0,0,3,2.0,0,-1,3,0,2.0,2.0,1,64,2.25
20,72,2,1,1,6,79,2,1,1,1,2.0,1,1,4,0,3.0,1.0,0,66,2.857142857142857
23,69,2,1,1,8,66,1,0,1,2,2.0,0,1,3,0,2.0,3.0,1,63,2.5555555555555554
22,89,2,3,0,5,59,3,1,5,2,2.0,1,1,4,1,1.0,1.0,1,71,3.6666666666666665
8,60,3,2,1,9,93,3,1,0,1,3.0,0,0,3,0,3.0,1.0,0,62,0.8
13,82,2,3,0,6,60,2,1,1,1,1.0,0,1,4,0,2.0,3.0,0,64,1.8571428571428572
26,92,1,2,1,8,98,2,1,2,2,2.0,0,0,3,0,3.0,2.0,1,72,2.888888888888889
19,71,3,2,1,7,99,1,1,0,1,3.0,0,-1,4,0,1.0,2.0,0,65,2.375
17,84,1,3,0,6,85,2,1,1,2,1.0,0,1,2,0,2.0,1.0,0,67,2.4285714285714284
12,87,3,3,1,9,75,2,0,1,1,2.0,1,0,3,1,2.0,2.0,0,65,1.2
14,86,1,1,1,8,90,1,1,0,1,2.0,1,0,1,0,1.0,1.0,1,63,1.5555555555555556
8,78,3,3,0,7,94,1,1,1,3,3.0,0,0,3,1,1.0,1.0,0,65,1.0
19,74,2,2,1,10,85,2,1,1,1,2.0,0,1,5,0,3.0,2.0,1,67,1.7272727272727273
16,93,2,2,1,8,55,1,1,0,3,2.0,0,0,4,0,1.0,2.0,1,67,1.7777777777777777
14,90,1,2,1,6,50,2,1,0,2,3.0,1,1,3,0,2.0,2.0,1,65,2.0
20,73,2,3,1,4,60,2,1,1,1,2.0,1,1,3,1,1.0,2.0,1,64,4.0
22,64,3,1,0,7,59,3,1,0,2,3.0,1,1,5,1,1.0,1.0,0,64,2.75
33,63,3,3,1,9,59,2,1,1,2,2.0,0,1,4,0,1.0,1.0,1,69,3.3
11,64,2,2,0,8,75,1,1,1,3,2.0,1,1,3,0,1.0,2.0,1,60,1.2222222222222223
27,83,2,2,1,9,76,2,1,1,1,3.0,0,1,4,0,1.0,1.0,1,70,2.7
26,62,1,3,0,6,86,2,1,2,2,2.0,0,1,3,0,1.0,1.0,1,66,3.7142857142857144
15,73,2,2,1,7,60,3,1,3,2,2.0,0,0,4,0,2.0,1.0,0,66,1.875
21,90,2,1,0,7,55,2,1,2,2,2.0,0,0,2,0,2.0,1.0,0,68,2.625
17,72,1,2,0,7,83,1,1,3,2,3.0,0,-1,3,1,1.0,3.0,0,62,2.125
21,91,2,3,1,8,74,1,1,0,2,2.0,0,-1,2,0,3.0,1.0,0,70,2.3333333333333335
29,90,2,2,1,9,83,2,1,0,2,3.0,1,1,3,0,1.0,1.0,0,72,2.9
24,70,1,1,1,10,69,3,1,1,3,2.0,0,-1,2,0,1.0,2.0,0,64,2.1818181818181817
23,89,1,2,0,9,88,3,1,1,3,2.0,0,0,5,0,3.0,1.0,1,71,2.3
17,90,2,3,0,8,84,2,1,1,1,1.0,0,-1,4,0,1.0,3.0,0,67,1.8888888888888888
11,76,1,2,0,6,83,3,1,3,2,2.0,0,1,1,0,1.0,1.0,0,64,1.5714285714285714
19,68,3,3,0,7,51,2,0,1,3,2.0,0,1,1,0,1.0,2.0,0,64,2.375
27,81,2,3,1,8,93,2,1,0,3,3.0,0,0,3,0,2.0,1.0,0,72,3.0
11,97,1,1,1,7,69,2,1,3,1,2.0,0,1,2,0,1.0,1.0,0,66,1.375
14,86,3,2,0,6,57,2,1,3,3,3.0,1,0,2,0,2.0,1.0,0,68,2.0
21,67,2,2,1,6,88,2,1,1,1,2.0,1,1,5,0,3.0,1.0,0,95,3.0
14,87,2,1,1,8,74,2,1,0,2,3.0,0,0,3,1,2.0,2.0,1,64,1.5555555555555556
15,77,2,2,1,7,52,2,1,1,2,2.0,0,0,2,0,2.0,1.0,1,64,1.875
17,84,1,3,1,7,89,2,1,2,3,2.0,0,1,2,0,1.0,2.0,1,68,2.125
12,89,2,1,1,7,72,2,1,1,3,3.0,0,0,5,0,2.0,1.0,1,67,1.5
14,81,2,2,0,6,88,2,1,1,3,2.0,0,1,3,0,3.0,2.0,0,67,2.0
24,93,3,2,1,7,88,1,1,1,2,3.0,0,-1,3,0,1.0,2.0,0,71,3.0
12,89,2,1,1,6,55,1,1,1,1,3.0,0,-1,3,0,1.0,1.0,0,63,1.7142857142857142
10,85,2,2,1,6,81,2,1,3,1,2.0,0,0,3,0,1.0,1.0,0,66,1.4285714285714286
16,66,3,3,0,5,68,3,0,2,1,2.0,0,1,5,0,3.0,2.0,1,65,2.6666666666666665
24,93,2,1,1,7,77,2,1,0,1,2.0,1,-1,3,0,1.0,1.0,0,68,3.0
19,97,2,1,1,8,54,2,1,0,3,2.0,0,0,2,0,1.0,1.0,1,68,2.111111111111111
17,65,2,3,0,9,79,2,1,0,2,2.0,0,1,2,1,1.0,2.0,1,62,1.7
20,80,1,2,1,5,89,2,1,0,3,3.0,0,0,3,0,3.0,3.0,1,67,3.3333333333333335
10,70,3,3,1,9,99,2,1,1,2,2.0,0,0,4,0,1.0,2.0,0,65,1.0
23,90,3,2,1,7,66,1,1,2,3,3.0,0,0,3,0,1.0,1.0,0,71,2.875
22,89,2,3,1,5,58,2,1,4,3,3.0,0,0,2,1,2.0,1.0,0,71,3.6666666666666665
18,66,3,2,1,6,68,1,0,1,2,3.0,0,1,3,1,1.0,3.0,1,61,2.5714285714285716
26,95,2,2,0,4,51,2,1,1,1,2.0,0,1,2,0,1.0,1.0,1,70,5.2
13,67,2,1,1,5,70,2,1,0,1,3.0,1,-1,2,0,1.0,1.0,1,60,2.1666666666666665
27,92,1,2,0,10,96,2,1,0,1,2.0,0,0,2,0,3.0,3.0,1,70,2.4545454545454546
21,78,2,3,0,6,60,3,1,1,1,3.0,1,0,2,0,2.0,1.0,0,67,3.0
18,73,2,2,1,8,74,1,0,3,2,3.0,1,0,2,0,3.0,1.0,1,66,2.0
20,66,1,1,1,7,79,2,1,2,2,2.0,1,1,2,0,1.0,2.0,0,63,2.5
19,67,2,2,0,7,59,1,1,3,1,3.0,1,1,3,0,3.0,1.0,0,65,2.375
27,86,3,2,1,8,67,3,1,5,3,3.0,0,1,2,1,3.0,1.0,0,75,3.0
14,82,3,2,0,4,96,1,1,2,3,2.0,1,-1,4,1,1.0,1.0,1,66,2.8
15,65,2,2,0,9,65,2,1,1,1,2.0,0,0,2,0,2.0,1.0,0,61,1.5
26,65,2,2,1,7,82,1,1,1,1,2.0,0,1,1,0,3.0,3.0,1,65,3.25
16,63,1,2,1,6,57,2,1,2,1,1.0,0,0,3,0,3.0,1.0,1,61,2.2857142857142856
25,90,3,3,1,8,83,2,1,2,2,2.0,0,-1,3,0,2.0,1.0,1,73,2.7777777777777777
30,88,3,2,1,6,64,2,1,1,3,2.0,0,0,2,0,2.0,1.0,0,73,4.285714285714286
18,62,2,2,1,7,62,2,1,1,2,2.0,0,1,5,0,2.0,2.0,1,63,2.25
24,82,1,2,0,7,56,2,1,1,2,2.0,0,1,3,0,3.0,2.0,1,67,3.0
13,63,2,3,1,8,52,2,1,2,1,2.0,0,1,4,0,1.0,1.0,1,62,1.4444444444444444
25,96,1,1,0,7,98,2,1,1,2,2.0,1,0,3,0,2.0,1.0,1,71,3.125
21,96,2,2,1,5,71,2,1,2,1,3.0,0,-1,4,0,1.0,2.0,1,70,3.5
23,88,2,2,0,8,89,2,1,0,2,3.0,1,1,5,0,1.0,1.0,0,70,2.5555555555555554
16,97,2,2,0,7,96,1,0,4,1,3.0,1,0,2,0,1.0,1.0,0,69,2.0
10,92,2,2,0,4,60,3,1,3,1,1.0,0,1,2,0,2.0,1.0,0,66,2.0
23,93,1,3,1,7,93,3,1,1,2,3.0,0,-1,3,0,1.0,1.0,0,72,2.875
8,83,3,1,1,6,85,1,1,1,1,3.0,0,0,3,0,1.0,3.0,0,63,1.1428571428571428
18,72,1,2,1,8,79,2,1,1,2,3.0,0,1,4,0,1.0,2.0,1,65,2.0
26,69,3,3,1,6,90,2,1,3,2,2.0,0,1,3,0,2.0,2.0,0,71,3.7142857142857144
21,73,2,2,0,5,56,2,1,5,3,2.0,1,0,3,0,1.0,2.0,1,66,3.5
32,85,2,1,1,9,63,1,0,2,3,2.0,0,0,3,0,1.0,2.0,1,69,3.2
26,67,1,2,0,8,57,2,1,0,2,2.0,0,-1,4,0,2.0,3.0,0,62,2.888888888888889
16,70,3,3,0,7,95,3,0,1,2,2.0,0,0,3,0,1.0,1.0,0,66,2.0
20,79,2,1,1,8,55,1,1,3,1,2.0,1,1,4,0,1.0,1.0,0,66,2.2222222222222223
20,69,2,1,1,8,99,3,1,1,2,3.0,0,-1,3,1,1.0,2.0,0,64,2.2222222222222223
11,84,1,2,1,7,55,3,1,0,2,3.0,0,-1,3,0,1.0,1.0,1,63,1.375
14,97,2,2,1,5,83,2,1,0,1,2.0,0,1,2,0,1.0,1.0,0,68,2.3333333333333335
17,90,2,2,0,7,83,1,1,5,2,3.0,0,-1,3,1,1.0,1.0,1,68,2.125
8,87,3,3,0,9,97,1,1,2,1,2.0,0,1,3,0,1.0,1.0,1,67,0.8
20,83,3,1,1,8,66,2,1,1,3,2.0,1,0,3,1,2.0,1.0,0,67,2.2222222222222223
19,80,3,3,1,7,67,2,1,2,1,3.0,0,0,2,1,3.0,1.0,0,68,2.375
10,67,3,2,1,8,92,2,1,1,2,3.0,0,-1,4,0,3.0,1.0,1,65,1.1111111111111112
22,96,1,3,1,7,99,3,1,4,1,2.0,0,1,4,0,2.0,2.0,1,74,2.75
24,70,2,3,1,9,52,3,1,1,1,2.0,0,1,2,0,3.0,2.0,1,85,2.4
21,64,2,2,0,9,82,2,1,2,1,2.0,0,0,3,0,2.0,2.0,1,64,2.1
18,90,1,2,1,5,62,3,1,3,2,2.0,1,0,2,0,1.0,2.0,0,67,3.0
24,67,3,3,1,9,86,2,1,2,2,2.0,0,-1,2,0,2.0,1.0,0,68,2.4
24,75,1,2,1,10,89,1,1,0,2,3.0,1,1,3,0,2.0,1.0,0,67,2.1818181818181817
22,61,3,2,0,8,88,1,1,1,2,3.0,0,0,4,0,1.0,1.0,0,65,2.4444444444444446
15,65,3,3,1,8,72,1,1,2,1,2.0,1,0,2,1,3.0,3.0,1,63,1.6666666666666667
22,67,2,2,1,6,58,2,1,1,1,2.0,0,0,2,0,3.0,1.0,1,64,3.142857142857143
27,62,1,1,1,6,79,2,1,0,1,2.0,1,-1,3,0,2.0,2.0,1,62,3.857142857142857
16,86,1,3,1,7,89,1,1,1,2,1.0,0,1,2,0,3.0,1.0,0,68,2.0
33,93,2,2,1,6,96,3,1,0,1,2.0,1,1,4,0,3.0,3.0,0,75,4.714285714285714
17,75,2,1,0,5,73,3,1,0,1,2.0,1,0,4,0,1.0,1.0,0,63,2.8333333333333335
20,95,2,1,1,7,62,1,1,2,1,2.0,0,0,4,0,2.0,2.0,1,68,2.5
16,69,2,2,0,8,56,1,1,2,2,2.0,1,0,3,0,3.0,1.0,1,63,1.7777777777777777
21,73,3,3,0,5,90,2,1,0,2,2.0,0,0,2,0,2.0,1.0,0,68,3.5
10,66,2,3,0,7,77,2,1,0,2,3.0,0,1,2,0,1.0,1.0,1,62,1.25
17,85,1,2,1,7,84,2,1,3,2,2.0,0,1,2,0,2.0,3.0,0,67,2.125
13,77,3,3,0,7,58,2,1,2,1,2.0,0,1,3,0,1.0,1.0,1,66,1.625
21,85,2,2,0,8,50,1,1,1,2,3.0,1,0,2,0,1.0,3.0,1,65,2.3333333333333335
26,90,2,2,1,8,98,2,1,0,1,1.0,1,-1,3,1,3.0,2.0,0,69,2.888888888888889
24,82,3,2,0,6,91,2,1,2,3,2.0,0,1,1,0,1.0,1.0,1,70,3.4285714285714284
6,85,3,2,1,9,70,3,1,0,1,2.0,0,1,3,1,3.0,1.0,0,64,0.6
32,97,3,2,1,8,73,2,1,0,3,2.0,0,-1,3,0,2.0,1.0,0,75,3.5555555555555554
22,72,1,1,1,9,96,3,1,1,1,2.0,1,1,3,0,2.0,1.0,1,66,2.2
15,74,2,1,0,7,60,1,1,2,2,2.0,0,1,3,0,1.0,3.0,0,62,1.875
21,89,1,2,0,7,90,1,1,4,3,2.0,0,0,5,0,3.0,3.0,1,70,2.625
21,84,3,3,0,7,51,2,1,0,2,2.0,0,1,3,0,1.0,2.0,1,68,2.625
16,67,2,3,1,9,94,3,1,1,2,2.0,1,0,2,0,3.0,1.0,0,66,1.6
21,75,1,3,1,7,79,2,1,0,1,2.0,0,0,2,0,1.0,1.0,1,65,2.625
16,79,3,2,1,7,74,3,1,3,2,2.0,1,1,2,0,3.0,3.0,1,68,2.0
18,77,3,2,0,10,85,1,1,2,2,2.0,0,1,3,0,3.0,1.0,0,68,1.6363636363636365
16,67,2,2,1,5,53,1,1,2,2,2.0,1,1,3,0,1.0,2.0,1,62,2.6666666666666665
11,97,1,2,1,8,60,1,1,2,1,2.0,0,1,3,0,2.0,1.0,0,66,1.2222222222222223
21,90,2,1,0,7,70,2,1,2,1,2.0,0,-1,2,0,3.0,1.0,0,68,2.625
24,79,3,2,0,7,81,3,1,0,3,2.0,0,1,2,0,1.0,2.0,1,69,3.0
23,87,2,1,0,6,57,2,1,2,3,2.0,0,1,3,1,1.0,1.0,1,67,3.2857142857142856
25,96,1,3,1,6,69,1,1,3,3,2.0,0,1,2,0,3.0,1.0,1,74,3.5714285714285716
22,65,1,2,0,6,63,2,0,2,2,2.0,0,0,3,0,1.0,3.0,1,61,3.142857142857143
17,70,3,2,0,8,82,1,1,2,3,3.0,0,-1,2,1,1.0,2.0,0,64,1.8888888888888888
25,82,2,2,0,8,96,2,1,1,1,2.0,1,1,2,0,1.0,2.0,0,69,2.7777777777777777
12,92,3,2,0,4,58,1,1,2,2,2.0,0,1,2,1,2.0,2.0,1,66,2.4
15,61,2,2,0,5,59,3,1,0,1,3.0,0,0,4,0,1.0,1.0,0,61,2.5
14,99,2,2,1,8,80,3,1,3,2,1.0,1,0,4,0,2.0,1.0,0,71,1.5555555555555556
26,78,3,3,1,8,73,2,0,2,1,2.0,1,1,4,0,2.0,1.0,0,71,2.888888888888889
26,74,2,2,0,5,86,1,1,2,1,3.0,0,1,4,0,2.0,1.0,0,69,4.333333333333333
23,72,2,2,1,8,64,1,1,1,1,2.0,0,0,4,0,3.0,1.0,0,66,2.5555555555555554
26,67,1,2,1,7,77,1,1,2,1,3.0,1,0,3,1,1.0,2.0,1,64,3.25
15,92,1,2,0,8,69,2,1,1,3,2.0,1,0,4,0,3.0,1.0,1,68,1.6666666666666667
22,98,3,2,1,6,64,1,1,0,2,3.0,0,1,3,0,1.0,2.0,0,71,3.142857142857143
19,77,3,2,1,5,86,3,1,0,2,1.0,0,-1,4,1,1.0,1.0,1,66,3.1666666666666665
25,98,2,2,1,7,90,3,1,1,3,1.0,0,0,4,0,3.0,1.0,1,94,3.125
19,93,1,3,1,7,66,1,1,1,2,2.0,1,0,3,0,1.0,1.0,0,68,2.375
18,79,2,2,0,7,81,2,0,1,2,3.0,1,1,4,0,2.0,2.0,0,66,2.25
23,87,3,1,0,6,59,2,1,4,2,3.0,0,0,2,0,1.0,1.0,1,70,3.2857142857142856
25,77,2,2,0,10,90,2,1,1,1,2.0,0,0,3,0,1.0,1.0,1,68,2.272727272727273
16,82,3,1,0,4,64,1,1,1,2,2.0,1,0,2,0,3.0,2.0,1,65,3.2
20,62,2,2,1,6,59,1,1,3,2,2.0,0,1,4,0,1.0,1.0,1,64,2.857142857142857
14,88,3,2,1,6,97,2,1,0,1,2.0,0,1,3,0,2.0,1.0,1,69,2.0
5,62,3,3,0,7,71,1,1,1,1,2.0,1,1,4,0,2.0,3.0,1,59,0.625
21,93,1,2,0,8,82,2,1,2,2,3.0,1,0,4,0,2.0,1.0,1,70,2.3333333333333335
24,93,3,1,1,8,90,3,1,0,3,2.0,1,-1,2,0,2.0,1.0,1,72,2.6666666666666665
22,69,1,2,0,9,84,2,1,0,2,2.0,0,0,3,0,2.0,2.0,1,64,2.2
8,73,2,3,0,8,78,3,1,0,2,3.0,1,-1,3,0,1.0,1.0,1,63,0.8888888888888888
18,79,2,2,1,4,69,2,1,2,3,1.0,1,1,3,0,2.0,1.0,1,67,3.6
7,84,2,2,1,5,96,2,0,1,1,1.0,0,1,3,1,1.0,1.0,1,62,1.1666666666666667
28,71,2,2,1,9,57,3,1,1,1,3.0,0,0,4,0,3.0,1.0,0,69,2.8
13,84,2,2,1,9,94,2,1,3,2,2.0,0,-1,2,1,1.0,1.0,1,66,1.3
28,72,1,1,0,8,85,3,1,4,1,2.0,1,-1,2,0,1.0,1.0,0,66,3.111111111111111
26,62,1,2,0,6,79,2,1,1,1,2.0,0,1,3,1,2.0,1.0,0,63,3.7142857142857144
15,60,2,2,0,7,66,3,1,2,3,2.0,0,0,4,0,1.0,1.0,1,62,1.875
13,64,2,3,0,6,57,1,1,1,1,1.0,0,0,3,1,1.0,2.0,0,58,1.8571428571428572
22,92,2,1,0,5,72,1,1,0,2,2.0,1,-1,4,0,2.0,2.0,1,67,3.6666666666666665
15,98,2,2,1,7,89,1,0,2,1,1.0,0,0,3,0,2.0,2.0,1,68,1.875
21,77,3,2,0,10,87,1,1,1,1,2.0,0,0,3,0,2.0,1.0,1,67,1.9090909090909092
17,81,2,2,0,6,82,2,1,3,1,2.0,1,0,4,0,2.0,1.0,1,67,2.4285714285714284
9,66,1,2,0,9,100,1,1,3,2,2.0,0,0,3,0,2.0,1.0,1,62,0.9
7,82,2,3,1,6,99,2,1,2,2,3.0,0,-1,2,0,3.0,2.0,1,66,1.0
21,66,2,2,1,5,70,2,1,1,1,3.0,1,1,5,0,1.0,1.0,0,65,3.5
17,84,2,3,1,8,60,2,1,0,1,1.0,1,1,5,0,2.0,1.0,0,67,1.8888888888888888
17,97,2,1,0,7,73,3,0,1,2,3.0,1,0,4,0,2.0,1.0,1,69,2.125
24,68,2,3,1,9,92,1,1,1,1,3.0,0,1,2,0,1.0,1.0,1,67,2.4
27,91,1,2,1,9,73,1,1,0,1,2.0,1,0,3,0,2.0,1.0,1,69,2.7
18,61,2,1,0,7,67,1,1,2,3,2.0,0,1,4,0,1.0,1.0,1,62,2.25
18,75,2,2,1,9,87,1,1,3,1,2.0,0,-1,3,0,3.0,1.0,0,67,1.8
23,64,2,1,1,6,83,2,1,0,2,2.0,0,0,3,0,1.0,2.0,1,63,3.2857142857142856
12,74,2,2,0,6,98,3,1,2,1,2.0,0,0,3,0,2.0,1.0,1,65,1.7142857142857142
21,67,2,2,1,9,77,2,1,3,3,1.0,0,0,3,0,2.0,2.0,0,66,2.1
23,75,2,3,1,5,98,2,1,3,2,3.0,0,1,1,0,2.0,1.0,0,71,3.8333333333333335
24,77,1,3,1,7,65,3,1,1,2,3.0,1,1,4,0,3.0,1.0,1,70,3.0
8,72,3,3,1,9,93,3,1,4,2,2.0,0,1,4,0,1.0,1.0,1,68,0.8
15,86,3,2,1,9,68,3,1,0,2,1.0,0,0,3,0,1.0,1.0,1,67,1.5
15,97,2,3,0,6,90,3,1,2,3,3.0,1,0,0,0,1.0,1.0,1,71,2.142857142857143
21,76,1,2,1,9,96,2,1,1,1,1.0,0,-1,5,0,1.0,1.0,1,65,2.1
23,68,1,2,1,5,81,1,1,1,1,1.0,0,0,2,0,3.0,1.0,1,64,3.8333333333333335
29,71,2,2,1,6,86,2,1,1,1,2.0,0,1,2,0,2.0,1.0,0,69,4.142857142857143
17,94,2,1,1,7,98,1,1,1,2,3.0,0,-1,2,0,1.0,1.0,1,68,2.125
17,83,2,1,1,8,69,1,1,4,1,3.0,0,0,3,0,2.0,1.0,1,67,1.8888888888888888
27,78,2,2,1,5,76,3,1,1,2,2.0,1,1,4,0,3.0,1.0,1,71,4.5
22,66,2,1,1,10,95,2,1,1,2,2.0,1,-1,3,0,1.0,1.0,1,64,2.0
28,78,2,3,1,4,84,2,1,2,1,1.0,0,-1,3,0,2.0,3.0,0,69,5.6
22,71,2,3,1,7,94,2,1,1,2,2.0,0,0,4,0,1.0,1.0,1,68,2.75
13,98,3,1,1,7,81,2,1,1,2,1.0,1,-1,3,0,3.0,1.0,1,69,1.625
12,95,2,2,0,4,87,2,1,0,1,2.0,0,1,3,0,1.0,2.0,1,67,2.4
11,63,2,3,1,9,51,3,1,0,1,1.0,0,-1,3,1,2.0,2.0,1,58,1.1
24,81,1,2,1,6,67,3,1,0,2,3.0,0,-1,2,0,1.0,3.0,1,66,3.4285714285714284
27,69,2,3,1,7,89,1,1,2,3,3.0,1,0,1,0,1.0,2.0,1,69,3.375
31,76,2,3,1,7,70,1,1,3,1,2.0,0,0,3,0,2.0,2.0,1,70,3.875
25,95,2,1,1,5,68,2,1,1,2,3.0,0,1,3,0,1.0,3.0,1,70,4.166666666666667
27,81,2,1,1,5,98,2,1,0,3,2.0,0,1,3,0,1.0,1.0,1,70,4.5
17,73,3,3,0,9,78,2,1,0,1,3.0,0,-1,3,0,3.0,2.0,0,66,1.7
13,68,1,3,0,7,60,2,1,1,2,1.0,1,1,3,0,2.0,2.0,0,61,1.625
25,92,2,2,1,4,74,2,1,3,1,3.0,0,1,2,1,1.0,2.0,0,71,5.0
23,85,3,1,1,7,76,3,1,2,1,2.0,0,0,3,0,2.0,1.0,0,69,2.875
21,79,2,2,1,7,99,2,1,2,1,2.0,0,1,2,0,3.0,1.0,1,69,2.625
22,69,3,2,0,7,86,1,1,0,2,2.0,0,0,1,0,1.0,1.0,0,65,2.75
22,73,3,3,1,4,76,3,1,3,2,2.0,0,-1,4,0,2.0,3.0,1,69,4.4
28,98,2,3,1,7,72,2,1,1,1,3.0,1,1,2,0,2.0,1.0,1,74,3.5
28,81,2,2,1,6,96,3,1,2,1,2.0,1,1,5,0,1.0,2.0,1,71,4.0
23,76,3,2,0,7,82,3,1,0,2,3.0,1,0,1,0,2.0,1.0,1,68,2.875
25,81,3,3,1,8,68,1,1,0,1,3.0,0,0,3,0,2.0,2.0,0,69,2.7777777777777777
23,91,1,2,1,8,73,2,0,3,2,2.0,0,-1,5,0,1.0,3.0,1,68,2.5555555555555554
17,74,2,1,0,9,64,2,1,2,2,2.0,0,0,3,0,1.0,1.0,1,63,1.7
25,67,2,2,1,10,98,3,1,0,3,2.0,0,1,2,0,1.0,1.0,1,68,2.272727272727273
12,83,3,2,1,5,85,2,1,2,1,3.0,1,-1,2,0,2.0,1.0,1,67,2.0
26,87,2,3,0,6,70,1,1,3,2,2.0,0,0,3,0,2.0,2.0,1,71,3.7142857142857144
13,89,3,3,0,8,59,1,1,0,1,3.0,0,0,2,0,3.0,2.0,1,66,1.4444444444444444
22,95,3,2,0,7,59,2,1,2,1,2.0,0,-1,3,1,1.0,1.0,1,69,2.75
15,75,3,2,1,4,74,2,1,3,2,3.0,0,1,4,0,2.0,1.0,0,68,3.0
23,63,2,2,0,7,73,1,1,1,1,2.0,0,0,3,0,2.0,2.0,1,63,2.875
20,98,2,2,0,9,71,2,1,0,1,2.0,0,-1,4,0,2.0,2.0,1,69,2.0
10,77,1,3,1,5,93,2,1,3,1,2.0,0,1,3,0,2.0,1.0,0,66,1.6666666666666667
23,85,2,2,1,7,99,3,1,1,1,3.0,0,0,5,0,2.0,1.0,0,71,2.875
17,87,2,3,0,4,68,2,1,2,1,1.0,0,1,4,0,3.0,2.0,1,68,3.4
25,82,2,2,1,8,65,2,1,0,3,2.0,1,0,4,0,1.0,1.0,1,69,2.7777777777777777
20,68,2,2,1,7,89,2,1,0,2,3.0,1,1,3,0,1.0,3.0,0,65,2.5
22,90,2,1,1,6,72,2,1,0,1,2.0,0,0,4,0,2.0,1.0,1,68,3.142857142857143
14,92,3,2,1,6,61,3,1,0,1,2.0,1,0,2,0,2.0,2.0,1,67,2.0
16,82,2,2,0,5,59,2,1,1,2,2.0,0,1,3,0,1.0,1.0,1,65,2.6666666666666665
17,80,1,2,1,9,64,2,1,1,1,2.0,1,1,4,0,3.0,3.0,0,65,1.7
25,65,2,1,1,6,50,2,1,2,1,2.0,0,1,2,0,2.0,1.0,0,64,3.5714285714285716
30,63,3,3,0,8,97,2,1,1,1,3.0,0,0,3,0,1.0,1.0,0,69,3.3333333333333335
15,74,3,1,0,6,72,1,1,2,1,2.0,0,1,3,0,1.0,1.0,1,64,2.142857142857143
26,72,2,2,0,10,54,2,0,2,3,3.0,0,0,2,0,2.0,2.0,1,66,2.3636363636363638
7,98,2,1,1,9,58,2,1,2,2,2.0,1,0,5,1,2.0,1.0,1,65,0.7
13,91,3,2,1,10,66,2,1,2,2,2.0,0,1,4,0,1.0,1.0,0,69,1.1818181818181819
14,86,1,2,1,10,78,2,1,3,2,3.0,1,-1,4,1,1.0,1.0,0,66,1.2727272727272727
12,81,2,2,1,6,85,3,1,0,1,2.0,1,1,2,1,1.0,1.0,1,64,1.7142857142857142
10,67,2,2,1,6,65,2,1,1,2,3.0,0,-1,4,0,1.0,1.0,0,61,1.4285714285714286
22,99,2,2,0,10,98,1,1,1,2,2.0,1,0,1,0,2.0,1.0,1,72,2.0
19,75,2,2,1,7,88,1,1,1,2,2.0,1,1,3,0,3.0,2.0,1,67,2.375
22,64,1,2,1,8,91,1,1,0,1,2.0,0,0,4,0,2.0,2.0,0,63,2.4444444444444446
24,80,2,3,0,6,66,3,1,1,2,2.0,0,0,3,0,2.0,2.0,1,69,3.4285714285714284
22,95,1,3,1,6,69,3,1,3,2,2.0,0,0,2,1,3.0,3.0,1,70,3.142857142857143
24,95,2,3,1,8,77,1,1,1,1,2.0,0,1,3,1,1.0,1.0,1,71,2.6666666666666665
20,60,2,1,1,4,73,2,1,0,1,1.0,0,0,1,0,3.0,2.0,0,60,4.0
13,95,2,3,1,8,63,2,1,3,2,2.0,1,0,2,0,3.0,1.0,0,70,1.4444444444444444
26,71,1,3,0,8,100,1,1,1,1,3.0,1,1,4,0,2.0,1.0,0,69,2.888888888888889
16,62,2,3,0,6,92,2,0,0,2,2.0,1,1,4,0,1.0,1.0,0,63,2.2857142857142856
14,94,2,2,1,7,62,3,1,2,2,3.0,1,-1,1,0,3.0,1.0,1,69,1.75
19,95,2,2,1,7,95,3,1,0,2,3.0,1,-1,2,0,2.0,1.0,1,71,2.375
15,84,2,3,1,7,79,2,1,1,2,3.0,0,0,4,0,1.0,1.0,0,68,1.875
17,83,2,3,0,8,51,1,1,0,1,2.0,0,-1,4,0,1.0,2.0,1,64,1.8888888888888888
22,93,1,2,0,6,67,2,1,0,2,2.0,0,0,3,0,2.0,1.0,0,68,3.142857142857143
22,91,1,2,1,10,51,3,1,2,3,2.0,0,0,3,0,1.0,1.0,0,69,2.0
15,96,2,1,0,7,54,1,1,0,1,2.0,0,0,3,0,2.0,1.0,0,65,1.875
17,82,2,2,1,7,59,2,1,3,2,2.0,0,1,4,0,2.0,1.0,1,68,2.125
26,99,2,3,1,10,74,2,1,1,2,2.0,1,0,2,0,2.0,1.0,1,74,2.3636363636363638
23,100,3,1,1,4,69,1,1,0,1,3.0,0,1,4,0,3.0,1.0,0,72,4.6
32,65,3,2,0,10,57,2,1,1,3,2.0,1,-1,2,0,1.0,1.0,0,67,2.909090909090909
27,94,3,3,1,7,70,1,1,1,2,3.0,0,0,2,0,1.0,2.0,0,73,3.375
27,80,2,2,0,6,65,3,0,1,3,2.0,1,0,4,0,2.0,2.0,1,68,3.857142857142857
12,76,2,1,1,5,71,1,1,0,2,2.0,0,-1,4,0,1.0,1.0,1,61,2.0
25,85,3,3,0,5,59,2,1,3,1,2.0,0,0,4,0,1.0,1.0,0,70,4.166666666666667
20,62,2,1,1,6,80,3,0,1,2,3.0,0,0,3,0,2.0,2.0,0,62,2.857142857142857
17,80,2,2,1,7,52,3,1,2,2,2.0,1,0,3,0,3.0,1.0,0,67,2.125
21,95,1,3,1,8,69,2,0,0,1,3.0,0,-1,3,0,3.0,1.0,1,69,2.3333333333333335
26,69,3,3,0,7,95,1,0,0,2,2.0,0,-1,3,0,3.0,1.0,0,93,3.25
23,77,2,3,0,6,71,1,1,3,2,1.0,1,1,4,0,1.0,2.0,1,68,3.2857142857142856
15,98,2,2,1,9,72,2,1,1,1,3.0,0,0,2,0,2.0,1.0,0,69,1.5
24,77,2,2,1,10,53,3,1,2,3,2.0,0,0,4,0,2.0,2.0,1,68,2.1818181818181817
16,74,2,3,0,9,80,1,1,0,2,2.0,0,-1,5,0,1.0,1.0,1,64,1.6
21,78,3,2,1,6,97,2,1,0,2,2.0,0,1,2,0,1.0,1.0,0,69,3.0
18,81,2,2,0,8,65,1,1,2,1,2.0,0,0,4,0,3.0,1.0,1,66,2.0
19,85,2,2,0,8,70,1,1,4,3,2.0,0,0,3,0,1.0,2.0,1,68,2.111111111111111
25,92,2,2,1,9,79,2,1,3,2,3.0,0,-1,4,0,2.0,2.0,1,72,2.5
14,78,3,2,0,6,55,1,1,2,1,2.0,1,0,2,0,1.0,1.0,0,63,2.0
32,93,3,2,0,6,98,2,1,0,2,2.0,0,0,4,1,1.0,1.0,1,73,4.571428571428571
9,81,3,2,1,9,73,2,1,1,2,2.0,0,-1,1,0,3.0,1.0,1,65,0.9
16,74,3,3,1,8,56,1,1,1,1,2.0,1,1,2,0,1.0,1.0,0,65,1.7777777777777777
22,86,1,2,1,5,67,2,1,0,3,2.0,0,1,2,0,2.0,1.0,1,68,3.6666666666666665
24,89,3,2,0,8,69,1,0,3,3,2.0,0,0,2,0,2.0,1.0,1,70,2.6666666666666665
19,82,2,2,0,10,67,2,1,0,1,1.0,0,1,2,0,3.0,3.0,1,65,1.7272727272727273
20,62,3,2,1,6,85,2,1,2,2,2.0,0,0,3,0,2.0,1.0,0,66,2.857142857142857
22,67,2,3,1,6,67,3,1,1,1,2.0,1,0,1,0,2.0,1.0,1,66,3.142857142857143
19,71,2,3,1,7,66,1,1,2,1,2.0,0,0,3,0,1.0,1.0,0,65,2.375
28,71,2,3,0,8,66,2,1,2,1,2.0,1,1,3,0,2.0,1.0,1,69,3.111111111111111
25,87,1,3,1,7,89,2,1,1,1,2.0,0,0,4,1,1.0,1.0,0,69,3.125
25,61,2,3,0,9,65,2,1,2,2,2.0,1,0,4,1,1.0,2.0,0,64,2.5
14,90,2,2,1,7,51,2,1,1,2,2.0,0,1,4,1,1.0,1.0,0,66,1.75
20,71,1,2,1,9,68,2,1,1,1,2.0,1,1,3,0,1.0,3.0,1,63,2.0
18,72,3,2,1,6,64,2,1,4,1,2.0,0,1,3,0,3.0,1.0,0,68,2.5714285714285716
14,81,3,2,1,5,95,1,1,2,1,3.0,0,1,3,0,1.0,1.0,1,68,2.3333333333333335
22,69,3,2,0,6,74,3,1,1,2,1.0,0,-1,3,1,2.0,1.0,0,65,3.142857142857143
17,95,3,2,0,5,62,3,1,1,2,2.0,1,1,3,0,1.0,2.0,1,69,2.8333333333333335
24,63,2,2,0,8,99,1,1,2,1,3.0,0,0,1,0,3.0,1.0,0,66,2.6666666666666665
14,78,2,2,0,4,62,2,1,1,1,2.0,0,0,4,0,2.0,1.0,1,63,2.8
30,94,1,2,1,6,88,1,1,2,1,2.0,1,0,3,1,2.0,1.0,0,72,4.285714285714286
15,85,3,2,0,7,82,3,1,2,2,2.0,0,-1,4,0,1.0,3.0,1,67,1.875
21,72,3,3,0,5,73,2,1,1,2,2.0,0,0,3,0,1.0,1.0,1,67,3.5
25,77,3,2,1,7,70,2,1,0,2,2.0,0,0,5,0,1.0,1.0,1,68,3.125
17,88,3,3,1,7,94,2,0,2,2,3.0,0,1,3,0,1.0,1.0,1,71,2.125
25,99,2,3,0,9,74,2,1,1,2,3.0,1,-1,3,0,1.0,1.0,1,73,2.5
13,96,2,2,0,5,69,2,1,2,2,1.0,0,1,3,0,1.0,1.0,1,68,2.1666666666666665
29,74,3,2,0,8,68,2,1,0,2,3.0,0,1,4,0,1.0,1.0,0,69,3.2222222222222223
20,100,2,2,1,8,64,2,1,0,1,2.0,0,0,2,0,1.0,2.0,1,69,2.2222222222222223
16,60,2,3,0,7,70,1,1,3,3,3.0,1,-1,4,0,1.0,1.0,0,63,2.0
18,61,2,2,1,6,56,2,1,3,1,2.0,0,0,3,0,1.0,2.0,1,62,2.5714285714285716
25,93,2,2,1,5,53,2,1,0,3,2.0,1,0,5,0,2.0,2.0,0,70,4.166666666666667
16,68,3,2,0,10,77,2,1,1,3,2.0,0,1,3,0,3.0,1.0,1,66,1.4545454545454546
16,62,2,2,0,7,73,1,1,3,3,2.0,0,-1,3,0,1.0,1.0,0,62,2.0
19,69,2,3,1,7,59,1,1,2,1,1.0,1,0,2,0,3.0,2.0,0,64,2.375
13,77,2,2,1,10,55,1,1,2,1,2.0,1,1,3,0,2.0,2.0,1,63,1.1818181818181819
31,89,2,2,1,7,57,2,1,1,3,1.0,0,1,2,0,2.0,2.0,0,71,3.875
17,85,3,2,1,10,66,2,1,1,3,2.0,0,0,1,1,3.0,2.0,1,67,1.5454545454545454
25,70,1,3,1,5,73,2,1,2,2,2.0,1,0,1,0,3.0,1.0,1,67,4.166666666666667
21,80,1,3,1,7,60,2,1,1,2,3.0,0,1,2,0,2.0,2.0,1,67,2.625
14,97,1,2,1,5,88,2,1,2,3,2.0,0,1,3,0,3.0,1.0,1,71,2.3333333333333335
20,93,3,2,0,7,60,3,1,0,1,3.0,0,0,3,0,1.0,1.0,1,69,2.5
25,73,2,2,1,7,56,2,1,2,3,2.0,0,0,4,0,1.0,1.0,0,93,3.125
19,99,3,2,1,6,100,2,1,1,1,2.0,1,1,1,0,1.0,2.0,1,72,2.7142857142857144
27,88,2,3,0,7,72,2,1,1,1,3.0,0,1,1,0,1.0,1.0,0,71,3.375
26,62,2,2,0,6,59,2,1,1,2,2.0,0,0,3,0,1.0,2.0,1,63,3.7142857142857144
26,61,3,1,1,7,95,1,0,0,2,3.0,0,0,3,0,3.0,2.0,1,65,3.25
17,67,1,2,1,6,62,2,1,0,2,2.0,0,0,3,0,2.0,2.0,0,61,2.4285714285714284
14,89,2,1,0,9,96,1,1,2,1,3.0,1,0,3,0,2.0,2.0,0,66,1.4
16,67,2,2,1,5,56,1,1,1,1,2.0,0,-1,2,0,2.0,1.0,0,61,2.6666666666666665
21,80,2,2,0,7,92,1,1,1,2,2.0,0,1,3,0,1.0,2.0,1,67,2.625
23,64,2,1,1,5,59,2,1,3,1,2.0,0,1,5,0,1.0,2.0,0,64,3.8333333333333335
7,97,1,3,0,6,97,2,1,3,2,3.0,1,1,2,0,2.0,2.0,0,69,1.0
20,74,1,2,0,6,79,2,1,1,3,2.0,0,0,2,1,2.0,3.0,1,64,2.857142857142857
21,96,2,2,1,7,59,1,1,2,3,2.0,0,-1,2,0,2.0,1.0,1,70,2.625
18,98,3,2,1,7,92,2,1,2,1,3.0,1,0,4,0,1.0,1.0,1,73,2.25
28,60,1,2,1,5,70,1,1,0,1,2.0,1,0,5,0,1.0,1.0,1,63,4.666666666666667
23,79,2,2,1,6,87,2,0,2,1,3.0,0,0,4,0,2.0,2.0,1,68,3.2857142857142856
28,61,1,1,1,6,82,1,1,0,2,3.0,0,1,3,0,2.0,1.0,0,64,4.0
19,96,2,1,1,5,86,2,0,3,2,2.0,0,1,3,0,1.0,2.0,1,69,3.1666666666666665
26,81,2,2,1,9,67,2,1,3,1,2.0,0,0,2,0,2.0,1.0,0,69,2.6
30,63,3,1,0,5,97,3,1,2,1,3.0,0,1,2,1,2.0,2.0,0,67,5.0
28,64,3,1,1,7,78,2,1,3,2,3.0,1,1,4,0,3.0,2.0,1,69,3.5
13,75,2,3,0,10,54,2,1,1,1,2.0,1,-1,3,1,2.0,1.0,1,62,1.1818181818181819
18,98,1,2,0,9,53,2,1,0,3,2.0,0,0,1,0,1.0,2.0,1,66,1.8
18,88,1,2,0,8,87,2,1,2,2,3.0,0,0,2,0,3.0,2.0,0,68,2.0
23,95,3,1,0,7,92,3,1,1,1,2.0,0,1,1,0,1.0,1.0,0,71,2.875
24,75,2,1,0,8,85,2,1,1,1,2.0,0,1,2,1,3.0,1.0,1,66,2.6666666666666665
15,62,1,3,0,8,64,3,1,2,1,2.0,0,0,4,0,2.0,1.0,0,62,1.6666666666666667
20,99,1,1,1,9,61,1,1,1,3,2.0,1,0,4,0,1.0,2.0,1,68,2.0
8,61,2,1,1,7,78,2,1,0,2,2.0,1,1,3,0,1.0,1.0,0,59,1.0
29,98,2,2,1,9,60,1,1,0,1,2.0,1,-1,4,0,1.0,1.0,0,70,2.9
17,75,3,1,1,7,69,2,1,1,3,2.0,0,1,4,0,1.0,1.0,1,66,2.125
20,60,2,2,1,10,81,2,1,3,1,2.0,0,1,3,0,2.0,1.0,1,65,1.8181818181818181
18,88,2,2,0,7,64,1,1,0,2,1.0,0,1,4,0,2.0,2.0,1,66,2.25
27,99,2,2,1,5,69,2,1,2,2,1.0,0,1,2,0,3.0,2.0,1,73,4.5
3,99,2,1,1,7,68,2,1,2,3,2.0,1,0,3,0,1.0,1.0,0,65,0.375
20,66,2,3,1,8,73,2,1,0,3,1.0,0,1,3,0,1.0,2.0,1,65,2.2222222222222223
19,67,3,2,0,9,84,1,1,0,2,2.0,0,1,3,0,1.0,2.0,0,64,1.9
17,83,2,2,1,6,89,3,1,0,1,2.0,0,1,4,0,3.0,1.0,1,69,2.4285714285714284
30,85,2,2,0,4,83,1,1,2,3,3.0,0,1,3,0,3.0,1.0,0,74,6.0
15,90,3,3,1,8,51,3,1,2,3,2.0,0,-1,2,0,1.0,2.0,0,68,1.6666666666666667
25,67,1,2,0,8,95,2,1,0,2,2.0,0,0,4,0,3.0,2.0,0,65,2.7777777777777777
22,98,2,3,1,5,79,2,0,2,3,2.0,0,0,5,0,1.0,2.0,1,72,3.6666666666666665
28,86,2,2,1,7,96,2,1,2,2,1.0,0,0,4,0,1.0,1.0,1,71,3.5
16,94,3,2,0,7,98,2,1,0,1,2.0,0,0,4,0,1.0,2.0,0,69,2.0
16,82,1,3,1,8,73,1,1,3,1,3.0,0,1,1,0,2.0,1.0,1,67,1.7777777777777777
27,77,2,3,1,6,96,1,1,0,2,3.0,0,1,3,0,3.0,2.0,1,71,3.857142857142857
23,99,1,1,1,6,68,3,1,1,2,2.0,0,0,3,1,2.0,3.0,1,68,3.2857142857142856
11,83,1,2,0,7,63,3,1,3,3,2.0,0,-1,2,0,1.0,3.0,0,63,1.375
17,95,3,2,0,5,54,1,1,2,3,3.0,0,0,2,0,2.0,2.0,0,69,2.8333333333333335
22,98,2,1,0,10,73,2,1,1,1,1.0,0,-1,4,1,2.0,1.0,0,68,2.0
25,87,3,3,1,8,84,1,1,2,3,2.0,0,1,4,0,2.0,2.0,1,73,2.7777777777777777
16,82,2,2,1,6,99,2,1,3,3,2.0,0,1,2,0,1.0,1.0,1,69,2.2857142857142856
3,60,2,2,1,5,76,2,1,0,2,3.0,1,0,4,0,1.0,2.0,0,58,0.5
23,62,3,1,0,5,87,2,1,1,3,1.0,1,1,3,0,1.0,1.0,1,65,3.8333333333333335
13,68,2,2,1,8,95,2,1,2,1,1.0,1,1,4,0,1.0,2.0,1,63,1.4444444444444444
8,67,1,1,0,5,77,1,1,1,2,3.0,0,1,2,0,2.0,1.0,1,59,1.3333333333333333
3,70,2,2,1,7,58,2,1,0,2,2.0,1,0,2,0,1.0,2.0,1,58,0.375
25,72,2,2,1,4,92,3,1,1,1,2.0,1,-1,2,1,1.0,1.0,1,66,5.0
21,74,2,3,1,8,79,2,1,0,1,3.0,1,1,4,0,1.0,1.0,1,67,2.3333333333333335
19,77,3,2,1,8,88,2,0,3,1,2.0,0,1,3,0,2.0,2.0,1,67,2.111111111111111
28,64,3,2,0,7,83,1,1,2,3,2.0,1,0,4,0,1.0,2.0,1,67,3.5
24,62,3,1,1,7,53,2,1,0,2,2.0,0,1,6,0,3.0,1.0,0,65,3.0
30,87,3,2,1,8,58,3,1,1,1,2.0,0,-1,1,0,2.0,1.0,1,71,3.3333333333333335
12,81,2,2,1,7,64,3,1,2,3,2.0,0,0,3,0,1.0,1.0,1,66,1.5
20,78,2,3,1,8,64,2,1,2,3,2.0,1,1,2,0,1.0,2.0,0,68,2.2222222222222223
10,85,2,3,1,5,92,2,1,0,1,3.0,1,1,4,1,1.0,3.0,0,65,1.6666666666666667
19,93,3,3,0,8,80,2,1,1,2,2.0,1,0,3,0,2.0,2.0,1,71,2.111111111111111
19,77,2,1,1,7,54,1,1,2,1,2.0,1,1,4,0,1.0,1.0,0,64,2.375
24,86,2,3,1,9,69,3,1,1,2,3.0,0,0,3,0,3.0,1.0,1,72,2.4
20,98,1,1,0,7,78,1,1,4,3,3.0,0,0,2,0,1.0,3.0,1,69,2.5
24,94,2,2,0,7,63,2,1,1,1,3.0,0,0,3,0,1.0,1.0,1,70,3.0
24,77,2,2,1,6,52,2,1,0,2,2.0,1,-1,4,0,1.0,1.0,1,66,3.4285714285714284
33,86,2,2,0,9,69,2,0,0,2,2.0,0,0,3,0,2.0,1.0,0,70,3.3
18,67,3,1,0,4,73,1,1,0,2,2.0,1,0,2,0,3.0,2.0,1,62,3.6
14,82,1,2,1,8,95,2,1,1,1,2.0,1,0,3,0,3.0,2.0,1,66,1.5555555555555556
21,99,3,1,0,7,95,1,1,2,1,2.0,0,-1,1,0,1.0,1.0,0,70,2.625
15,81,1,1,1,7,75,1,1,1,2,3.0,0,-1,1,0,3.0,2.0,1,63,1.875
29,97,3,2,1,7,74,2,1,1,2,1.0,0,1,4,1,1.0,1.0,0,73,3.625
18,76,2,3,1,7,82,3,1,2,2,3.0,0,0,4,0,3.0,1.0,0,70,2.25
17,100,3,3,0,8,63,1,1,1,1,2.0,1,1,5,0,1.0,1.0,1,71,1.8888888888888888
17,83,1,2,0,6,64,2,1,1,2,2.0,1,1,4,0,1.0,1.0,0,65,2.4285714285714284
24,62,2,1,1,7,50,2,1,1,3,3.0,1,-1,2,0,3.0,1.0,1,64,3.0
19,83,3,1,1,8,54,2,1,1,1,2.0,1,1,4,0,1.0,2.0,1,66,2.111111111111111
16,71,1,1,1,6,59,3,1,1,1,3.0,0,1,3,0,3.0,1.0,1,82,2.2857142857142856
30,61,1,3,1,8,82,1,1,2,1,3.0,0,0,3,0,3.0,1.0,0,68,3.3333333333333335
15,93,2,2,0,8,61,3,1,1,2,2.0,0,0,4,0,1.0,1.0,0,67,1.6666666666666667
20,71,1,3,1,6,56,3,1,5,2,2.0,1,1,5,0,2.0,1.0,1,68,2.857142857142857
24,92,1,3,1,5,81,2,1,2,1,2.0,1,-1,3,1,1.0,1.0,1,69,4.0
10,72,2,2,1,6,83,2,1,0,2,2.0,0,1,4,0,1.0,1.0,1,63,1.4285714285714286
23,68,2,3,0,7,53,3,1,3,3,2.0,0,0,3,0,1.0,2.0,0,66,2.875
14,99,2,2,0,7,89,3,0,0,2,2.0,1,1,2,0,3.0,3.0,0,68,1.75
25,74,3,2,1,9,80,2,1,4,2,2.0,0,1,3,0,2.0,2.0,0,71,2.5
14,84,2,3,1,6,70,3,1,2,3,2.0,0,1,3,0,2.0,1.0,0,69,2.0
24,84,1,2,1,6,99,2,1,1,2,3.0,0,1,2,0,3.0,3.0,0,70,3.4285714285714284
27,82,2,2,0,8,51,3,1,3,3,2.0,0,0,2,0,2.0,1.0,1,70,3.0
25,97,2,2,1,6,77,1,1,1,1,3.0,1,1,4,0,3.0,1.0,1,73,3.5714285714285716
22,87,2,3,1,6,58,2,1,0,1,2.0,1,0,4,0,1.0,1.0,0,68,3.142857142857143
19,76,2,1,1,6,66,2,1,1,3,2.0,0,1,3,0,1.0,1.0,1,65,2.7142857142857144
17,94,3,3,1,4,57,2,1,4,2,3.0,0,0,4,0,1.0,2.0,1,72,3.4
29,67,3,1,1,8,83,2,1,2,1,2.0,1,1,4,1,1.0,1.0,0,67,3.2222222222222223
16,82,1,2,1,8,70,3,1,4,1,3.0,0,0,4,0,2.0,1.0,0,68,1.7777777777777777
14,98,2,2,1,8,99,1,1,0,3,2.0,0,0,3,0,1.0,1.0,1,69,1.5555555555555556
24,85,2,2,1,10,83,1,1,1,2,3.0,0,1,4,0,2.0,2.0,0,70,2.1818181818181817
15,93,3,2,1,9,96,2,1,1,2,2.0,0,-1,2,0,1.0,2.0,0,69,1.5
14,86,3,3,1,6,62,2,1,1,2,2.0,1,1,2,0,1.0,1.0,1,68,2.0
11,94,2,2,0,9,66,2,0,2,1,3.0,1,1,2,0,1.0,2.0,1,65,1.1
17,98,2,3,1,7,68,2,1,1,1,2.0,0,1,4,0,2.0,2.0,1,70,2.125
20,71,2,1,1,6,92,3,1,1,1,2.0,1,-1,4,0,2.0,1.0,1,65,2.857142857142857
21,67,2,1,0,6,61,2,1,0,1,2.0,1,1,3,0,1.0,2.0,0,61,3.0
26,79,2,1,0,7,97,2,1,1,3,2.0,1,1,2,0,1.0,1.0,1,69,3.25
23,88,2,1,1,7,52,2,1,0,2,1.0,0,0,4,0,1.0,1.0,1,67,2.875
19,69,2,2,1,9,94,2,1,1,1,3.0,0,1,3,0,1.0,2.0,1,65,1.9
19,60,2,2,0,8,73,3,1,3,2,1.0,1,0,3,0,1.0,1.0,1,63,2.111111111111111
23,74,2,3,1,6,76,2,1,0,2,3.0,1,-1,4,0,1.0,1.0,1,67,3.2857142857142856
28,99,3,1,0,5,100,2,1,6,2,2.0,1,0,5,0,1.0,2.0,0,76,4.666666666666667
21,88,2,2,0,8,94,2,1,0,2,3.0,0,0,3,0,2.0,1.0,1,70,2.3333333333333335
17,76,2,3,1,8,95,1,1,1,1,2.0,1,0,4,0,3.0,1.0,0,67,1.8888888888888888
14,68,3,3,1,9,79,1,1,2,1,2.0,1,1,4,0,2.0,1.0,0,66,1.4
11,74,2,3,1,7,98,1,1,1,1,2.0,0,1,2,0,1.0,1.0,1,65,1.375
24,67,1,3,0,8,84,3,1,0,1,2.0,0,0,1,0,2.0,1.0,0,65,2.6666666666666665
23,64,1,2,0,8,91,2,1,2,1,2.0,0,-1,3,0,1.0,3.0,0,63,2.5555555555555554
23,96,2,3,1,5,86,2,1,3,2,3.0,0,0,3,1,1.0,1.0,1,74,3.8333333333333335
19,100,1,3,1,7,89,3,1,2,3,1.0,1,0,3,0,2.0,2.0,1,72,2.375
28,67,3,3,0,8,82,1,1,1,3,1.0,0,0,4,0,1.0,1.0,0,68,3.111111111111111
17,62,2,1,0,8,86,3,1,2,2,2.0,0,0,4,0,1.0,2.0,0,62,1.8888888888888888
26,73,1,3,0,7,72,2,1,1,1,1.0,1,0,3,0,2.0,3.0,1,65,3.25
20,78,3,2,1,10,85,2,1,1,3,3.0,1,-1,3,0,1.0,1.0,1,69,1.8181818181818181
16,68,2,1,1,10,64,2,1,2,3,1.0,0,-1,2,0,1.0,2.0,1,61,1.4545454545454546
24,72,2,2,1,7,82,3,1,2,2,2.0,1,1,4,0,1.0,3.0,1,67,3.0
22,68,2,3,0,7,76,2,1,1,2,2.0,0,1,4,0,1.0,1.0,1,66,2.75
22,91,1,2,1,8,95,2,1,1,1,3.0,1,0,2,0,1.0,1.0,1,70,2.4444444444444446
20,89,2,3,0,7,84,1,1,5,3,2.0,0,0,3,0,3.0,2.0,1,72,2.5
20,85,3,1,1,9,80,2,1,3,1,2.0,1,0,3,0,3.0,2.0,1,69,2.0
34,75,1,2,1,5,66,2,1,0,1,2.0,1,1,3,0,1.0,1.0,1,68,5.666666666666667
27,96,2,2,0,7,93,2,1,2,2,2.0,0,0,2,0,2.0,1.0,1,74,3.375
24,99,3,2,0,8,53,3,1,1,1,2.0,1,0,3,1,1.0,1.0,1,70,2.6666666666666665
21,67,2,2,1,9,95,3,1,1,2,2.0,1,1,4,0,1.0,1.0,1,67,2.1
26,69,2,2,1,5,83,2,1,4,2,3.0,1,0,2,0,1.0,2.0,0,68,4.333333333333333
23,81,3,1,0,6,59,2,1,2,3,3.0,1,0,1,0,3.0,1.0,0,69,3.2857142857142856
20,64,3,1,0,4,95,2,1,4,2,2.0,0,0,4,0,1.0,1.0,1,66,4.0
18,77,2,1,0,6,66,3,1,3,2,3.0,0,1,3,0,2.0,2.0,1,66,2.5714285714285716
20,83,3,3,1,5,58,2,1,1,2,2.0,0,0,3,0,1.0,1.0,1,68,3.3333333333333335
1,81,2,2,1,8,66,2,1,1,1,2.0,0,-1,2,0,2.0,1.0,1,60,0.1111111111111111
21,73,3,2,0,7,98,3,1,0,3,3.0,0,1,4,1,3.0,1.0,1,69,2.625
17,82,3,2,0,7,88,2,1,1,2,2.0,0,-1,1,1,1.0,1.0,1,66,2.125
30,98,2,3,1,7,96,2,1,1,2,2.0,1,0,3,0,3.0,1.0,0,77,3.75
20,68,2,1,0,9,65,1,1,1,3,2.0,0,-1,5,0,2.0,1.0,1,63,2.0
13,86,2,1,1,5,54,2,1,3,3,3.0,0,0,3,1,2.0,1.0,1,66,2.1666666666666665
20,62,3,2,1,4,78,2,0,1,3,2.0,1,1,4,0,1.0,2.0,0,64,4.0
14,63,3,3,0,8,74,2,1,1,1,2.0,1,0,4,0,3.0,2.0,0,63,1.5555555555555556
23,82,1,2,1,6,86,2,1,0,3,2.0,0,0,4,0,1.0,1.0,1,68,3.2857142857142856
22,64,3,2,0,5,77,2,1,1,3,2.0,1,-1,2,0,2.0,1.0,1,65,3.6666666666666665
26,61,3,2,1,8,70,1,1,1,2,2.0,1,0,4,1,3.0,2.0,1,65,2.888888888888889
15,67,3,3,1,4,50,1,1,0,2,2.0,0,1,1,0,2.0,1.0,1,64,3.0
20,83,3,2,1,6,73,2,1,0,3,2.0,0,1,3,0,2.0,3.0,1,68,2.857142857142857
12,88,1,2,1,4,56,2,1,0,1,3.0,1,0,2,0,1.0,3.0,1,62,2.4
24,68,2,2,1,7,96,2,1,1,1,3.0,0,1,3,0,1.0,1.0,1,67,3.0
23,87,3,3,1,9,96,3,1,1,2,2.0,1,1,1,0,2.0,1.0,0,73,2.3
23,67,3,3,1,6,90,2,1,2,3,2.0,1,1,3,0,1.0,1.0,0,69,3.2857142857142856
20,85,2,2,0,6,58,1,1,0,1,2.0,1,-1,2,0,3.0,1.0,1,65,2.857142857142857
22,76,2,2,1,10,57,2,1,1,2,3.0,1,0,3,0,1.0,3.0,1,66,2.0
30,86,3,2,0,8,78,2,1,4,2,1.0,0,1,2,0,2.0,3.0,1,73,3.3333333333333335
18,100,3,2,1,10,86,2,1,1,2,2.0,0,0,3,0,1.0,1.0,1,72,1.6363636363636365
21,98,2,2,1,7,95,1,1,3,3,1.0,0,0,1,0,1.0,1.0,1,72,2.625
13,60,1,3,1,7,95,2,1,1,1,2.0,1,1,1,0,1.0,1.0,0,61,1.625
15,95,3,2,1,9,58,1,1,2,1,3.0,1,0,3,0,1.0,1.0,0,69,1.5
21,63,3,2,0,7,100,2,1,1,3,2.0,1,0,2,0,3.0,2.0,0,66,2.625
27,98,3,3,0,7,58,2,1,1,3,2.0,0,1,3,0,3.0,3.0,0,74,3.375
18,71,3,1,1,4,92,2,1,1,1,2.0,0,-1,4,1,2.0,1.0,0,64,3.6
19,75,2,3,1,10,79,2,1,1,2,2.0,0,0,2,0,1.0,1.0,0,66,1.7272727272727273
18,64,3,2,1,8,84,2,0,2,2,2.0,0,0,3,0,2.0,1.0,0,64,2.0
17,64,3,3,0,7,80,1,1,3,2,2.0,1,1,4,0,1.0,1.0,1,66,2.125
22,89,2,3,0,8,93,2,1,2,3,1.0,1,0,5,0,1.0,1.0,1,72,2.4444444444444446
11,98,3,3,1,5,82,3,1,1,2,2.0,1,0,2,0,3.0,1.0,1,71,1.8333333333333333
28,84,3,2,1,6,92,2,1,1,2,2.0,0,-1,3,1,1.0,1.0,0,70,4.0
16,89,3,2,1,8,58,1,1,2,1,2.0,0,0,3,0,2.0,2.0,1,67,1.7777777777777777
24,90,2,3,0,7,93,1,1,1,1,3.0,0,0,2,1,3.0,1.0,1,71,3.0
12,71,2,1,0,8,100,2,1,2,3,2.0,0,0,3,1,2.0,1.0,1,63,1.3333333333333333
24,62,2,3,0,7,83,1,1,1,2,1.0,0,0,2,0,2.0,2.0,0,64,3.0
24,60,2,2,1,8,99,2,1,2,1,1.0,0,0,1,0,1.0,2.0,1,64,2.6666666666666665
22,74,2,1,0,5,61,2,1,1,1,2.0,0,1,3,0,3.0,1.0,0,65,3.6666666666666665
14,70,2,2,1,9,91,3,1,2,2,2.0,0,0,4,0,1.0,1.0,0,65,1.4
21,62,2,1,0,6,58,2,1,2,1,3.0,1,0,3,0,2.0,2.0,0,62,3.0
13,67,3,3,1,7,76,2,1,2,1,2.0,1,0,5,0,1.0,1.0,1,65,1.625
18,65,2,3,0,6,83,1,1,1,2,3.0,1,0,2,0,1.0,1.0,1,64,2.5714285714285716
26,97,2,2,1,7,83,1,1,2,1,2.0,0,1,3,0,3.0,1.0,1,74,3.25
25,66,2,3,1,7,84,1,1,2,3,2.0,0,1,1,0,1.0,1.0,1,67,3.125
20,82,1,2,0,8,66,1,1,0,3,2.0,0,1,2,0,3.0,1.0,1,66,2.2222222222222223
14,84,3,3,0,8,99,2,0,3,2,3.0,0,0,4,0,3.0,1.0,0,70,1.5555555555555556
24,82,2,3,0,8,50,2,1,0,2,2.0,0,1,2,0,3.0,2.0,1,68,2.6666666666666665
20,64,2,2,0,6,81,2,1,0,3,3.0,0,1,1,0,1.0,2.0,0,64,2.857142857142857
6,73,2,2,0,8,93,1,1,0,1,2.0,1,0,1,1,1.0,3.0,0,58,0.6666666666666666
25,62,2,2,1,7,95,1,1,1,3,2.0,0,0,4,1,2.0,1.0,1,65,3.125
20,76,2,3,1,7,86,2,1,2,2,2.0,0,-1,5,0,1.0,1.0,0,68,2.5
27,68,1,2,0,8,79,2,1,2,1,3.0,1,-1,1,1,3.0,2.0,0,64,3.0
13,82,2,3,0,5,73,1,1,4,1,2.0,0,-1,4,0,1.0,1.0,1,66,2.1666666666666665
1,88,2,3,1,4,72,3,1,3,2,2.0,1,-1,2,0,2.0,1.0,1,92,0.2
22,81,3,2,1,9,71,2,1,2,3,1.0,0,-1,4,0,1.0,1.0,1,69,2.2
22,77,2,3,0,7,85,1,1,2,1,2.0,0,0,2,0,2.0,1.0,1,68,2.75
10,75,2,2,0,8,87,1,1,2,2,2.0,0,1,4,1,1.0,1.0,0,63,1.1111111111111112
14,94,1,2,1,6,76,2,0,0,1,1.0,0,0,3,0,1.0,1.0,1,64,2.0
37,69,2,3,1,9,87,2,0,1,1,2.0,0,-1,2,0,2.0,3.0,0,68,3.7
18,89,2,1,0,8,76,3,1,0,1,2.0,0,1,2,0,1.0,1.0,1,67,2.0
24,90,1,2,1,7,55,2,1,1,3,2.0,0,-1,2,0,3.0,3.0,1,68,3.0
16,77,2,2,1,7,93,2,1,1,1,2.0,0,1,2,0,1.0,2.0,1,66,2.0
7,72,2,2,1,4,94,2,1,4,2,2.0,1,1,4,0,3.0,1.0,1,66,1.4
19,79,2,3,1,8,63,2,1,4,1,3.0,0,0,2,0,1.0,2.0,1,68,2.111111111111111
18,64,2,3,1,9,89,1,1,1,2,3.0,1,0,3,0,1.0,2.0,1,64,1.8
18,62,3,2,1,7,76,2,1,2,2,2.0,1,-1,3,1,2.0,1.0,0,63,2.25
19,64,2,2,1,7,56,2,1,0,1,2.0,1,0,4,0,1.0,1.0,0,62,2.375
22,67,2,3,0,7,70,3,1,2,1,2.0,1,1,2,0,1.0,1.0,1,66,2.75
19,80,3,2,1,9,54,2,1,0,1,2.0,0,-1,2,0,3.0,2.0,1,65,1.9
12,94,2,1,1,9,89,2,1,1,1,1.0,1,-1,3,0,1.0,1.0,1,66,1.2
23,69,2,3,1,6,60,2,1,2,1,3.0,1,-1,4,0,1.0,1.0,1,66,3.2857142857142856
8,97,2,3,1,8,58,3,1,2,3,2.0,0,0,2,0,2.0,1.0,0,69,0.8888888888888888
8,98,1,2,1,7,60,2,1,1,3,3.0,1,-1,3,0,3.0,1.0,0,67,1.0
24,98,2,3,0,8,61,2,1,6,2,3.0,1,1,3,0,1.0,1.0,0,75,2.6666666666666665
23,94,3,2,1,6,84,3,1,0,1,3.0,0,0,3,0,3.0,1.0,1,73,3.2857142857142856
20,75,2,2,1,9,82,3,1,0,1,1.0,0,1,5,0,2.0,2.0,0,66,2.0
12,63,2,2,0,8,56,1,1,4,2,2.0,0,1,4,0,2.0,2.0,1,61,1.3333333333333333
16,83,2,2,1,9,86,2,1,5,1,3.0,1,-1,4,0,1.0,2.0,0,68,1.6
18,82,2,2,1,5,67,3,0,1,2,3.0,0,0,4,0,2.0,1.0,1,67,3.0
10,94,2,3,0,5,73,2,1,1,2,2.0,0,-1,3,0,1.0,2.0,1,66,1.6666666666666667
16,100,2,3,0,10,56,2,1,1,3,2.0,0,0,2,0,1.0,1.0,0,69,1.4545454545454546
24,80,2,2,0,9,85,1,1,3,1,2.0,0,1,4,0,1.0,1.0,1,69,2.4
29,74,2,3,1,6,69,2,1,1,1,3.0,1,-1,1,0,2.0,3.0,0,67,4.142857142857143
17,67,3,2,0,8,82,2,1,0,2,2.0,0,1,4,0,1.0,1.0,0,65,1.8888888888888888
25,60,2,1,0,6,71,1,1,2,3,2.0,0,1,2,0,1.0,1.0,1,63,3.5714285714285716
9,80,2,1,1,4,52,1,1,1,3,2.0,0,1,2,0,3.0,1.0,0,63,1.8
24,82,2,2,0,4,85,1,0,1,1,2.0,0,-1,2,0,1.0,1.0,1,66,4.8
15,93,2,2,1,7,78,1,1,0,2,2.0,0,-1,4,0,1.0,2.0,1,66,1.875
22,80,2,3,1,9,72,1,1,2,2,2.0,0,0,4,0,2.0,1.0,0,69,2.2
19,97,3,2,1,9,60,3,1,3,2,2.0,0,-1,4,0,3.0,2.0,0,72,1.9
28,85,2,2,1,9,81,1,1,2,1,2.0,0,0,3,0,1.0,1.0,1,70,2.8
15,94,2,3,1,8,64,2,1,2,1,2.0,0,-1,1,0,2.0,1.0,1,68,1.6666666666666667
24,66,3,2,1,7,71,1,1,1,1,3.0,0,0,3,0,1.0,1.0,1,66,3.0
18,94,1,2,1,9,53,2,1,3,1,2.0,0,-1,3,0,2.0,2.0,0,67,1.8
19,87,3,2,0,4,89,2,1,0,1,1.0,0,1,5,1,3.0,2.0,0,68,3.8
19,67,2,1,1,8,55,2,0,0,2,3.0,1,1,4,0,1.0,1.0,1,62,2.111111111111111
15,68,2,3,0,5,95,3,1,1,2,2.0,1,1,2,1,2.0,1.0,0,64,2.5
20,97,3,1,1,6,93,1,1,1,3,3.0,0,1,1,0,2.0,3.0,1,71,2.857142857142857
20,61,3,2,0,8,99,2,1,0,2,3.0,0,0,4,0,2.0,1.0,1,65,2.2222222222222223
21,79,2,2,1,8,95,3,1,0,2,2.0,0,0,2,0,3.0,1.0,0,69,2.3333333333333335
21,73,2,2,0,6,99,2,0,1,1,2.0,0,0,5,0,1.0,1.0,1,65,3.0
25,87,2,2,0,8,94,3,1,0,2,3.0,0,1,4,0,1.0,1.0,1,71,2.7777777777777777
26,94,1,2,0,8,56,1,1,1,3,2.0,0,-1,2,0,2.0,1.0,0,69,2.888888888888889
14,74,3,2,1,7,72,3,0,2,2,2.0,1,-1,3,0,2.0,1.0,1,65,1.75
25,77,1,2,1,7,54,2,1,2,2,2.0,0,0,1,0,2.0,2.0,1,66,3.125
13,99,2,2,1,10,77,1,1,0,2,3.0,1,-1,3,0,2.0,2.0,0,68,1.1818181818181819
24,91,3,3,1,7,76,2,1,0,2,2.0,1,1,2,0,1.0,2.0,0,72,3.0
24,96,3,3,1,7,96,2,1,1,2,2.0,0,-1,3,0,1.0,1.0,0,74,3.0
9,78,2,2,0,7,98,1,1,3,1,2.0,0,1,2,0,1.0,1.0,1,64,1.125
21,69,3,1,1,7,63,2,1,0,2,2.0,0,1,3,0,1.0,2.0,1,64,2.625
17,76,2,2,1,8,79,1,0,1,1,2.0,0,0,4,1,3.0,3.0,0,63,1.8888888888888888
15,89,3,1,0,9,73,3,1,2,1,1.0,1,0,2,0,1.0,1.0,1,66,1.5
28,64,2,2,1,7,77,2,1,1,3,2.0,0,1,2,0,1.0,1.0,1,67,3.5
16,71,3,1,1,6,77,1,1,4,2,2.0,0,0,5,1,2.0,2.0,1,64,2.2857142857142856
15,62,1,3,0,10,96,1,1,0,2,3.0,1,1,4,0,1.0,3.0,1,62,1.3636363636363635
20,77,2,1,1,7,95,3,1,0,2,2.0,0,1,1,0,1.0,3.0,1,66,2.5
24,93,2,3,0,4,56,1,1,4,1,3.0,0,-1,2,0,3.0,2.0,0,71,4.8
19,61,3,1,1,10,67,1,0,1,2,2.0,0,1,6,0,3.0,1.0,0,63,1.7272727272727273
27,87,3,2,1,9,88,2,1,1,1,3.0,0,1,4,1,2.0,1.0,1,72,2.7
23,97,2,3,0,9,84,1,1,1,3,2.0,0,1,3,1,1.0,3.0,0,71,2.3
7,69,1,2,0,9,82,1,1,1,2,3.0,1,1,3,0,3.0,1.0,0,61,0.7
17,88,2,3,1,10,100,2,1,1,1,3.0,0,1,2,0,3.0,1.0,0,71,1.5454545454545454
17,99,2,2,0,5,67,1,1,2,2,2.0,1,0,4,0,3.0,3.0,1,69,2.8333333333333335
23,98,2,3,1,6,76,1,1,3,1,3.0,0,1,3,0,1.0,1.0,1,74,3.2857142857142856
4,69,2,3,1,6,99,2,1,0,2,3.0,0,0,2,0,1.0,2.0,1,61,0.5714285714285714
35,64,2,1,0,6,85,3,1,2,2,3.0,1,0,2,0,1.0,2.0,1,68,5.0
23,66,2,3,1,7,82,3,1,1,2,2.0,0,1,2,0,1.0,1.0,1,67,2.875
21,88,3,1,0,6,58,2,1,3,3,2.0,1,0,4,0,2.0,1.0,1,70,3.0
27,89,2,2,0,5,62,2,1,0,1,2.0,0,0,3,0,1.0,1.0,1,69,4.5
34,87,2,1,0,6,69,3,1,3,1,2.0,1,0,2,0,2.0,2.0,1,72,4.857142857142857
25,73,2,1,1,7,73,2,1,1,2,2.0,0,1,2,0,1.0,1.0,1,66,3.125
26,67,2,2,0,9,75,2,1,2,2,2.0,0,1,3,0,1.0,1.0,1,67,2.6
21,83,2,2,0,6,95,3,1,4,3,3.0,0,0,2,0,1.0,3.0,0,70,3.0
19,79,2,3,1,8,55,2,1,3,2,2.0,1,0,4,1,3.0,1.0,1,68,2.111111111111111
17,89,1,2,1,5,62,3,1,2,2,2.0,1,1,2,0,2.0,1.0,0,68,2.8333333333333335
15,78,2,3,0,4,57,3,1,2,2,3.0,0,-1,2,0,1.0,1.0,0,65,3.0
16,74,2,1,1,7,87,2,1,0,1,1.0,0,1,3,0,2.0,1.0,0,63,2.0
12,72,1,1,1,6,99,3,1,0,1,2.0,0,1,4,0,2.0,3.0,0,62,1.7142857142857142
20,68,2,3,1,6,95,2,1,0,1,2.0,0,1,4,0,1.0,1.0,0,66,2.857142857142857
10,71,2,3,1,6,86,2,1,1,2,1.0,0,-1,2,1,3.0,1.0,1,62,1.4285714285714286
21,64,1,3,1,6,51,1,1,0,3,1.0,0,-1,3,0,2.0,2.0,0,61,3.0
20,74,1,2,1,6,67,3,1,0,2,2.0,1,-1,4,1,2.0,2.0,0,63,2.857142857142857
21,61,2,2,1,6,93,1,1,3,2,3.0,1,0,3,0,1.0,1.0,0,65,3.0
17,67,3,1,0,5,83,3,1,3,1,2.0,0,1,3,0,1.0,2.0,1,64,2.8333333333333335
38,90,3,2,1,4,60,1,1,2,1,2.0,0,0,4,0,2.0,2.0,1,74,7.6
28,73,1,2,1,4,73,2,1,2,3,3.0,0,1,2,0,3.0,1.0,0,70,5.6
13,87,1,2,0,10,54,1,1,2,1,2.0,0,1,2,0,1.0,2.0,0,63,1.1818181818181819
21,89,1,2,0,7,76,2,1,3,3,2.0,0,1,2,0,1.0,3.0,0,68,2.625
16,83,2,3,1,9,95,2,1,2,1,3.0,0,0,2,0,2.0,1.0,1,69,1.6
14,98,2,3,1,7,52,3,1,1,2,3.0,1,-1,4,0,1.0,2.0,1,70,1.75
12,61,2,2,1,7,81,2,1,2,3,2.0,0,0,3,0,2.0,3.0,1,62,1.5
23,90,3,2,1,7,62,2,1,3,2,1.0,1,1,2,0,3.0,2.0,1,71,2.875
16,98,2,1,0,8,100,1,1,2,1,2.0,0,0,1,0,1.0,1.0,1,69,1.7777777777777777
26,94,3,1,1,5,53,1,1,0,1,3.0,0,0,2,0,1.0,1.0,1,69,4.333333333333333
26,67,1,3,1,6,81,3,1,4,1,3.0,0,0,3,1,2.0,1.0,1,68,3.7142857142857144
28,73,1,2,1,7,63,1,1,0,1,2.0,0,1,2,0,1.0,1.0,1,65,3.5
15,67,2,3,1,4,94,3,1,1,2,2.0,1,1,5,0,1.0,3.0,1,65,3.0
23,84,1,1,1,9,56,1,0,1,2,3.0,0,1,4,0,1.0,1.0,0,65,2.3
24,88,3,3,0,9,71,2,1,2,3,3.0,0,-1,3,0,1.0,1.0,0,72,2.4
17,73,2,1,0,4,59,3,1,2,1,3.0,1,-1,4,0,1.0,2.0,0,63,3.4
15,82,2,3,1,6,90,3,0,2,3,2.0,0,1,2,0,1.0,1.0,1,68,2.142857142857143
30,88,2,2,1,7,68,1,1,1,2,3.0,0,1,3,0,2.0,1.0,0,72,3.75
21,77,2,1,1,8,59,2,1,3,1,2.0,1,1,2,0,1.0,1.0,1,66,2.3333333333333335
24,94,1,2,0,9,86,3,1,2,1,2.0,0,0,3,0,2.0,1.0,0,71,2.4
15,91,2,1,1,6,91,1,1,0,2,2.0,0,1,3,0,2.0,2.0,0,67,2.142857142857143
13,63,2,2,0,10,73,1,1,2,1,3.0,0,-1,3,0,3.0,2.0,1,61,1.1818181818181819
17,85,3,3,1,7,69,2,1,4,1,3.0,1,0,2,0,1.0,1.0,0,70,2.125
19,69,2,2,1,7,82,1,0,2,1,2.0,0,0,3,0,2.0,1.0,1,64,2.375
14,82,2,2,1,8,83,2,1,0,2,2.0,0,-1,2,0,1.0,2.0,1,64,1.5555555555555556
20,98,1,3,1,7,83,2,0,0,1,2.0,0,0,3,0,1.0,3.0,0,68,2.5
10,95,3,2,0,7,64,3,1,4,1,2.0,1,1,3,0,3.0,1.0,1,70,1.25
13,76,1,2,1,10,97,3,1,4,1,1.0,0,0,3,0,2.0,2.0,1,65,1.1818181818181819
24,72,3,3,0,7,61,2,1,3,1,2.0,1,0,2,0,1.0,1.0,0,67,3.0
24,69,2,1,1,6,69,2,1,0,1,3.0,1,0,4,0,2.0,1.0,1,65,3.4285714285714284
18,81,1,2,1,6,64,2,1,1,2,2.0,0,1,4,0,1.0,2.0,0,65,2.5714285714285716
14,65,2,3,1,9,97,1,1,3,1,3.0,0,1,4,0,1.0,1.0,0,65,1.4
14,82,3,1,1,8,91,3,1,1,1,2.0,0,-1,2,0,1.0,1.0,1,66,1.5555555555555556
18,60,2,3,0,5,91,1,1,2,1,2.0,0,-1,4,1,1.0,1.0,1,62,3.0
24,73,2,2,1,5,50,1,1,1,1,2.0,0,-1,2,0,1.0,1.0,1,63,4.0
26,69,1,1,1,7,84,2,1,0,2,2.0,1,0,3,1,1.0,2.0,1,63,3.25
17,99,2,2,1,8,62,2,1,3,2,2.0,1,0,3,0,1.0,1.0,1,70,1.8888888888888888
13,89,1,3,1,6,98,2,1,0,2,2.0,1,-1,4,0,1.0,1.0,1,67,1.8571428571428572
22,74,3,3,0,4,77,1,1,0,3,2.0,1,-1,3,1,1.0,1.0,1,66,4.4
15,64,3,2,0,5,78,2,1,2,1,2.0,0,1,2,0,1.0,2.0,1,63,2.5
17,81,3,1,1,9,68,3,1,1,1,1.0,1,1,3,0,2.0,1.0,0,66,1.7
28,69,1,2,0,8,77,2,1,3,2,2.0,0,0,4,0,2.0,2.0,0,67,3.111111111111111
25,81,2,2,0,9,87,1,1,1,1,3.0,1,-1,1,0,3.0,2.0,0,68,2.5
21,93,1,3,1,9,78,1,1,1,2,1.0,0,0,2,1,1.0,3.0,1,67,2.1
12,85,2,3,1,6,82,2,1,1,3,2.0,0,0,2,0,1.0,3.0,1,66,1.7142857142857142
21,85,3,3,1,6,74,2,1,2,2,2.0,0,0,4,0,1.0,1.0,0,71,3.0
26,82,2,2,1,7,86,2,1,0,1,3.0,0,0,2,1,3.0,1.0,1,69,3.25
18,97,3,1,1,8,95,3,1,1,2,2.0,0,1,2,0,3.0,2.0,1,72,2.0
28,97,3,1,1,9,53,1,1,0,1,2.0,1,-1,3,0,2.0,2.0,0,70,2.8
28,81,2,2,1,10,55,2,1,2,2,1.0,1,0,3,0,1.0,1.0,1,68,2.5454545454545454
30,72,2,2,0,8,84,2,1,1,1,3.0,1,1,1,0,1.0,1.0,1,68,3.3333333333333335
22,78,1,3,1,8,69,3,1,2,1,2.0,0,-1,2,0,1.0,1.0,0,67,2.4444444444444446
24,67,2,2,0,10,64,1,1,1,1,2.0,0,1,2,1,2.0,3.0,0,62,2.1818181818181817
28,85,2,1,0,7,59,1,1,1,1,2.0,0,0,3,0,3.0,3.0,1,67,3.5
23,80,3,2,0,9,79,2,1,1,2,3.0,0,-1,2,0,3.0,1.0,1,69,2.3
17,64,2,3,1,8,67,2,1,3,1,2.0,0,-1,3,0,2.0,1.0,1,64,1.8888888888888888
17,68,2,3,1,8,75,2,1,2,1,3.0,1,1,3,0,2.0,1.0,0,66,1.8888888888888888
21,79,3,1,1,7,98,3,1,2,1,2.0,0,1,1,0,1.0,1.0,1,69,2.625
12,96,3,3,0,5,88,3,1,0,2,2.0,1,1,2,0,2.0,2.0,0,70,2.0
19,83,3,2,0,8,90,1,1,3,1,2.0,0,1,3,0,2.0,2.0,0,69,2.111111111111111
27,87,2,2,1,8,56,2,1,3,2,3.0,0,0,3,0,3.0,1.0,1,72,3.0
7,74,2,2,1,6,66,1,1,1,1,3.0,1,1,2,0,1.0,1.0,0,61,1.0
29,83,2,2,0,7,55,3,1,2,1,1.0,1,-1,4,0,1.0,1.0,0,68,3.625
27,78,2,2,0,6,98,1,1,1,2,2.0,0,1,3,0,1.0,3.0,1,68,3.857142857142857
17,86,1,2,0,6,84,3,1,0,2,2.0,1,0,3,0,1.0,1.0,0,66,2.4285714285714284
23,62,2,2,0,6,51,2,1,5,3,2.0,0,-1,2,0,2.0,1.0,1,65,3.2857142857142856
20,80,3,1,1,5,74,2,1,2,1,1.0,0,-1,4,0,2.0,2.0,0,66,3.3333333333333335
27,72,2,2,0,6,63,2,1,1,3,2.0,1,-1,5,0,2.0,2.0,0,67,3.857142857142857
26,73,2,3,0,8,77,2,1,0,2,3.0,1,1,2,0,2.0,3.0,1,68,2.888888888888889
12,98,1,2,0,9,59,1,1,1,3,2.0,0,0,2,0,3.0,1.0,0,67,1.2
24,67,1,2,1,10,53,2,1,0,2,2.0,0,1,3,1,2.0,1.0,0,63,2.1818181818181817
19,72,2,1,0,6,66,2,1,0,2,3.0,1,0,2,0,3.0,1.0,1,64,2.7142857142857144
20,80,2,1,0,9,65,3,1,1,2,2.0,1,1,3,0,2.0,3.0,1,66,2.0
16,95,3,2,1,8,86,2,1,0,1,1.0,0,1,4,0,1.0,2.0,1,69,1.7777777777777777
30,77,2,1,1,7,74,2,1,3,3,2.0,1,0,3,0,3.0,2.0,1,70,3.75
26,90,2,2,0,8,65,3,1,3,2,3.0,1,1,2,0,1.0,1.0,0,72,2.888888888888889
16,94,2,3,0,9,79,3,1,2,3,2.0,0,1,5,0,1.0,2.0,0,71,1.6
12,72,2,2,1,6,54,1,1,3,1,2.0,0,1,2,0,3.0,1.0,1,63,1.7142857142857142
18,76,3,3,0,6,83,2,1,1,3,2.0,0,0,4,0,1.0,1.0,1,68,2.5714285714285716
23,74,2,3,1,6,57,1,0,1,3,3.0,1,0,3,0,2.0,1.0,1,67,3.2857142857142856
21,93,2,1,0,6,64,2,1,2,1,2.0,0,1,4,0,3.0,2.0,1,69,3.0
28,62,2,2,0,9,64,3,1,1,1,2.0,1,-1,2,0,3.0,1.0,1,65,2.8
25,72,3,1,1,6,73,3,1,4,2,3.0,0,0,4,0,2.0,2.0,1,69,3.5714285714285716
26,87,2,2,0,6,98,3,1,0,2,3.0,0,-1,4,0,2.0,2.0,1,71,3.7142857142857144
22,83,2,1,1,7,66,2,1,2,2,2.0,1,0,3,0,1.0,1.0,0,67,2.75
12,77,1,2,0,7,64,1,1,2,3,3.0,0,1,4,0,2.0,2.0,0,64,1.5
19,82,3,2,1,6,58,1,1,2,2,3.0,1,1,3,0,2.0,1.0,0,68,2.7142857142857144
26,68,3,1,1,10,70,2,1,1,1,2.0,0,1,3,0,2.0,1.0,1,67,2.3636363636363638
20,77,1,1,0,6,59,1,1,1,3,2.0,0,-1,2,0,1.0,2.0,0,62,2.857142857142857
23,80,3,2,0,7,57,1,1,2,2,3.0,0,-1,2,0,3.0,2.0,0,68,2.875
18,96,2,2,1,4,93,2,1,0,2,3.0,0,1,4,0,2.0,1.0,0,72,3.6
14,70,2,3,1,7,53,1,1,0,2,2.0,0,-1,3,0,1.0,2.0,1,61,1.75
19,95,1,1,1,5,86,2,1,0,3,2.0,0,-1,4,0,1.0,2.0,1,67,3.1666666666666665
22,86,3,2,0,6,60,3,1,0,3,3.0,0,0,3,0,3.0,1.0,1,70,3.142857142857143
16,61,1,2,1,4,51,1,1,1,1,2.0,0,0,3,0,1.0,1.0,1,59,3.2
19,89,3,2,1,6,90,3,1,0,1,3.0,1,-1,4,0,2.0,2.0,0,70,2.7142857142857144
14,61,1,2,0,7,85,3,1,1,1,2.0,0,0,1,0,1.0,1.0,0,60,1.75
27,100,3,2,0,7,67,2,1,1,3,3.0,0,0,3,0,2.0,2.0,1,74,3.375
18,95,1,3,1,6,54,3,1,0,2,3.0,1,-1,3,0,2.0,2.0,1,68,2.5714285714285716
29,72,2,2,0,7,68,1,1,0,1,2.0,0,1,3,0,2.0,1.0,0,67,3.625
29,70,2,1,0,6,59,3,1,2,2,2.0,1,0,4,0,3.0,3.0,1,67,4.142857142857143
20,75,1,2,1,7,97,3,1,0,2,2.0,0,0,2,0,2.0,1.0,0,66,2.5
14,74,2,2,0,7,76,3,1,1,1,3.0,0,0,2,0,1.0,3.0,0,63,1.75
7,75,2,2,0,7,98,1,0,1,1,3.0,0,1,3,0,2.0,1.0,1,62,0.875
11,73,3,1,1,7,68,3,1,3,1,3.0,1,0,3,0,2.0,2.0,0,64,1.375
12,85,2,2,1,6,78,3,1,3,2,2.0,0,0,4,0,2.0,1.0,1,68,1.7142857142857142
28,67,2,2,0,8,60,3,1,0,2,2.0,0,1,3,0,1.0,2.0,0,65,3.111111111111111
21,94,2,1,1,8,90,1,1,1,2,2.0,0,1,4,0,3.0,1.0,0,71,2.3333333333333335
22,92,2,2,1,7,52,1,0,1,2,2.0,1,-1,3,0,3.0,1.0,0,68,2.75
7,79,1,3,1,9,85,2,1,0,2,2.0,0,-1,2,0,1.0,1.0,1,62,0.7
13,94,3,3,1,7,70,2,1,1,2,2.0,1,-1,3,0,1.0,2.0,1,68,1.625
25,70,2,2,1,7,79,1,1,3,3,2.0,0,0,3,0,1.0,1.0,1,68,3.125
22,61,3,2,1,7,80,3,1,3,2,3.0,0,0,3,0,3.0,2.0,1,67,2.75
19,85,2,2,1,7,86,2,1,0,1,2.0,0,1,2,0,2.0,2.0,0,67,2.375
23,78,3,3,1,6,60,2,1,2,3,3.0,0,1,4,0,1.0,3.0,1,70,3.2857142857142856
30,83,1,2,1,4,77,2,1,0,1,2.0,0,0,4,0,1.0,1.0,0,69,6.0
19,96,1,2,0,7,71,2,1,2,1,3.0,1,1,3,0,3.0,2.0,1,70,2.375
20,99,2,1,0,8,64,1,1,1,3,2.0,0,1,2,0,1.0,1.0,1,69,2.2222222222222223
21,85,3,2,1,5,75,1,1,1,3,3.0,0,1,2,0,1.0,2.0,0,70,3.5
34,91,2,1,0,9,98,2,1,0,2,2.0,0,0,4,0,1.0,2.0,1,72,3.4
7,63,1,2,0,5,97,2,1,1,1,2.0,0,0,2,0,1.0,1.0,0,59,1.1666666666666667
24,66,2,2,0,6,64,2,0,0,2,3.0,0,0,4,0,1.0,1.0,1,64,3.4285714285714284
19,89,3,3,1,10,94,2,1,0,3,2.0,1,0,1,0,2.0,1.0,0,72,1.7272727272727273
23,77,1,3,1,8,94,2,1,0,3,2.0,1,1,3,0,3.0,1.0,1,70,2.5555555555555554
16,78,1,3,0,7,62,2,1,0,3,3.0,0,-1,1,0,1.0,3.0,0,63,2.0
20,72,3,2,1,7,80,2,1,1,1,3.0,1,-1,3,0,2.0,1.0,1,66,2.5
24,84,3,3,0,9,93,2,1,3,3,2.0,0,0,4,0,1.0,3.0,1,72,2.4
39,67,3,3,1,5,76,2,0,2,2,2.0,1,-1,4,0,1.0,1.0,0,71,6.5
25,85,3,3,0,9,68,2,1,1,3,2.0,0,-1,3,0,3.0,3.0,0,71,2.5
15,67,1,2,1,6,83,1,1,3,2,1.0,0,1,3,0,1.0,2.0,1,62,2.142857142857143
17,63,2,2,1,8,59,2,1,1,1,3.0,0,1,1,0,3.0,2.0,1,62,1.8888888888888888
17,73,2,1,0,6,58,2,1,4,2,2.0,0,1,1,0,2.0,1.0,1,64,2.4285714285714284
9,69,3,3,1,10,92,2,1,2,1,2.0,1,0,3,0,3.0,1.0,1,65,0.8181818181818182
18,96,3,1,1,7,52,1,1,1,1,2.0,1,0,4,0,2.0,1.0,0,68,2.25
24,62,3,2,1,5,90,1,1,0,3,2.0,1,1,3,0,2.0,1.0,1,67,4.0
12,67,2,2,1,8,65,1,1,1,3,2.0,0,0,3,0,1.0,2.0,1,61,1.3333333333333333
26,82,1,1,1,9,74,3,1,2,2,2.0,0,-1,5,0,1.0,2.0,0,68,2.6
23,79,2,3,0,9,77,2,1,1,1,3.0,0,0,3,0,1.0,1.0,1,68,2.3
16,62,2,2,0,7,88,2,1,1,1,3.0,0,0,1,0,1.0,1.0,0,62,2.0
19,60,2,1,0,8,94,3,1,1,1,1.0,1,0,3,0,1.0,1.0,0,62,2.111111111111111
30,100,3,3,1,6,90,1,1,0,2,1.0,0,1,2,1,1.0,1.0,1,74,4.285714285714286
24,86,2,2,1,8,79,2,0,0,1,2.0,0,0,4,0,1.0,1.0,0,68,2.6666666666666665
20,75,1,3,0,8,67,2,1,1,3,1.0,0,1,4,0,2.0,2.0,1,66,2.2222222222222223
19,79,2,2,0,4,76,3,1,1,2,2.0,1,0,3,0,1.0,1.0,1,67,3.8
20,71,3,2,0,5,52,3,1,1,2,3.0,0,0,3,0,1.0,2.0,1,65,3.3333333333333335
17,74,2,2,1,7,62,2,1,2,3,2.0,0,1,4,0,1.0,1.0,1,66,2.125
7,86,3,2,0,7,68,2,1,5,1,2.0,0,1,4,0,3.0,2.0,1,67,0.875
32,95,2,2,1,7,66,3,1,5,3,2.0,1,-1,3,0,2.0,1.0,1,76,4.0
21,67,1,3,1,7,55,3,1,2,3,3.0,1,1,3,0,1.0,2.0,0,66,2.625
22,94,1,1,0,9,53,3,1,1,2,3.0,0,0,3,0,2.0,1.0,0,68,2.2
20,65,3,2,1,8,71,1,1,2,1,2.0,1,0,3,1,2.0,1.0,0,63,2.2222222222222223
16,69,2,3,1,4,54,2,1,4,1,1.0,0,1,4,0,2.0,1.0,0,65,3.2
19,61,3,2,0,10,64,2,1,3,1,2.0,0,1,3,0,1.0,2.0,1,63,1.7272727272727273
10,66,2,2,0,4,74,1,1,2,1,2.0,0,-1,2,0,1.0,2.0,1,59,2.0
34,97,2,2,0,8,60,2,1,2,2,2.0,1,0,4,0,1.0,1.0,1,74,3.7777777777777777
13,78,2,1,1,5,54,1,1,2,1,3.0,0,1,3,1,2.0,1.0,1,62,2.1666666666666665
14,63,1,1,1,9,72,2,1,3,1,1.0,0,1,4,1,1.0,1.0,0,59,1.4
17,98,2,3,1,7,72,3,1,0,1,2.0,0,1,3,0,1.0,1.0,1,71,2.125
28,95,2,2,0,8,96,2,1,1,2,2.0,0,0,3,0,3.0,2.0,1,73,3.111111111111111
20,90,3,2,1,4,56,2,1,0,1,3.0,1,1,1,0,1.0,2.0,1,68,4.0
13,97,2,2,1,8,81,2,1,3,1,2.0,0,0,1,0,1.0,3.0,1,68,1.4444444444444444
28,69,2,2,1,8,66,2,1,0,1,2.0,0,1,6,0,2.0,3.0,1,66,3.111111111111111
24,93,1,3,1,8,56,2,1,1,1,2.0,0,0,3,0,2.0,2.0,1,69,2.6666666666666665
23,88,2,2,0,8,70,2,1,2,2,3.0,0,0,4,0,1.0,1.0,0,70,2.5555555555555554
24,95,2,3,1,7,71,3,1,1,2,3.0,0,1,3,0,1.0,1.0,1,74,3.0
34,92,3,2,0,7,68,1,1,0,2,3.0,0,1,5,0,2.0,1.0,0,75,4.25
33,74,2,2,1,6,88,2,1,2,2,2.0,1,0,3,0,2.0,1.0,1,71,4.714285714285714
16,91,3,3,1,6,92,1,1,2,1,3.0,1,1,3,0,1.0,2.0,1,71,2.2857142857142856
30,70,2,2,0,9,57,2,1,1,1,2.0,0,-1,4,0,2.0,3.0,0,65,3.0
22,73,1,2,0,6,58,3,1,1,2,2.0,1,1,3,0,3.0,2.0,1,65,3.142857142857143
23,64,2,3,0,4,71,1,1,2,2,2.0,0,-1,1,0,3.0,1.0,1,65,4.6
10,97,2,2,0,6,66,2,1,2,1,2.0,0,0,2,0,3.0,1.0,0,67,1.4285714285714286
19,72,2,2,1,8,91,3,1,1,1,2.0,1,1,4,0,1.0,2.0,1,67,2.111111111111111
15,81,2,2,1,7,100,2,1,1,1,2.0,0,0,3,0,3.0,2.0,1,67,1.875
25,76,3,3,1,8,59,2,1,4,2,2.0,1,0,4,0,2.0,1.0,0,71,2.7777777777777777
26,98,3,1,0,4,88,1,1,1,2,3.0,0,0,1,0,2.0,2.0,0,72,5.2
8,73,2,3,1,4,80,1,1,0,1,3.0,0,0,4,0,2.0,2.0,1,62,1.6
20,91,3,1,1,7,82,2,1,0,2,2.0,0,0,4,0,2.0,1.0,1,70,2.5
27,94,2,3,0,9,63,3,1,0,1,2.0,0,0,4,0,2.0,1.0,0,72,2.7
19,77,1,2,1,4,55,2,1,0,2,1.0,0,1,4,0,2.0,2.0,1,64,3.8
24,75,3,1,1,8,77,3,1,1,1,2.0,1,-1,1,0,2.0,2.0,1,66,2.6666666666666665
22,90,1,2,1,9,81,2,1,0,2,2.0,0,0,4,0,1.0,1.0,1,69,2.2
22,97,3,2,0,7,98,3,1,0,2,2.0,0,-1,0,0,2.0,2.0,0,71,2.75
18,90,2,1,0,8,84,3,1,2,1,3.0,1,1,3,0,1.0,2.0,1,68,2.0
13,69,2,2,1,7,72,1,1,2,3,2.0,0,1,2,0,1.0,2.0,0,63,1.625
13,96,2,3,1,7,100,2,0,4,2,3.0,0,-1,3,0,1.0,1.0,1,71,1.625
24,76,3,1,1,8,69,1,1,3,1,2.0,1,-1,1,0,1.0,1.0,1,65,2.6666666666666665
20,83,1,3,1,10,58,2,1,0,1,3.0,0,0,1,0,1.0,1.0,0,66,1.8181818181818181
19,93,1,1,1,6,81,2,1,2,3,2.0,1,1,3,1,2.0,2.0,0,68,2.7142857142857144
17,68,2,2,1,7,63,2,0,0,1,2.0,0,0,3,0,1.0,2.0,1,61,2.125
18,91,1,3,0,6,96,2,1,2,1,2.0,1,1,3,0,3.0,1.0,1,71,2.5714285714285716
26,84,2,3,1,7,71,2,1,0,2,2.0,0,0,2,0,1.0,1.0,0,70,3.25
18,96,3,1,0,7,57,1,1,1,1,2.0,0,-1,3,0,1.0,2.0,0,66,2.25
12,67,3,2,1,9,57,1,1,0,1,2.0,1,1,2,0,2.0,2.0,1,61,1.2
24,77,3,1,1,9,82,1,1,1,2,2.0,1,0,2,0,1.0,1.0,1,67,2.4
19,93,3,2,1,8,68,2,1,1,3,3.0,0,1,3,0,3.0,1.0,0,72,2.111111111111111
20,61,3,3,0,9,68,2,1,1,3,1.0,1,1,3,0,1.0,1.0,0,65,2.0
30,64,3,2,0,6,81,1,1,3,2,2.0,0,-1,2,0,2.0,1.0,0,68,4.285714285714286
20,100,1,2,1,6,61,3,0,3,2,2.0,0,1,4,0,2.0,3.0,1,70,2.857142857142857
22,71,2,1,1,8,57,2,1,1,1,3.0,0,-1,4,0,1.0,2.0,1,63,2.4444444444444446
13,99,3,1,0,7,83,2,1,1,2,2.0,0,0,4,0,3.0,3.0,0,69,1.625
19,67,2,1,0,10,50,2,1,0,3,2.0,0,1,3,0,1.0,1.0,1,62,1.7272727272727273
24,74,3,3,0,4,95,3,1,1,3,2.0,0,0,4,0,3.0,2.0,0,71,4.8
11,90,1,1,1,8,59,1,1,1,1,3.0,0,1,4,0,1.0,1.0,1,64,1.2222222222222223
21,86,3,2,0,8,72,2,1,0,3,3.0,0,1,3,0,1.0,2.0,1,69,2.3333333333333335
21,83,2,3,1,6,61,3,1,2,1,3.0,0,1,3,0,3.0,1.0,1,71,3.0
20,81,1,2,1,6,61,1,0,0,1,2.0,0,1,4,1,1.0,1.0,0,63,2.857142857142857
26,94,1,3,1,6,92,1,1,1,1,3.0,0,0,3,0,1.0,1.0,0,72,3.7142857142857144
22,69,2,2,1,5,79,2,1,1,1,1.0,0,1,3,0,2.0,1.0,1,66,3.6666666666666665
29,78,3,2,1,9,66,2,1,2,1,2.0,0,0,4,0,1.0,2.0,1,69,2.9
14,66,2,2,1,10,63,1,1,0,1,2.0,0,1,3,0,1.0,2.0,1,60,1.2727272727272727
21,84,3,3,1,6,61,1,1,1,2,3.0,1,-1,4,0,1.0,2.0,0,68,3.0
21,70,2,3,0,6,78,2,1,3,2,1.0,0,0,2,0,2.0,3.0,1,65,3.0
14,73,3,2,0,5,87,3,1,2,2,2.0,0,1,4,0,2.0,1.0,0,67,2.3333333333333335
26,79,2,1,1,5,63,2,1,0,1,2.0,0,1,2,0,1.0,1.0,1,66,4.333333333333333
34,61,2,2,1,6,67,3,1,1,3,2.0,1,0,2,0,3.0,2.0,1,68,4.857142857142857
20,64,1,2,1,9,86,2,1,0,1,3.0,1,-1,4,0,1.0,1.0,0,63,2.0
23,87,3,3,1,10,87,2,1,1,2,2.0,1,1,3,0,2.0,1.0,1,73,2.090909090909091
21,77,2,2,1,6,60,2,1,1,2,2.0,1,0,3,0,2.0,2.0,1,66,3.0
16,95,1,2,1,6,69,1,1,2,1,3.0,0,0,3,1,2.0,1.0,1,67,2.2857142857142856
9,88,1,2,1,5,93,1,1,2,2,2.0,0,0,4,0,3.0,1.0,1,66,1.5
16,60,2,1,0,8,87,1,1,0,1,1.0,0,1,5,0,1.0,1.0,1,60,1.7777777777777777
12,85,3,3,0,8,58,1,1,1,1,3.0,0,1,3,0,3.0,1.0,1,67,1.3333333333333333
30,64,2,2,0,7,69,2,1,3,3,1.0,0,-1,4,0,1.0,1.0,0,67,3.75
19,91,2,2,1,6,99,3,1,0,2,2.0,0,0,2,0,1.0,1.0,0,70,2.7142857142857144
18,100,3,1,0,9,76,1,1,1,1,2.0,0,1,2,0,1.0,1.0,0,69,1.8
25,81,2,1,1,8,86,2,1,1,1,2.0,0,-1,3,0,3.0,1.0,1,68,2.7777777777777777
13,87,3,1,1,8,55,3,1,1,3,3.0,1,1,3,0,1.0,1.0,0,67,1.4444444444444444
15,69,2,3,0,8,92,1,1,0,1,2.0,0,0,1,0,2.0,2.0,1,63,1.6666666666666667
20,78,3,2,0,7,80,3,1,2,3,2.0,0,1,3,0,2.0,1.0,1,70,2.5
26,94,1,2,0,6,59,3,1,4,1,2.0,0,0,3,0,1.0,1.0,0,71,3.7142857142857144
23,67,3,3,1,8,69,1,1,1,3,2.0,0,0,2,0,1.0,1.0,0,67,2.5555555555555554
21,71,2,2,0,8,54,3,1,1,2,2.0,1,0,3,0,1.0,1.0,1,64,2.3333333333333335
20,78,1,2,0,8,89,3,0,0,2,2.0,1,0,4,0,2.0,1.0,0,66,2.2222222222222223
22,88,2,2,1,5,87,1,1,1,1,3.0,0,0,3,0,3.0,1.0,1,70,3.6666666666666665
21,75,2,1,1,8,75,3,1,1,2,2.0,1,-1,2,0,1.0,2.0,1,65,2.3333333333333335
14,97,1,2,1,7,73,2,1,2,2,1.0,0,1,3,0,2.0,2.0,1,68,1.75
20,64,2,1,1,6,73,3,1,3,2,3.0,0,-1,5,0,3.0,3.0,0,65,2.857142857142857
14,75,3,2,0,8,52,2,1,3,2,2.0,0,0,1,0,3.0,1.0,1,65,1.5555555555555556
20,88,2,2,1,7,68,2,1,0,1,3.0,0,1,4,0,2.0,1.0,0,69,2.5
17,69,2,2,0,10,56,2,1,1,2,2.0,0,0,4,0,1.0,1.0,0,63,1.5454545454545454
35,86,1,2,0,8,59,2,1,2,1,1.0,0,1,2,0,2.0,2.0,0,70,3.888888888888889
20,67,1,1,1,7,98,2,1,1,2,2.0,0,0,4,0,2.0,1.0,1,64,2.5
12,62,2,3,1,7,63,3,1,1,3,2.0,0,0,4,0,1.0,1.0,0,62,1.5
19,65,3,3,1,5,74,2,1,1,1,2.0,1,1,3,0,1.0,1.0,0,66,3.1666666666666665
23,97,3,1,1,9,94,3,1,2,1,2.0,0,1,3,0,1.0,2.0,1,73,2.3
30,82,2,3,1,7,71,2,1,3,1,3.0,0,0,3,0,3.0,3.0,0,72,3.75
16,92,2,2,1,7,76,3,0,0,3,2.0,1,0,2,0,3.0,3.0,1,68,2.0
11,73,2,3,0,5,58,2,0,0,2,2.0,1,1,4,0,2.0,1.0,1,62,1.8333333333333333
25,84,2,1,0,8,64,2,1,2,1,2.0,1,0,4,0,1.0,1.0,1,67,2.7777777777777777
12,80,2,1,0,6,75,2,1,1,1,3.0,0,-1,4,0,1.0,2.0,1,62,1.7142857142857142
17,98,3,3,0,6,68,2,1,2,2,2.0,0,1,3,0,1.0,1.0,1,72,2.4285714285714284
18,90,1,3,0,7,52,3,1,2,2,3.0,0,-1,2,0,1.0,1.0,1,67,2.25
20,89,3,2,1,6,70,1,1,1,1,2.0,1,1,3,0,1.0,2.0,0,68,2.857142857142857
24,62,1,3,1,6,91,2,1,2,2,2.0,0,0,3,0,1.0,2.0,0,65,3.4285714285714284
16,82,2,2,0,7,56,1,1,0,3,3.0,1,-1,1,1,1.0,3.0,0,79,2.0
18,79,3,1,0,9,51,3,1,2,2,2.0,1,1,3,0,1.0,1.0,1,66,1.8
20,97,2,2,1,8,56,1,1,1,1,2.0,1,0,2,0,1.0,1.0,0,68,2.2222222222222223
21,70,1,1,1,8,84,2,1,1,3,3.0,0,1,3,1,3.0,1.0,1,65,2.3333333333333335
21,71,2,3,1,8,90,2,1,3,1,2.0,0,0,4,0,1.0,2.0,0,67,2.3333333333333335
23,76,2,3,1,6,52,1,1,3,2,2.0,0,0,4,0,2.0,2.0,1,67,3.2857142857142856
25,70,1,2,1,9,94,2,1,1,2,2.0,0,0,4,0,1.0,2.0,1,67,2.5
22,65,2,2,1,4,81,3,1,5,2,2.0,0,1,4,0,2.0,3.0,0,68,4.4
23,94,2,3,0,8,76,1,1,3,2,2.0,0,1,3,0,1.0,2.0,1,72,2.5555555555555554
11,82,3,2,0,8,63,3,1,1,2,2.0,0,0,5,0,1.0,1.0,1,65,1.2222222222222223
20,94,1,2,0,7,69,1,1,0,1,2.0,0,1,3,1,1.0,2.0,0,65,2.5
23,93,2,2,1,6,97,1,0,1,2,2.0,0,1,2,0,2.0,2.0,1,70,3.2857142857142856
24,71,2,2,1,7,96,2,1,2,1,2.0,0,-1,2,0,1.0,1.0,1,67,3.0
16,82,2,3,1,6,81,2,1,1,2,2.0,1,0,4,0,2.0,1.0,1,68,2.2857142857142856
16,63,2,2,0,8,79,2,1,2,1,3.0,0,1,3,0,2.0,2.0,1,63,1.7777777777777777
17,97,2,2,1,8,61,1,1,2,1,2.0,0,0,2,0,1.0,1.0,1,68,1.8888888888888888
23,76,2,3,1,8,98,2,1,0,2,1.0,0,0,2,0,3.0,2.0,0,69,2.5555555555555554
26,76,1,1,1,8,88,1,1,2,1,1.0,0,1,4,0,1.0,1.0,1,66,2.888888888888889
18,72,3,2,1,8,69,3,0,2,3,2.0,0,0,4,1,1.0,3.0,0,64,2.0
25,78,3,1,1,8,91,2,1,3,1,2.0,0,-1,4,0,1.0,1.0,1,69,2.7777777777777777
21,70,1,2,0,6,61,2,1,1,1,2.0,0,0,3,0,1.0,1.0,1,62,3.0
19,75,2,3,1,5,61,3,1,0,2,2.0,0,-1,3,0,1.0,1.0,0,65,3.1666666666666665
19,92,2,2,1,7,90,2,1,1,1,3.0,0,1,2,0,1.0,1.0,0,70,2.375
24,93,1,3,1,8,78,2,1,1,3,2.0,0,0,4,0,1.0,1.0,0,72,2.6666666666666665
22,72,2,2,0,5,78,3,1,1,1,3.0,0,1,3,0,1.0,1.0,0,66,3.6666666666666665
34,79,3,1,1,7,79,1,1,3,2,3.0,1,-1,2,1,1.0,2.0,1,70,4.25
15,95,2,2,0,9,56,2,0,3,1,3.0,0,1,1,0,1.0,1.0,1,67,1.5
23,62,3,3,1,7,67,1,1,1,1,2.0,0,-1,4,0,3.0,2.0,0,65,2.875
17,96,2,1,1,9,79,1,0,3,2,2.0,1,0,2,0,3.0,2.0,1,68,1.7
15,69,1,2,1,9,62,1,1,2,2,3.0,0,0,3,0,1.0,2.0,1,62,1.5
20,87,1,2,1,7,75,3,1,1,1,2.0,0,-1,3,0,3.0,1.0,1,68,2.5
21,83,3,2,0,6,78,2,1,2,3,3.0,0,1,3,1,1.0,1.0,0,69,3.0
38,82,2,1,0,6,97,1,1,2,1,2.0,1,-1,3,0,2.0,1.0,1,72,5.428571428571429
19,94,1,2,0,7,62,2,1,0,2,2.0,0,-1,3,1,1.0,2.0,1,65,2.375
13,64,2,3,1,5,72,2,1,2,2,2.0,1,0,2,0,3.0,2.0,1,63,2.1666666666666665
22,74,3,3,1,5,99,2,1,0,1,2.0,0,0,2,0,2.0,1.0,0,68,3.6666666666666665
8,82,3,1,0,4,59,2,1,1,2,2.0,0,0,2,0,2.0,1.0,1,62,1.6
19,92,2,2,1,7,89,2,0,0,1,3.0,1,0,2,0,3.0,1.0,1,69,2.375
20,69,2,1,0,10,59,2,1,2,3,3.0,0,1,4,0,1.0,1.0,0,65,1.8181818181818181
25,92,3,2,0,4,93,3,1,3,3,2.0,0,0,2,0,1.0,1.0,0,74,5.0
26,76,3,1,1,7,74,2,1,4,2,3.0,0,1,3,0,1.0,2.0,0,70,3.25
17,68,2,1,1,7,99,3,1,2,2,2.0,0,1,3,0,1.0,1.0,0,65,2.125
19,90,3,3,0,7,59,1,1,3,3,2.0,0,0,3,0,2.0,2.0,1,70,2.375
15,64,1,1,1,9,84,1,1,0,2,2.0,0,0,3,0,2.0,3.0,1,59,1.5
13,81,1,2,1,6,85,1,1,1,1,2.0,1,0,3,0,1.0,2.0,1,63,1.8571428571428572
22,63,1,3,1,4,86,1,1,0,1,3.0,0,0,4,0,2.0,1.0,0,64,4.4
12,74,1,3,1,6,55,3,1,0,2,1.0,0,1,3,0,3.0,1.0,1,63,1.7142857142857142
18,84,3,1,0,6,64,2,1,2,1,3.0,0,1,2,0,1.0,1.0,0,67,2.5714285714285716
14,82,2,2,1,4,67,2,1,1,3,2.0,0,0,4,0,1.0,2.0,0,65,2.8
23,76,2,2,0,7,66,2,1,2,2,2.0,0,0,3,0,2.0,1.0,1,67,2.875
31,77,3,2,0,5,84,2,1,2,3,3.0,0,1,5,0,1.0,1.0,1,73,5.166666666666667
12,69,3,3,1,7,53,1,1,2,1,3.0,0,0,3,0,2.0,1.0,1,64,1.5
9,78,1,3,0,6,87,2,1,0,2,3.0,1,1,3,0,3.0,1.0,1,65,1.2857142857142858
19,98,2,3,1,5,76,2,1,2,2,2.0,1,1,3,0,1.0,2.0,1,72,3.1666666666666665
20,94,3,2,0,8,59,3,1,3,2,2.0,0,1,4,0,1.0,1.0,0,72,2.2222222222222223
21,66,3,2,0,7,61,2,1,2,3,3.0,0,0,2,0,2.0,1.0,1,66,2.625
17,61,3,2,1,7,55,3,1,1,2,2.0,1,-1,2,1,2.0,1.0,1,62,2.125
19,97,1,2,0,8,73,2,1,2,2,2.0,1,-1,1,0,2.0,1.0,1,68,2.111111111111111
22,81,2,1,1,7,80,1,1,1,2,2.0,0,1,3,0,2.0,2.0,0,67,2.75
26,82,3,1,0,7,79,2,1,1,2,2.0,0,1,2,1,3.0,1.0,0,69,3.25
8,91,3,1,0,6,98,2,1,1,2,2.0,1,1,3,0,1.0,1.0,0,67,1.1428571428571428
18,73,2,2,0,5,65,2,1,1,1,3.0,0,-1,3,0,2.0,2.0,0,63,3.0
21,79,1,2,1,7,88,1,1,0,1,2.0,1,-1,4,0,1.0,2.0,1,65,2.625
14,99,3,2,0,6,86,1,1,2,3,3.0,1,-1,4,0,2.0,1.0,1,71,2.0
30,87,2,2,0,8,53,1,1,1,1,3.0,1,0,1,0,3.0,1.0,1,70,3.3333333333333335
16,66,2,2,1,7,97,2,1,5,1,3.0,0,1,3,0,3.0,1.0,1,68,2.0
20,65,2,2,1,8,97,3,1,0,1,2.0,0,-1,3,0,2.0,1.0,0,65,2.2222222222222223
23,68,2,3,1,6,70,2,1,4,2,2.0,0,1,2,0,1.0,1.0,1,68,3.2857142857142856
16,91,2,2,1,5,71,2,1,2,3,2.0,0,-1,3,0,2.0,1.0,1,69,2.6666666666666665
9,72,2,3,1,10,91,2,0,1,3,2.0,0,0,2,0,1.0,3.0,0,62,0.8181818181818182
17,61,1,3,1,7,75,2,0,2,2,3.0,0,-1,4,0,2.0,1.0,0,62,2.125
26,98,3,1,0,8,90,1,1,1,3,1.0,0,1,2,1,3.0,2.0,0,72,2.888888888888889
18,67,3,2,0,5,52,3,1,0,2,2.0,1,0,4,0,3.0,2.0,1,64,3.0
15,60,3,2,0,7,63,1,1,0,1,3.0,0,1,1,1,1.0,3.0,0,58,1.875
26,69,3,2,0,9,55,1,1,1,1,2.0,0,0,3,0,2.0,1.0,1,66,2.6
18,69,2,1,1,5,73,1,1,1,1,3.0,0,1,4,0,3.0,2.0,1,64,3.0
17,77,2,3,1,10,93,1,1,3,3,3.0,1,1,1,0,2.0,3.0,0,68,1.5454545454545454
21,97,1,1,0,7,78,2,1,0,3,2.0,0,0,3,0,3.0,1.0,0,69,2.625
25,95,1,3,0,6,76,2,1,1,1,2.0,0,1,5,0,1.0,1.0,1,71,3.5714285714285716
34,78,2,3,1,8,68,2,1,1,2,2.0,0,-1,2,0,2.0,1.0,1,71,3.7777777777777777
25,76,2,2,1,9,53,2,1,0,3,3.0,1,1,3,0,1.0,2.0,1,67,2.5
27,82,3,1,1,6,88,2,1,2,3,3.0,1,0,3,0,1.0,1.0,1,71,3.857142857142857
17,70,2,2,1,6,79,1,1,2,2,2.0,0,1,3,0,1.0,1.0,0,64,2.4285714285714284
14,62,2,2,1,7,97,3,1,0,2,2.0,0,1,1,0,1.0,2.0,1,62,1.75
20,98,2,2,0,8,72,2,1,1,3,2.0,0,-1,4,0,1.0,1.0,0,70,2.2222222222222223
21,67,1,3,0,7,70,1,1,2,1,2.0,1,-1,2,0,3.0,2.0,0,63,2.625
14,68,3,2,1,8,99,3,1,0,3,2.0,0,1,3,0,1.0,1.0,0,66,1.5555555555555556
19,79,2,2,1,8,57,1,1,2,1,1.0,0,1,3,0,1.0,2.0,1,65,2.111111111111111
22,80,2,3,0,7,63,2,1,1,3,2.0,0,1,3,0,2.0,1.0,1,69,2.75
22,61,3,1,1,6,74,2,1,1,1,2.0,0,-1,3,0,1.0,1.0,1,63,3.142857142857143
23,66,2,2,0,7,76,1,1,1,3,2.0,0,0,2,0,2.0,2.0,1,64,2.875
22,75,2,2,1,10,77,3,1,2,1,1.0,0,0,2,0,1.0,1.0,1,66,2.0
17,87,2,2,1,7,61,2,1,4,3,2.0,0,-1,3,1,1.0,1.0,0,67,2.125
17,69,3,3,1,9,96,2,1,2,1,2.0,0,-1,3,0,2.0,3.0,1,66,1.7
13,77,1,3,0,6,85,1,1,2,1,2.0,0,0,4,0,3.0,1.0,0,65,1.8571428571428572
31,82,3,2,1,7,63,2,0,2,3,2.0,1,1,2,0,3.0,2.0,1,72,3.875
20,96,3,2,1,8,65,3,1,0,2,1.0,0,0,2,0,1.0,1.0,0,70,2.2222222222222223
19,73,2,2,1,9,94,2,1,1,3,1.0,0,1,1,0,2.0,1.0,0,67,1.9
14,65,2,3,0,9,69,1,1,4,2,2.0,0,0,3,0,2.0,1.0,1,64,1.4
38,80,3,2,0,5,78,2,1,1,1,2.0,0,1,4,0,2.0,3.0,0,72,6.333333333333333
14,90,2,2,1,9,56,2,1,0,1,2.0,0,0,4,0,1.0,1.0,0,65,1.4
17,64,3,1,1,10,63,2,1,0,3,2.0,0,1,3,0,1.0,2.0,0,62,1.5454545454545454
22,77,2,3,0,6,71,3,1,3,1,2.0,0,-1,4,0,1.0,3.0,0,67,3.142857142857143
24,61,2,2,0,6,83,3,1,0,2,2.0,0,1,3,1,1.0,1.0,1,64,3.4285714285714284
26,61,2,2,0,7,64,1,1,0,2,2.0,1,-1,3,0,3.0,1.0,1,63,3.25
31,79,2,3,0,7,98,2,1,1,2,3.0,0,0,2,0,2.0,2.0,1,72,3.875
23,72,1,2,0,6,61,3,1,1,3,2.0,0,1,5,0,1.0,1.0,1,66,3.2857142857142856
14,94,3,2,1,5,89,2,1,0,2,2.0,0,1,1,0,3.0,1.0,0,70,2.3333333333333335
18,84,2,1,1,9,68,1,1,0,2,3.0,1,-1,2,0,3.0,1.0,0,66,1.8
22,78,3,3,0,6,92,1,1,1,3,3.0,0,1,3,0,1.0,2.0,1,70,3.142857142857143
32,76,1,1,1,6,96,1,1,0,1,3.0,0,0,2,0,1.0,2.0,0,67,4.571428571428571
12,80,2,2,1,7,59,3,1,1,1,3.0,0,1,2,0,1.0,1.0,0,64,1.5
27,62,3,2,0,5,75,2,1,2,2,3.0,0,1,2,0,1.0,1.0,1,67,4.5
21,96,3,3,1,5,58,2,1,0,3,3.0,0,0,4,0,2.0,3.0,1,72,3.5
25,100,3,1,0,6,85,1,1,1,2,2.0,0,1,3,0,1.0,1.0,1,72,3.5714285714285716
19,67,3,2,1,8,92,1,1,2,3,2.0,0,0,5,0,3.0,2.0,0,68,2.111111111111111
15,65,2,2,1,7,69,2,1,1,3,2.0,0,0,3,0,3.0,1.0,0,64,1.875
25,66,3,2,1,4,70,2,0,1,3,2.0,0,1,3,0,1.0,2.0,1,66,5.0
24,86,1,3,0,9,60,2,1,0,1,3.0,1,1,3,0,2.0,3.0,1,68,2.4
26,86,1,1,0,8,65,1,1,0,1,3.0,0,0,4,0,1.0,1.0,0,66,2.888888888888889
20,94,1,3,1,7,66,3,1,1,1,3.0,1,1,1,0,1.0,1.0,0,70,2.5
16,90,3,3,1,7,58,3,1,1,1,2.0,0,0,4,0,3.0,1.0,0,70,2.0
11,78,1,3,1,8,65,2,1,0,2,2.0,1,0,2,0,1.0,1.0,0,62,1.2222222222222223
25,85,1,2,1,10,95,2,1,0,2,1.0,0,1,1,0,2.0,1.0,1,69,2.272727272727273
23,88,2,2,1,8,66,1,1,2,2,3.0,1,1,2,0,2.0,2.0,1,69,2.5555555555555554
14,81,2,2,1,7,64,2,1,2,2,2.0,0,1,4,1,2.0,1.0,1,66,1.75
17,79,3,3,0,5,69,2,1,4,1,2.0,0,-1,3,0,3.0,1.0,0,68,2.8333333333333335
17,86,2,3,0,7,98,2,1,2,1,3.0,0,1,5,0,3.0,2.0,1,71,2.125
11,82,2,2,1,8,88,2,0,1,1,2.0,1,-1,2,0,3.0,2.0,0,64,1.2222222222222223
15,86,1,3,0,7,60,2,1,2,2,2.0,0,1,3,0,2.0,1.0,1,67,1.875
13,85,2,3,1,6,88,2,1,2,2,3.0,0,1,3,0,1.0,2.0,0,68,1.8571428571428572
18,89,1,3,1,8,88,1,1,0,3,2.0,0,-1,1,0,1.0,2.0,1,67,2.0
16,86,2,2,0,6,98,3,1,1,1,2.0,0,0,3,0,3.0,1.0,1,68,2.2857142857142856
10,81,2,3,1,8,95,2,1,5,1,3.0,0,1,3,0,1.0,1.0,0,69,1.1111111111111112
32,87,2,3,1,6,55,2,1,0,1,3.0,0,0,3,0,1.0,1.0,1,71,4.571428571428571
28,78,3,1,1,4,73,1,0,3,1,2.0,1,1,4,0,1.0,2.0,0,68,5.6
15,70,3,3,0,6,85,3,1,0,1,2.0,1,1,2,0,2.0,2.0,1,65,2.142857142857143
22,60,1,2,0,7,99,2,1,1,1,3.0,0,0,3,0,2.0,2.0,1,63,2.75
23,82,1,2,1,8,54,2,1,0,2,3.0,0,-1,1,0,1.0,1.0,0,65,2.5555555555555554
27,84,3,3,0,8,68,1,1,3,1,3.0,1,1,2,1,3.0,1.0,0,72,3.0
15,99,1,2,1,5,75,1,1,2,2,1.0,0,0,1,0,2.0,2.0,1,67,2.5
27,74,2,3,0,7,71,2,1,1,2,2.0,0,1,3,0,1.0,1.0,0,69,3.375
17,76,2,2,0,6,73,2,1,3,1,3.0,1,0,3,0,3.0,1.0,1,67,2.4285714285714284
12,68,3,2,1,6,68,1,1,2,2,2.0,0,1,4,0,2.0,1.0,1,64,1.7142857142857142
24,63,2,1,0,6,99,1,0,0,1,2.0,0,1,3,0,1.0,2.0,0,62,3.4285714285714284
28,91,1,2,0,7,90,2,1,2,3,1.0,1,0,3,0,1.0,1.0,1,71,3.5
36,70,1,3,0,10,87,2,1,2,1,2.0,0,1,3,0,1.0,1.0,1,70,3.272727272727273
13,84,1,2,0,10,71,1,1,1,2,3.0,0,0,3,0,2.0,2.0,1,64,1.1818181818181819
24,88,2,2,1,6,94,2,1,0,1,2.0,1,-1,2,0,3.0,2.0,1,69,3.4285714285714284
18,79,2,2,1,7,55,2,1,1,1,3.0,0,1,3,0,1.0,2.0,0,65,2.25
25,95,3,3,1,7,57,2,1,2,3,2.0,1,-1,2,0,2.0,2.0,0,73,3.125
11,78,2,1,1,7,98,1,1,2,2,2.0,0,0,3,0,1.0,1.0,0,64,1.375
12,71,2,3,1,8,78,1,1,2,2,2.0,0,-1,2,0,3.0,1.0,0,64,1.3333333333333333
15,96,2,2,1,7,58,2,1,3,2,2.0,0,0,4,0,3.0,2.0,1,70,1.875
20,94,1,1,1,6,97,1,1,2,2,2.0,0,1,5,0,2.0,1.0,1,70,2.857142857142857
16,67,3,3,0,9,99,2,1,2,2,2.0,0,0,2,1,1.0,2.0,1,64,1.6
24,61,1,2,0,5,94,2,1,3,2,3.0,1,0,2,1,2.0,2.0,0,64,4.0
26,64,2,2,1,7,62,3,1,3,2,3.0,1,-1,2,0,1.0,1.0,1,66,3.25
24,71,1,3,1,5,64,2,1,1,2,2.0,0,0,3,0,2.0,1.0,1,66,4.0
30,99,2,2,1,5,70,1,1,2,2,2.0,0,0,4,0,1.0,1.0,0,74,5.0
22,82,3,3,0,8,79,2,0,2,2,2.0,0,-1,1,0,2.0,1.0,0,69,2.4444444444444446
13,75,1,3,1,6,100,3,1,1,2,2.0,0,1,3,0,3.0,1.0,1,67,1.8571428571428572
28,96,2,2,0,4,98,3,1,5,1,2.0,0,0,5,1,1.0,3.0,1,73,5.6
16,78,1,2,0,6,96,3,1,0,2,2.0,0,1,1,0,3.0,1.0,0,66,2.2857142857142856
25,73,3,2,0,6,54,3,1,2,2,2.0,0,0,4,0,1.0,2.0,0,67,3.5714285714285716
29,98,2,3,1,5,88,1,1,3,1,2.0,0,0,2,0,2.0,1.0,1,75,4.833333333333333
23,94,2,3,1,8,94,1,1,2,2,3.0,0,1,2,0,1.0,1.0,1,73,2.5555555555555554
11,94,2,2,0,5,67,2,1,2,3,2.0,0,0,5,0,1.0,1.0,0,67,1.8333333333333333
14,80,3,1,1,6,61,2,1,0,2,3.0,0,0,4,0,2.0,2.0,0,65,2.0
28,92,2,2,1,7,87,1,1,1,1,1.0,0,1,1,0,1.0,1.0,0,71,3.5
19,67,2,2,1,6,55,1,1,1,2,2.0,0,0,4,0,1.0,1.0,1,63,2.7142857142857144
20,83,2,1,1,6,97,3,1,2,1,3.0,0,0,4,0,1.0,2.0,0,68,2.857142857142857
25,99,2,3,0,6,58,3,1,0,2,2.0,1,1,4,0,1.0,1.0,1,72,3.5714285714285716
24,72,1,3,1,5,73,1,1,2,2,3.0,0,1,2,0,1.0,1.0,1,67,4.0
22,92,2,3,0,6,99,1,1,1,2,2.0,0,-1,4,0,2.0,1.0,0,71,3.142857142857143
19,80,1,1,0,8,99,3,1,1,1,2.0,0,1,4,0,3.0,1.0,1,67,2.111111111111111
18,62,2,3,1,6,89,2,1,0,3,3.0,1,1,3,0,3.0,1.0,0,66,2.5714285714285716
25,91,2,3,0,7,92,2,1,3,1,2.0,0,-1,5,0,1.0,1.0,1,72,3.125
23,67,1,1,0,9,98,2,1,2,1,3.0,0,-1,0,0,2.0,1.0,0,64,2.3
18,85,2,2,0,8,96,2,1,0,3,3.0,0,-1,3,0,2.0,2.0,1,68,2.0
26,63,3,3,0,5,81,2,1,0,1,2.0,0,-1,2,0,1.0,2.0,0,65,4.333333333333333
19,98,2,3,1,8,87,3,1,1,2,2.0,1,1,4,0,3.0,2.0,1,74,2.111111111111111
15,72,2,1,1,9,80,2,1,4,2,3.0,1,0,4,0,2.0,2.0,0,65,1.5
15,69,3,1,1,6,75,2,0,2,1,3.0,0,1,2,0,1.0,1.0,0,63,2.142857142857143
14,65,2,2,1,5,94,2,1,5,1,2.0,1,-1,3,0,3.0,2.0,1,65,2.3333333333333335
18,98,1,3,1,6,87,2,1,0,2,2.0,0,0,1,0,1.0,1.0,1,70,2.5714285714285716
27,88,2,3,1,7,93,2,1,0,1,2.0,0,0,4,0,1.0,2.0,1,71,3.375
15,90,2,2,1,8,55,2,1,1,1,2.0,0,0,1,0,2.0,1.0,0,66,1.6666666666666667
21,80,2,2,1,6,79,1,1,2,2,3.0,0,1,3,0,2.0,1.0,1,69,3.0
16,79,2,3,1,4,66,3,1,2,2,2.0,0,0,2,0,2.0,2.0,1,67,3.2
18,64,2,3,1,5,76,1,1,1,1,2.0,0,1,4,0,1.0,2.0,1,64,3.0
11,82,3,3,0,8,81,3,1,2,1,3.0,0,1,2,0,1.0,2.0,0,67,1.2222222222222223
19,70,2,3,1,10,92,2,1,1,1,3.0,0,1,4,0,1.0,1.0,1,67,1.7272727272727273
19,99,3,2,0,7,52,2,1,1,2,2.0,0,0,4,0,1.0,1.0,1,70,2.375
23,92,3,3,0,9,58,2,1,2,1,2.0,1,0,1,0,3.0,1.0,0,71,2.3
21,77,2,1,1,5,96,3,1,2,1,3.0,1,0,5,0,1.0,1.0,0,68,3.5
13,66,3,3,0,6,98,1,1,1,3,3.0,0,1,2,0,1.0,1.0,1,65,1.8571428571428572
27,91,2,2,0,4,53,2,1,1,1,2.0,1,1,3,0,3.0,1.0,0,70,5.4
21,65,2,3,1,8,67,1,0,1,1,2.0,0,1,4,0,1.0,1.0,0,64,2.3333333333333335
21,68,3,3,1,6,50,3,1,3,2,1.0,1,0,4,0,1.0,1.0,1,67,3.0
20,68,1,1,0,8,88,2,1,5,1,1.0,1,0,3,0,1.0,2.0,1,63,2.2222222222222223
17,82,2,1,1,6,84,3,1,2,1,1.0,0,-1,3,0,1.0,2.0,0,65,2.4285714285714284
21,91,2,2,1,10,78,3,1,2,1,3.0,0,-1,2,0,1.0,1.0,1,70,1.9090909090909092
23,73,2,3,0,10,85,2,1,1,1,2.0,0,0,3,0,2.0,1.0,1,67,2.090909090909091
10,63,2,3,0,4,77,1,0,3,1,2.0,1,0,3,0,1.0,1.0,1,60,2.0
17,79,1,3,0,8,62,1,1,1,1,2.0,0,0,3,0,1.0,1.0,0,64,1.8888888888888888
18,90,1,2,0,6,88,1,1,1,2,2.0,1,-1,1,0,1.0,2.0,0,65,2.5714285714285716
22,69,2,2,0,8,89,1,0,0,1,3.0,0,1,5,0,1.0,2.0,0,64,2.4444444444444446
27,69,2,1,1,5,93,2,1,1,2,2.0,0,1,4,0,2.0,2.0,1,67,4.5
15,98,2,2,1,9,98,3,1,0,2,2.0,1,1,3,0,1.0,1.0,0,71,1.5
17,98,2,2,0,9,87,1,1,0,3,2.0,1,1,3,0,1.0,2.0,0,69,1.7
17,100,2,3,1,5,53,1,1,1,2,3.0,0,1,4,0,1.0,1.0,1,70,2.8333333333333335
15,92,2,2,1,7,51,2,1,1,3,3.0,0,1,3,0,2.0,1.0,0,69,1.875
18,68,3,3,1,7,87,3,1,3,2,2.0,0,1,4,0,1.0,1.0,1,69,2.25
25,68,1,2,1,8,53,1,1,2,2,2.0,0,0,3,0,2.0,2.0,0,64,2.7777777777777777
14,74,1,2,1,7,66,2,1,0,2,3.0,1,-1,3,0,3.0,1.0,1,63,1.75
23,73,3,2,0,8,57,2,1,3,2,2.0,0,1,2,0,2.0,1.0,1,67,2.5555555555555554
10,98,2,2,0,7,98,1,0,0,2,2.0,0,0,3,0,2.0,2.0,0,66,1.25
17,92,2,3,1,8,66,2,1,2,1,2.0,0,1,3,0,1.0,1.0,0,69,1.8888888888888888
18,89,2,2,0,5,53,2,1,5,1,3.0,1,0,4,0,2.0,1.0,1,69,3.0
30,67,2,2,0,7,97,3,1,2,3,2.0,0,0,3,1,1.0,1.0,1,69,3.75
18,96,2,3,1,9,80,3,1,1,1,2.0,0,1,3,0,2.0,1.0,1,72,1.8
7,93,3,3,1,9,52,3,1,1,2,1.0,1,-1,3,0,1.0,2.0,0,65,0.7
8,67,2,2,1,7,92,2,1,0,3,3.0,1,1,2,0,2.0,1.0,1,63,1.0
20,95,2,2,0,7,58,1,1,1,1,3.0,0,0,4,0,2.0,1.0,1,69,2.5
24,71,3,2,1,9,90,1,1,3,2,3.0,1,0,3,0,2.0,1.0,1,69,2.4
22,63,2,1,1,7,80,2,1,2,3,3.0,1,-1,2,0,2.0,2.0,0,64,2.75
21,86,2,1,1,9,59,3,1,2,2,3.0,1,1,3,0,2.0,1.0,1,69,2.1
27,86,2,3,0,7,88,2,1,1,2,2.0,1,0,3,0,3.0,2.0,1,72,3.375
17,64,2,1,0,7,73,3,1,1,1,2.0,0,0,4,0,2.0,1.0,1,62,2.125
25,73,3,2,1,5,82,1,0,1,2,2.0,1,1,3,1,1.0,1.0,1,66,4.166666666666667
10,100,1,2,0,5,93,1,1,2,2,1.0,0,0,1,0,1.0,3.0,0,65,1.6666666666666667
15,87,3,3,1,8,63,2,1,0,3,2.0,0,0,3,0,2.0,1.0,0,69,1.6666666666666667
9,89,2,1,0,10,68,3,1,1,3,3.0,0,-1,3,0,1.0,1.0,0,65,0.8181818181818182
18,69,3,2,1,7,100,2,1,3,2,3.0,0,-1,2,0,1.0,1.0,1,67,2.25
20,63,1,2,1,7,75,1,1,2,2,3.0,0,0,2,0,1.0,1.0,0,63,2.5
21,71,3,2,0,9,78,1,1,2,2,2.0,0,0,4,0,1.0,1.0,1,66,2.1
20,70,1,2,0,8,64,1,1,0,1,1.0,1,1,3,0,1.0,3.0,1,61,2.2222222222222223
14,69,3,2,1,4,71,2,1,1,2,2.0,0,1,4,0,1.0,1.0,0,64,2.8
19,68,2,1,1,8,75,1,1,1,2,2.0,1,0,4,0,3.0,1.0,1,64,2.111111111111111
11,83,2,2,1,5,63,2,1,2,1,2.0,0,0,3,0,2.0,1.0,1,65,1.8333333333333333
28,73,2,1,0,7,62,2,1,3,3,2.0,0,0,3,0,3.0,2.0,0,68,3.5
18,93,1,3,1,6,80,2,1,1,2,2.0,1,-1,3,0,1.0,1.0,1,69,2.5714285714285716
17,67,2,2,0,6,59,2,1,0,2,2.0,0,-1,3,0,1.0,1.0,0,61,2.4285714285714284
30,79,2,3,0,7,78,2,0,3,3,3.0,1,1,2,0,3.0,2.0,0,72,3.75
13,61,2,1,1,8,85,2,1,4,1,2.0,1,0,3,0,2.0,2.0,1,61,1.4444444444444444
13,79,3,3,0,7,60,2,1,1,1,3.0,1,0,4,0,2.0,2.0,1,66,1.625
13,62,1,2,1,9,87,2,1,1,1,2.0,0,-1,1,0,2.0,2.0,1,60,1.3
20,99,2,1,0,9,68,1,1,1,1,3.0,0,1,3,0,3.0,3.0,1,69,2.0
23,92,2,3,0,9,100,2,1,1,3,3.0,0,0,2,1,2.0,1.0,1,72,2.3
24,80,2,3,1,7,99,1,1,2,2,2.0,0,-1,2,0,1.0,2.0,0,69,3.0
35,63,3,3,1,6,90,1,1,0,2,2.0,0,1,3,0,2.0,1.0,1,71,5.0
7,84,2,3,0,7,67,2,1,1,2,2.0,1,0,3,0,2.0,1.0,1,64,0.875
24,90,1,1,1,9,97,3,1,3,1,2.0,0,1,4,0,1.0,1.0,1,71,2.4
17,68,1,2,1,9,100,3,1,1,2,3.0,0,-1,3,0,1.0,2.0,1,64,1.7
16,83,2,2,1,4,73,3,1,3,1,1.0,0,-1,3,0,2.0,1.0,0,67,3.2
16,93,2,1,1,7,81,2,1,2,1,2.0,1,-1,3,1,3.0,2.0,1,67,2.0
15,91,1,3,1,4,50,3,1,1,2,2.0,0,0,3,0,1.0,2.0,0,66,3.0
30,92,1,2,1,7,52,2,1,3,3,2.0,1,1,4,0,2.0,1.0,1,73,3.75
25,95,2,3,1,6,75,2,1,1,2,2.0,1,1,4,0,1.0,2.0,1,73,3.5714285714285716
20,98,2,2,0,6,80,2,1,0,2,2.0,0,1,2,0,2.0,2.0,1,70,2.857142857142857
28,76,1,2,1,8,66,2,1,5,3,1.0,0,1,4,0,2.0,2.0,1,70,3.111111111111111
11,83,2,1,1,6,55,1,1,0,1,2.0,0,1,4,1,3.0,1.0,0,62,1.5714285714285714
12,92,3,1,1,7,89,2,1,1,2,3.0,1,0,2,0,3.0,2.0,1,68,1.5
7,88,3,3,1,6,71,2,1,0,1,2.0,0,1,3,0,1.0,2.0,0,65,1.0
16,100,3,3,1,7,82,2,1,2,3,2.0,0,1,2,0,1.0,1.0,1,73,2.0
21,61,3,2,1,8,83,3,0,1,1,2.0,1,0,3,0,2.0,1.0,0,65,2.3333333333333335
21,74,2,3,1,6,77,3,0,0,2,2.0,0,0,3,0,2.0,1.0,1,66,3.0
21,71,1,2,1,8,59,2,1,3,1,2.0,0,0,3,0,2.0,2.0,1,64,2.3333333333333335
12,70,2,3,0,7,81,3,1,0,1,2.0,0,1,3,0,1.0,1.0,1,63,1.5
25,69,2,2,0,7,66,2,0,0,1,1.0,0,0,3,1,2.0,1.0,1,62,3.125
21,88,3,2,1,6,91,1,1,0,1,2.0,1,0,4,0,3.0,2.0,0,70,3.0
24,63,2,2,0,8,60,2,1,3,3,2.0,0,0,3,0,1.0,1.0,1,65,2.6666666666666665
9,90,2,2,1,8,65,2,1,0,2,2.0,1,0,5,0,1.0,3.0,1,64,1.0
22,88,2,2,0,7,72,1,1,4,3,2.0,0,-1,2,0,3.0,1.0,1,70,2.75
13,70,2,2,0,7,87,2,1,1,1,1.0,0,0,5,0,1.0,1.0,1,62,1.625
18,70,2,2,0,8,86,2,1,5,3,2.0,0,1,2,0,1.0,1.0,0,67,2.0
23,85,2,1,0,8,67,1,1,1,2,2.0,1,0,3,0,3.0,3.0,0,66,2.5555555555555554
21,90,3,3,1,7,76,3,1,2,3,3.0,0,1,3,0,2.0,2.0,0,74,2.625
15,95,2,3,1,9,62,2,1,2,2,2.0,0,1,3,0,1.0,3.0,1,69,1.5
20,94,2,3,1,8,89,1,1,0,2,2.0,0,1,4,1,1.0,2.0,0,70,2.2222222222222223
11,99,2,2,0,10,60,2,1,1,3,2.0,0,1,1,0,2.0,1.0,0,68,1.0
27,83,2,1,0,5,91,2,1,3,1,2.0,0,0,2,0,3.0,1.0,1,70,4.5
19,96,2,2,1,8,97,2,1,3,2,2.0,0,-1,2,0,1.0,1.0,1,71,2.111111111111111
27,92,2,1,1,9,100,3,1,2,2,3.0,0,1,0,0,3.0,2.0,0,73,2.7
17,96,2,2,0,9,93,1,1,3,2,2.0,1,0,2,0,1.0,3.0,1,69,1.7
17,60,1,1,1,7,61,2,1,1,1,2.0,0,1,4,0,3.0,1.0,0,61,2.125
15,99,2,2,1,5,71,2,1,0,2,2.0,0,0,2,0,2.0,2.0,1,68,2.5
25,79,2,1,1,9,54,2,1,1,1,2.0,1,1,2,0,3.0,3.0,1,66,2.5
16,92,3,1,1,6,58,1,1,0,3,2.0,1,1,4,0,1.0,1.0,0,67,2.2857142857142856
24,65,1,3,1,7,52,2,1,1,3,2.0,0,0,1,0,3.0,2.0,0,64,3.0
18,76,1,3,1,10,82,3,1,1,2,2.0,1,-1,4,0,2.0,1.0,1,67,1.6363636363636365
8,71,3,2,1,5,77,2,0,0,3,2.0,0,0,4,0,1.0,2.0,0,61,1.3333333333333333
17,72,1,2,0,8,96,3,1,2,1,3.0,0,0,3,0,1.0,1.0,1,65,1.8888888888888888
13,65,1,3,1,6,73,2,1,0,1,2.0,1,1,3,0,3.0,1.0,0,62,1.8571428571428572
20,92,1,3,0,6,82,2,1,0,2,2.0,0,0,5,0,1.0,1.0,0,69,2.857142857142857
13,60,3,3,0,7,70,2,1,1,2,2.0,0,-1,3,0,2.0,3.0,0,61,1.625
26,73,3,2,0,8,91,2,1,4,1,1.0,0,0,5,0,1.0,2.0,1,69,2.888888888888889
19,67,2,1,0,8,96,3,0,1,3,1.0,0,1,3,0,2.0,1.0,1,64,2.111111111111111
19,84,2,1,0,9,72,3,1,1,1,2.0,0,1,3,0,1.0,3.0,0,65,1.9
24,70,2,3,0,6,54,1,1,1,3,2.0,0,0,1,0,1.0,2.0,0,64,3.4285714285714284
26,70,3,3,1,5,58,2,1,1,1,1.0,1,1,3,0,3.0,2.0,1,68,4.333333333333333
20,80,1,2,1,6,86,3,1,1,1,2.0,1,1,3,0,1.0,1.0,0,67,2.857142857142857
15,86,3,2,1,8,66,1,1,0,2,3.0,1,1,5,0,2.0,1.0,1,68,1.6666666666666667
9,65,1,2,1,7,89,2,1,2,1,2.0,0,1,4,0,1.0,2.0,1,61,1.125
16,67,2,3,1,4,87,3,1,5,3,3.0,0,1,4,0,2.0,1.0,1,69,3.2
16,70,1,3,1,4,85,3,1,0,2,2.0,1,0,3,0,1.0,1.0,1,64,3.2
21,99,3,2,1,7,91,2,0,3,2,2.0,0,1,4,0,2.0,1.0,1,74,2.625
18,76,2,2,0,8,88,1,1,1,2,2.0,0,0,4,0,2.0,1.0,0,66,2.0
24,84,2,2,0,6,82,2,1,1,2,2.0,0,-1,2,0,1.0,1.0,1,68,3.4285714285714284
16,70,2,3,1,8,50,3,1,3,3,2.0,1,0,3,0,3.0,3.0,1,65,1.7777777777777777
20,80,2,3,1,5,76,2,0,0,1,2.0,1,-1,3,0,2.0,1.0,0,66,3.3333333333333335
27,63,3,1,0,7,80,2,0,2,2,3.0,0,1,2,0,1.0,1.0,0,66,3.375
22,61,2,1,0,7,98,3,1,3,3,1.0,1,0,2,0,2.0,1.0,0,65,2.75
20,79,2,2,0,8,83,2,1,3,1,2.0,1,0,4,0,2.0,2.0,1,67,2.2222222222222223
16,76,1,2,1,5,79,2,1,0,1,3.0,0,1,4,0,3.0,2.0,0,65,2.6666666666666665
16,65,2,2,0,5,77,2,1,1,3,3.0,0,1,3,0,1.0,2.0,1,63,2.6666666666666665
15,88,3,2,0,8,55,2,1,1,3,3.0,1,0,2,0,1.0,1.0,1,67,1.6666666666666667
17,100,2,3,1,5,71,1,1,2,1,2.0,0,0,4,0,1.0,1.0,1,70,2.8333333333333335
25,76,3,3,1,6,57,1,0,0,2,2.0,0,1,3,0,3.0,2.0,1,68,3.5714285714285716
19,85,2,2,1,9,53,3,1,1,2,2.0,0,0,3,0,2.0,3.0,1,66,1.9
12,99,2,2,1,7,66,1,1,3,2,1.0,1,-1,1,0,3.0,2.0,0,67,1.5
31,93,2,1,0,8,82,1,1,2,3,3.0,1,0,1,0,1.0,1.0,1,72,3.4444444444444446
22,79,3,3,1,8,93,2,1,0,2,2.0,1,-1,2,1,1.0,1.0,0,68,2.4444444444444446
12,89,2,3,0,8,91,2,0,1,1,3.0,0,0,2,0,1.0,1.0,1,66,1.3333333333333333
17,65,2,2,0,7,65,2,1,0,3,2.0,1,0,4,0,1.0,2.0,1,62,2.125
21,80,3,1,1,6,52,2,1,1,1,2.0,0,-1,4,0,1.0,1.0,1,65,3.0
30,71,3,1,0,10,70,1,1,3,2,2.0,0,0,4,1,1.0,1.0,0,67,2.727272727272727
13,66,2,2,1,7,66,1,1,3,2,2.0,0,-1,2,0,2.0,1.0,0,62,1.625
26,77,2,1,1,7,69,1,1,1,3,2.0,0,0,3,1,1.0,1.0,0,66,3.25
28,65,2,2,0,8,78,3,0,1,3,2.0,1,1,3,0,2.0,1.0,0,67,3.111111111111111
16,88,2,2,1,6,52,2,1,2,3,3.0,0,1,3,0,1.0,1.0,0,68,2.2857142857142856
18,78,2,2,1,6,69,2,1,1,2,2.0,0,-1,4,0,3.0,2.0,0,66,2.5714285714285716
14,81,3,3,0,9,78,2,1,0,2,2.0,1,1,4,0,2.0,1.0,0,68,1.4
19,66,1,2,0,6,72,2,1,2,1,2.0,0,-1,5,0,1.0,1.0,1,62,2.7142857142857144
20,66,2,3,0,8,83,2,1,1,1,2.0,0,0,2,1,2.0,1.0,1,64,2.2222222222222223
24,83,3,1,0,8,59,2,1,1,1,2.0,0,1,3,0,1.0,1.0,1,68,2.6666666666666665
27,99,1,1,1,7,58,1,1,2,2,2.0,1,1,2,0,3.0,2.0,1,71,3.375
16,64,2,2,0,7,65,2,1,2,2,3.0,0,0,4,0,1.0,1.0,1,63,2.0
8,71,3,2,0,8,55,3,1,1,1,3.0,0,1,2,0,2.0,2.0,1,62,0.8888888888888888
20,95,3,1,1,7,62,1,1,1,1,1.0,1,1,3,0,2.0,1.0,1,69,2.5
22,63,2,2,1,4,54,2,1,0,2,2.0,1,1,3,0,1.0,2.0,1,62,4.4
21,95,1,2,1,9,70,2,1,3,3,2.0,0,1,3,0,1.0,1.0,0,71,2.1
18,81,1,3,1,6,86,2,1,3,1,2.0,0,1,4,0,2.0,1.0,1,69,2.5714285714285716
21,76,2,2,1,7,64,1,1,1,2,3.0,1,1,2,0,1.0,2.0,1,66,2.625
29,72,1,2,0,5,50,1,1,0,1,2.0,0,0,4,0,1.0,1.0,0,64,4.833333333333333
22,72,1,3,0,6,78,1,0,1,1,3.0,0,0,3,0,3.0,1.0,1,65,3.142857142857143
18,72,3,3,0,6,85,3,1,1,3,3.0,1,1,1,0,1.0,2.0,1,68,2.5714285714285716
17,95,3,2,0,7,70,3,1,1,1,2.0,0,0,3,0,1.0,1.0,1,69,2.125
19,89,3,2,1,6,65,1,1,2,1,2.0,0,0,3,1,3.0,1.0,1,68,2.7142857142857144
30,87,1,2,1,10,75,1,1,3,1,1.0,0,0,4,0,2.0,1.0,1,71,2.727272727272727
19,92,1,2,0,7,55,2,1,1,2,2.0,0,0,5,0,1.0,3.0,1,66,2.375
20,70,3,1,0,8,82,2,1,2,1,3.0,1,1,3,0,1.0,2.0,1,65,2.2222222222222223
17,85,3,2,1,7,87,2,1,1,1,2.0,1,0,1,0,1.0,1.0,0,68,2.125
27,78,3,3,0,8,85,2,1,0,3,2.0,0,1,3,0,2.0,1.0,1,72,3.0
32,91,3,2,1,4,66,2,1,3,1,3.0,0,0,2,0,3.0,1.0,0,75,6.4
23,72,3,1,1,6,92,1,1,2,3,2.0,0,-1,3,0,2.0,1.0,1,67,3.2857142857142856
20,86,2,2,0,6,97,1,1,1,1,2.0,1,0,2,0,1.0,2.0,1,67,2.857142857142857
20,95,2,2,0,6,65,3,1,2,1,2.0,0,0,3,0,2.0,1.0,0,70,2.857142857142857
6,76,2,2,1,8,63,2,1,5,2,2.0,0,0,3,0,2.0,1.0,1,64,0.6666666666666666
24,63,2,2,1,8,85,3,1,1,1,2.0,1,1,3,0,1.0,3.0,0,65,2.6666666666666665
21,81,2,2,1,7,85,2,1,1,1,3.0,0,-1,3,0,3.0,2.0,1,68,2.625
23,74,3,3,0,7,76,2,1,1,2,1.0,0,0,2,0,2.0,2.0,0,67,2.875
16,87,1,2,1,10,96,2,0,1,1,3.0,0,1,1,0,2.0,2.0,1,66,1.4545454545454546
18,98,3,2,0,7,57,1,1,0,3,2.0,1,0,1,0,3.0,2.0,1,69,2.25
18,79,1,3,0,4,74,1,1,2,1,2.0,0,-1,1,0,1.0,1.0,0,64,3.6
26,79,2,3,1,8,52,3,1,1,2,2.0,0,-1,3,1,3.0,1.0,0,68,2.888888888888889
18,86,3,2,0,8,53,1,1,5,1,3.0,1,-1,3,0,1.0,1.0,1,68,2.0
32,64,1,3,1,9,53,1,0,1,1,2.0,1,1,3,0,2.0,1.0,0,65,3.2
23,70,2,2,1,8,75,2,1,0,3,2.0,0,1,2,0,1.0,2.0,1,65,2.5555555555555554
12,97,1,2,1,6,79,2,0,1,2,2.0,0,-1,2,0,1.0,1.0,1,65,1.7142857142857142
19,87,3,2,0,8,50,1,1,0,3,3.0,0,0,2,0,1.0,1.0,0,67,2.111111111111111
16,61,3,2,1,7,82,2,1,2,1,2.0,0,-1,3,0,1.0,1.0,0,63,2.0
7,68,3,2,0,9,74,2,1,1,1,3.0,0,1,3,0,1.0,1.0,0,62,0.7
30,87,3,2,1,9,61,3,1,2,2,3.0,1,0,4,0,1.0,2.0,1,73,3.0
24,91,3,3,1,7,51,3,1,2,2,2.0,0,0,3,0,1.0,2.0,1,72,3.0
23,94,1,2,0,8,58,3,1,5,1,1.0,0,0,6,0,1.0,1.0,0,71,2.5555555555555554
21,72,2,2,0,9,80,3,1,3,1,2.0,0,0,4,0,1.0,1.0,1,67,2.1
12,97,2,1,1,7,83,2,1,0,1,2.0,0,0,2,0,2.0,2.0,1,66,1.5
17,82,2,3,1,10,82,3,1,1,2,2.0,1,1,2,0,1.0,2.0,1,68,1.5454545454545454
25,88,3,3,1,9,58,1,1,0,1,2.0,0,-1,4,0,3.0,1.0,1,70,2.5
14,84,2,2,1,6,96,2,0,2,1,2.0,1,0,2,0,3.0,3.0,1,66,2.0
5,65,1,3,0,7,71,2,1,0,1,2.0,1,-1,2,0,2.0,3.0,1,56,0.625
19,99,2,3,1,8,88,3,0,1,1,3.0,0,1,3,0,1.0,3.0,0,71,2.111111111111111
19,65,1,3,0,10,58,2,1,2,2,3.0,1,1,3,0,3.0,2.0,0,64,1.7272727272727273
21,70,2,2,0,8,74,1,1,2,2,2.0,0,1,3,0,3.0,3.0,1,65,2.3333333333333335
24,93,2,2,1,7,76,3,1,2,1,2.0,0,0,1,1,1.0,1.0,1,70,3.0
24,85,3,1,1,9,89,2,1,1,1,2.0,0,1,2,0,3.0,2.0,1,70,2.4
22,94,1,3,1,7,81,2,1,2,2,3.0,0,0,4,0,1.0,3.0,1,71,2.75
27,81,3,3,1,6,70,2,1,0,1,2.0,0,1,5,0,1.0,3.0,0,70,3.857142857142857
11,75,1,3,0,8,64,2,1,3,1,2.0,0,0,3,1,2.0,2.0,0,62,1.2222222222222223
23,97,2,2,1,6,99,1,1,1,1,2.0,1,1,3,0,1.0,1.0,0,72,3.2857142857142856
24,61,2,2,0,10,64,1,1,0,1,2.0,1,1,3,0,1.0,1.0,0,62,2.1818181818181817
13,94,1,2,1,7,56,3,1,2,1,3.0,0,0,4,0,2.0,1.0,1,67,1.625
11,69,1,2,1,8,65,1,1,0,1,2.0,0,-1,2,0,2.0,2.0,1,58,1.2222222222222223
16,94,1,2,1,6,66,2,1,3,2,3.0,0,-1,4,0,2.0,1.0,0,69,2.2857142857142856
16,66,2,1,0,9,56,2,1,0,1,3.0,1,1,4,1,2.0,1.0,0,60,1.6
25,83,3,3,1,7,85,3,1,2,1,2.0,0,-1,4,0,2.0,1.0,1,72,3.125
16,96,2,2,0,7,81,2,1,0,1,1.0,0,-1,3,0,1.0,2.0,1,66,2.0
15,79,2,3,1,7,66,2,1,2,1,2.0,0,1,3,0,2.0,3.0,0,66,1.875
16,90,2,3,1,5,100,1,1,1,3,2.0,1,-1,4,0,1.0,2.0,1,69,2.6666666666666665
27,92,1,2,1,7,83,1,1,2,1,2.0,0,1,4,1,2.0,2.0,0,70,3.375
20,89,1,2,1,8,85,2,1,2,2,3.0,0,1,1,0,3.0,1.0,0,70,2.2222222222222223
19,97,3,3,0,5,78,1,1,0,2,1.0,1,-1,3,0,2.0,2.0,1,70,3.1666666666666665
19,78,1,3,1,9,78,2,1,2,1,3.0,0,-1,2,0,2.0,1.0,0,67,1.9
28,67,3,2,1,7,51,2,1,2,2,2.0,0,0,3,0,1.0,1.0,0,67,3.5
16,62,1,1,0,7,89,3,1,0,2,2.0,0,0,3,0,1.0,3.0,0,59,2.0
28,70,2,2,1,4,96,1,1,1,2,2.0,1,1,2,0,1.0,2.0,1,67,5.6
21,66,3,2,1,7,56,2,1,1,1,2.0,1,0,4,0,3.0,2.0,1,65,2.625
19,82,2,2,0,5,90,2,1,1,3,2.0,0,-1,3,0,2.0,1.0,1,68,3.1666666666666665
35,67,3,3,1,6,77,1,1,1,1,2.0,0,1,3,0,2.0,1.0,1,71,5.0
14,62,2,2,0,5,64,2,1,2,1,2.0,0,0,3,0,2.0,1.0,1,61,2.3333333333333335
18,61,2,2,1,6,96,2,1,0,2,2.0,0,-1,3,0,1.0,1.0,1,63,2.5714285714285716
13,93,2,3,1,7,51,1,1,1,1,3.0,1,0,3,0,1.0,1.0,0,67,1.625
26,84,3,2,0,7,64,2,0,1,2,3.0,0,0,4,0,2.0,1.0,1,69,3.25
30,74,2,3,0,8,94,1,1,0,2,2.0,0,1,3,0,1.0,1.0,1,70,3.3333333333333335
30,96,2,1,1,4,74,3,0,0,1,1.0,0,-1,3,0,1.0,2.0,1,69,6.0
27,63,3,2,1,7,80,2,1,1,1,3.0,0,0,4,0,1.0,3.0,0,66,3.375
19,99,2,1,1,7,87,1,1,1,2,2.0,0,1,4,0,1.0,2.0,0,70,2.375
18,85,2,2,1,6,57,1,1,2,2,3.0,0,0,2,0,3.0,2.0,1,67,2.5714285714285716
10,67,3,3,0,6,61,2,1,0,1,3.0,1,0,2,0,1.0,1.0,0,61,1.4285714285714286
32,87,2,3,1,9,100,2,1,2,2,1.0,1,0,2,0,3.0,2.0,1,74,3.2
23,91,2,3,1,10,62,1,1,1,2,3.0,1,-1,3,0,2.0,1.0,1,70,2.090909090909091
17,77,3,2,1,4,77,1,1,0,2,2.0,1,1,4,0,1.0,1.0,0,66,3.4
28,94,2,3,1,6,65,3,1,1,1,3.0,0,1,1,0,1.0,1.0,0,73,4.0
14,66,2,2,1,5,93,2,1,1,2,2.0,1,-1,2,0,1.0,1.0,1,62,2.3333333333333335
22,71,2,1,1,7,98,1,1,2,1,3.0,0,0,2,0,1.0,2.0,0,65,2.75
19,64,3,2,0,9,57,1,1,0,2,3.0,1,0,3,0,1.0,1.0,0,62,1.9
24,68,1,2,1,8,80,2,0,1,1,1.0,0,1,4,0,3.0,2.0,1,64,2.6666666666666665
20,70,2,2,1,7,91,2,1,1,1,2.0,0,-1,2,0,1.0,3.0,1,63,2.5
11,97,2,2,0,7,91,2,1,1,2,2.0,0,1,4,0,1.0,1.0,1,69,1.375
20,63,2,2,0,7,72,1,1,3,1,3.0,0,-1,5,1,3.0,1.0,1,63,2.5
26,77,2,2,1,8,61,2,1,1,1,2.0,0,0,4,0,2.0,2.0,1,67,2.888888888888889
20,81,2,1,0,8,69,2,1,1,2,2.0,1,0,2,0,1.0,1.0,0,65,2.2222222222222223
25,96,2,3,0,8,88,2,1,0,1,2.0,1,0,1,0,1.0,1.0,1,71,2.7777777777777777
14,100,2,2,1,4,100,2,1,3,1,2.0,0,0,3,0,3.0,2.0,0,71,2.8
20,90,2,2,0,7,78,3,1,0,2,3.0,0,1,4,1,3.0,3.0,1,69,2.5
16,99,2,3,1,7,60,2,1,2,1,3.0,1,0,3,0,3.0,2.0,1,71,2.0
24,91,1,2,1,8,52,2,1,1,1,2.0,0,0,5,0,1.0,1.0,1,68,2.6666666666666665
20,99,1,2,1,7,97,2,1,2,1,2.0,0,0,0,0,1.0,1.0,1,70,2.5
24,88,2,3,1,8,74,2,1,0,1,3.0,1,0,3,0,3.0,1.0,1,71,2.6666666666666665
27,63,2,2,1,6,86,2,1,1,2,2.0,0,1,4,0,3.0,1.0,0,68,3.857142857142857
24,76,1,3,0,8,83,2,1,1,3,2.0,1,1,4,0,1.0,1.0,0,69,2.6666666666666665
22,86,2,2,1,9,95,2,1,4,2,1.0,1,1,2,0,2.0,1.0,1,71,2.2
14,74,3,2,0,5,63,1,0,2,1,3.0,1,1,3,0,2.0,3.0,0,63,2.3333333333333335
20,71,1,2,0,5,72,2,1,4,2,2.0,0,1,4,0,3.0,2.0,1,66,3.3333333333333335
17,83,2,2,0,8,96,2,1,1,1,2.0,0,1,3,0,2.0,2.0,1,67,1.8888888888888888
18,97,3,1,1,7,79,2,1,3,3,2.0,1,1,3,0,1.0,3.0,1,71,2.25
18,61,1,1,0,9,54,2,1,0,2,2.0,0,0,2,0,2.0,1.0,0,59,1.8
14,91,3,2,1,7,60,2,1,0,3,2.0,0,0,2,0,1.0,1.0,1,67,1.75
8,89,3,3,0,8,62,2,1,2,2,2.0,0,1,4,1,1.0,2.0,1,66,0.8888888888888888
16,99,1,3,1,6,100,3,1,1,3,3.0,0,1,3,0,1.0,3.0,0,72,2.2857142857142856
21,97,3,3,0,8,61,1,1,0,1,3.0,0,0,3,1,3.0,1.0,0,70,2.3333333333333335
12,90,2,2,1,8,93,1,1,3,3,2.0,0,0,3,0,1.0,1.0,0,68,1.3333333333333333
20,81,1,2,0,6,54,1,1,0,1,1.0,0,1,2,0,2.0,2.0,0,63,2.857142857142857
31,68,2,2,0,9,59,2,1,3,3,3.0,0,0,2,0,3.0,1.0,0,69,3.1
26,82,1,2,0,4,94,1,1,0,1,1.0,1,1,3,0,1.0,1.0,1,67,5.2
30,91,2,3,1,7,95,1,1,1,2,3.0,0,1,3,0,2.0,1.0,0,75,3.75
22,96,1,1,1,5,59,2,1,0,2,3.0,1,1,2,0,1.0,3.0,0,67,3.6666666666666665
27,92,3,3,1,5,61,2,1,0,2,3.0,1,1,3,0,3.0,1.0,1,74,4.5
16,68,2,3,1,8,77,2,1,1,2,3.0,0,1,4,0,3.0,2.0,1,66,1.7777777777777777
16,84,2,3,1,5,53,2,0,2,1,2.0,0,0,1,0,1.0,1.0,1,65,2.6666666666666665
4,73,1,2,1,5,97,3,1,1,1,3.0,0,-1,1,0,1.0,1.0,1,60,0.6666666666666666
27,60,2,3,0,8,68,3,1,1,2,2.0,1,-1,4,1,1.0,3.0,0,63,3.0
29,68,1,3,1,5,74,1,1,3,3,3.0,0,0,2,1,3.0,1.0,1,69,4.833333333333333
17,65,3,3,0,9,55,2,1,1,2,2.0,0,1,2,0,1.0,1.0,1,64,1.7
18,94,1,2,1,8,52,2,1,1,2,2.0,1,1,4,0,2.0,1.0,0,68,2.0
15,70,2,2,0,6,73,1,1,2,2,1.0,0,1,4,0,1.0,2.0,1,63,2.142857142857143
22,71,2,2,1,8,56,1,1,0,2,3.0,0,0,2,0,3.0,1.0,1,65,2.4444444444444446
27,98,2,3,0,4,82,2,1,0,3,2.0,0,1,3,0,1.0,1.0,0,74,5.4
10,75,2,3,1,8,90,2,1,2,1,2.0,0,1,2,0,3.0,2.0,1,65,1.1111111111111112
22,60,2,2,1,5,52,2,1,0,1,2.0,0,-1,2,0,1.0,1.0,0,61,3.6666666666666665
18,71,2,3,1,6,81,2,1,1,1,3.0,0,1,3,0,1.0,1.0,1,66,2.5714285714285716
21,65,2,3,1,6,91,3,1,1,2,3.0,0,1,3,0,1.0,2.0,1,67,3.0
23,64,3,2,1,9,72,2,1,0,1,3.0,0,1,3,0,2.0,1.0,1,66,2.3
19,63,3,2,0,6,98,3,1,4,3,2.0,1,1,2,0,3.0,1.0,1,69,2.7142857142857144
19,84,2,2,1,7,56,1,1,2,1,2.0,0,0,3,0,1.0,2.0,0,65,2.375
19,68,3,3,0,6,66,2,1,2,2,2.0,0,0,3,0,1.0,3.0,0,65,2.7142857142857144
26,74,3,2,0,6,62,2,1,0,1,2.0,1,0,3,0,1.0,1.0,0,66,3.7142857142857144
23,94,2,3,0,5,100,1,1,2,2,3.0,0,0,2,0,3.0,1.0,1,73,3.8333333333333335
21,77,1,2,1,7,65,2,1,2,1,3.0,0,-1,2,0,1.0,2.0,0,64,2.625
12,97,2,1,1,7,69,1,1,0,1,3.0,0,1,5,0,1.0,1.0,0,67,1.5
18,80,2,1,1,8,92,3,1,0,2,3.0,1,1,1,0,2.0,1.0,1,67,2.0
25,76,2,1,1,7,96,2,1,3,2,2.0,0,1,4,1,1.0,1.0,0,68,3.125
20,90,2,1,1,7,97,2,1,2,3,3.0,0,1,3,0,2.0,2.0,1,71,2.5
24,63,2,2,1,8,78,2,1,0,1,3.0,1,-1,3,0,1.0,1.0,1,64,2.6666666666666665
31,64,2,2,1,6,83,2,1,1,2,2.0,0,1,2,0,1.0,2.0,0,67,4.428571428571429
26,86,2,1,0,5,67,2,1,2,1,3.0,1,1,1,0,1.0,2.0,0,68,4.333333333333333
21,79,1,2,1,8,80,3,1,1,1,3.0,1,-1,3,0,2.0,1.0,1,67,2.3333333333333335
17,92,1,2,1,6,65,3,1,3,2,3.0,0,1,2,0,2.0,1.0,1,70,2.4285714285714284
5,97,2,1,1,7,87,2,1,2,2,2.0,1,0,3,1,1.0,3.0,0,64,0.625
19,76,2,2,1,6,65,2,1,0,1,2.0,0,0,4,1,1.0,1.0,0,63,2.7142857142857144
18,84,3,3,0,6,94,2,1,3,3,2.0,0,0,4,0,1.0,1.0,1,71,2.5714285714285716
22,80,1,1,0,4,57,1,1,1,1,2.0,0,0,3,0,3.0,2.0,1,64,4.4
19,99,1,1,0,8,79,3,1,3,2,2.0,1,1,4,0,1.0,1.0,1,70,2.111111111111111
18,93,2,3,0,4,76,3,1,3,1,2.0,0,-1,3,0,2.0,1.0,0,70,3.6
9,96,2,3,1,9,63,2,1,1,3,2.0,1,0,1,0,1.0,1.0,1,67,0.9
14,70,2,2,1,9,51,1,1,1,1,3.0,0,-1,4,0,2.0,1.0,1,62,1.4
23,91,2,2,0,6,57,1,1,2,1,3.0,1,1,2,0,1.0,1.0,1,69,3.2857142857142856
30,71,1,3,0,9,98,1,1,2,3,2.0,0,1,1,0,1.0,2.0,0,69,3.0
19,68,1,3,0,10,97,1,0,0,1,2.0,0,1,3,0,2.0,3.0,0,62,1.7272727272727273
22,98,1,2,0,7,56,3,1,1,3,2.0,1,0,1,0,2.0,1.0,0,70,2.75
26,61,2,2,1,8,69,3,1,2,2,3.0,0,1,3,0,1.0,1.0,1,66,2.888888888888889
15,99,3,2,0,7,73,1,1,1,1,2.0,0,1,3,0,1.0,1.0,1,69,1.875
22,66,2,1,1,9,74,2,1,3,1,3.0,0,-1,3,0,3.0,1.0,0,65,2.2
16,93,1,3,1,5,65,1,1,0,2,2.0,0,-1,3,0,1.0,1.0,0,66,2.6666666666666665
25,71,3,2,1,7,96,1,1,2,1,2.0,0,1,3,0,1.0,1.0,0,69,3.125
21,74,3,2,1,8,95,1,1,1,2,2.0,1,1,5,1,1.0,3.0,0,66,2.3333333333333335
22,69,1,3,1,8,51,2,1,1,1,3.0,0,1,3,0,1.0,1.0,0,65,2.4444444444444446
15,83,2,1,1,7,83,1,1,1,3,2.0,0,0,2,0,3.0,1.0,0,66,1.875
24,74,1,1,1,9,54,2,1,1,1,2.0,0,0,3,0,1.0,1.0,0,63,2.4
33,86,1,2,1,7,80,2,1,0,1,3.0,0,0,3,0,3.0,1.0,0,72,4.125
14,61,2,2,1,7,93,1,1,3,2,3.0,0,-1,2,0,1.0,2.0,1,62,1.75
18,63,3,3,0,8,82,2,1,1,3,2.0,1,-1,1,0,1.0,1.0,1,64,2.0
21,64,2,1,0,7,73,3,1,2,1,2.0,0,-1,2,1,2.0,3.0,0,61,2.625
25,77,3,2,1,7,98,1,1,0,3,2.0,0,1,2,0,1.0,1.0,1,70,3.125
17,93,2,2,0,6,87,2,1,1,1,3.0,1,-1,2,0,1.0,2.0,0,67,2.4285714285714284
3,96,3,3,1,10,62,2,1,3,1,2.0,1,0,4,0,1.0,3.0,1,66,0.2727272727272727
28,70,2,2,1,6,69,2,1,2,1,1.0,0,1,4,1,1.0,1.0,1,66,4.0
25,83,1,2,1,8,88,1,1,1,2,3.0,0,0,3,1,2.0,1.0,1,68,2.7777777777777777
10,91,3,3,1,10,51,2,1,0,1,2.0,0,1,3,0,3.0,2.0,1,67,0.9090909090909091
16,72,2,3,0,5,53,2,1,1,3,3.0,0,1,3,0,2.0,1.0,1,65,2.6666666666666665
29,76,2,3,1,8,93,1,0,0,2,3.0,0,1,4,0,2.0,2.0,1,70,3.2222222222222223
29,81,2,2,1,7,52,2,0,1,3,2.0,0,0,4,0,2.0,1.0,0,69,3.625
26,65,2,2,1,10,84,2,1,1,1,3.0,0,1,4,0,3.0,1.0,1,68,2.3636363636363638
19,61,2,2,0,6,66,2,1,0,3,2.0,0,0,1,0,1.0,1.0,1,61,2.7142857142857144
20,66,2,3,1,6,91,1,1,0,2,3.0,0,-1,5,0,1.0,3.0,1,65,2.857142857142857
19,85,3,3,0,7,92,2,1,3,2,2.0,0,0,2,0,2.0,1.0,0,71,2.375
27,63,2,3,0,6,98,1,1,0,2,2.0,1,-1,3,0,1.0,1.0,0,66,3.857142857142857
15,68,2,3,0,6,55,2,0,0,3,2.0,1,1,3,0,1.0,1.0,0,62,2.142857142857143
15,74,1,1,0,10,71,2,1,0,1,3.0,0,-1,2,0,3.0,1.0,1,61,1.3636363636363635
26,63,3,3,1,7,79,2,1,1,1,3.0,0,-1,2,0,1.0,1.0,1,67,3.25
20,68,2,3,1,6,96,2,1,0,1,3.0,0,0,3,0,1.0,1.0,0,66,2.857142857142857
28,96,1,3,0,6,63,3,0,1,3,2.0,0,1,2,0,1.0,2.0,0,71,4.0
16,61,2,3,1,8,54,3,1,0,1,3.0,1,1,3,0,2.0,2.0,1,62,1.7777777777777777
20,86,2,2,1,8,60,1,1,1,3,2.0,0,0,3,1,3.0,1.0,1,67,2.2222222222222223
14,75,2,2,1,6,75,2,1,0,1,3.0,0,0,2,0,1.0,1.0,1,64,2.0
20,87,2,1,0,5,84,2,1,2,2,2.0,1,0,3,0,1.0,1.0,1,68,3.3333333333333335
11,84,2,2,1,7,85,3,1,3,2,2.0,0,0,4,0,2.0,2.0,0,67,1.375
17,69,2,2,1,7,54,3,1,1,3,1.0,0,0,2,0,1.0,1.0,1,63,2.125
11,94,3,3,0,6,88,2,1,2,2,2.0,0,1,4,0,1.0,1.0,1,70,1.5714285714285714
24,80,1,3,1,9,83,2,1,1,1,1.0,0,-1,1,0,1.0,1.0,1,67,2.4
24,93,2,3,1,8,70,1,1,1,2,3.0,1,0,3,0,1.0,2.0,0,71,2.6666666666666665
10,76,2,1,1,7,79,1,1,3,2,2.0,1,0,4,0,1.0,3.0,0,62,1.25
28,99,2,2,1,6,88,2,1,3,1,2.0,0,1,4,0,1.0,1.0,0,75,4.0
35,91,1,2,1,10,63,1,1,1,2,2.0,0,0,5,0,1.0,1.0,1,72,3.1818181818181817
20,99,2,1,1,5,97,1,1,4,3,2.0,0,0,3,0,2.0,1.0,0,73,3.3333333333333335
16,81,1,2,0,6,57,3,1,3,1,1.0,1,1,3,0,1.0,1.0,1,64,2.2857142857142856
37,79,2,3,0,6,95,3,1,1,3,2.0,0,-1,1,0,1.0,1.0,1,73,5.285714285714286
12,90,2,1,1,7,87,1,1,2,1,3.0,0,0,2,0,3.0,3.0,1,66,1.5
20,95,1,1,0,8,83,3,1,1,2,2.0,1,1,3,0,1.0,1.0,0,69,2.2222222222222223
21,99,2,2,1,5,54,3,1,1,1,2.0,0,0,4,0,2.0,2.0,1,70,3.5
28,73,2,3,1,6,96,2,1,1,2,2.0,0,-1,0,0,3.0,1.0,0,70,4.0
22,92,3,3,0,8,65,2,1,0,2,3.0,1,1,2,0,1.0,2.0,1,71,2.4444444444444446
17,68,1,3,1,6,87,3,1,0,1,2.0,1,1,4,1,2.0,1.0,1,64,2.4285714285714284
14,82,2,3,0,6,94,1,1,7,2,3.0,1,-1,4,0,3.0,1.0,1,71,2.0
18,67,3,2,1,7,62,3,1,1,1,1.0,1,1,2,0,1.0,3.0,1,63,2.25
14,74,3,3,1,6,96,1,1,2,1,3.0,0,0,4,0,2.0,1.0,1,68,2.0
20,97,2,2,0,7,81,2,1,3,2,3.0,0,0,3,1,2.0,1.0,1,71,2.5
17,66,2,2,1,8,83,2,1,4,2,3.0,1,-1,5,0,1.0,2.0,1,65,1.8888888888888888
11,85,3,2,1,7,96,2,0,1,1,2.0,0,0,3,0,1.0,1.0,1,66,1.375
28,84,3,3,1,9,76,3,1,0,3,2.0,1,-1,3,0,1.0,1.0,1,72,2.8
17,65,3,3,1,8,72,1,1,1,1,2.0,0,1,4,0,2.0,2.0,1,65,1.8888888888888888
12,73,1,2,0,7,82,2,0,1,1,2.0,0,1,3,0,1.0,3.0,1,60,1.5
19,83,1,2,0,7,78,3,0,2,1,3.0,0,1,4,0,3.0,2.0,1,67,2.375
20,67,2,3,0,10,53,3,1,1,1,2.0,1,1,2,0,3.0,1.0,1,65,1.8181818181818181
10,92,3,1,1,6,59,3,1,0,1,2.0,0,-1,2,0,1.0,2.0,0,64,1.4285714285714286
22,99,3,3,1,7,51,2,1,2,3,3.0,0,-1,4,1,1.0,2.0,1,72,2.75
14,69,3,2,0,6,55,2,1,3,1,1.0,1,1,2,0,1.0,2.0,1,62,2.0
30,67,2,2,1,8,86,2,1,0,1,2.0,0,0,4,0,1.0,2.0,0,67,3.3333333333333335
23,78,2,2,1,10,50,2,1,1,2,2.0,1,1,3,1,3.0,1.0,0,67,2.090909090909091
18,90,2,2,0,7,65,1,1,4,2,2.0,0,1,3,0,2.0,1.0,0,69,2.25
16,71,3,3,1,7,72,1,1,1,2,1.0,1,0,4,0,2.0,2.0,0,65,2.0
19,61,2,3,0,7,97,1,1,0,2,3.0,0,-1,3,1,2.0,3.0,1,62,2.375
24,82,3,2,1,5,66,2,1,0,2,2.0,1,0,3,0,3.0,1.0,1,69,4.0
20,98,2,3,0,7,89,2,1,1,3,2.0,0,1,3,0,2.0,3.0,0,72,2.5
19,76,1,3,1,10,70,1,1,1,1,2.0,0,-1,3,0,2.0,3.0,0,63,1.7272727272727273
20,77,3,2,0,8,55,1,1,1,2,2.0,0,-1,3,0,2.0,3.0,0,64,2.2222222222222223
16,99,1,2,1,9,55,2,1,1,3,2.0,0,0,3,1,2.0,3.0,0,67,1.6
18,88,2,2,0,9,72,3,1,2,3,3.0,0,0,4,0,3.0,2.0,1,70,1.8
7,89,3,1,1,6,53,2,1,3,1,3.0,1,0,2,0,1.0,2.0,1,64,1.0
26,83,2,2,0,10,79,2,1,1,3,2.0,0,0,2,0,1.0,2.0,0,69,2.3636363636363638
22,99,3,3,0,4,75,1,1,2,2,2.0,1,-1,4,0,1.0,1.0,0,72,4.4
15,88,2,2,1,7,85,2,1,4,2,2.0,1,-1,2,0,3.0,1.0,0,69,1.875
31,96,3,2,1,4,59,2,1,3,1,2.0,1,0,5,0,1.0,1.0,0,75,6.2
21,88,1,2,0,4,80,1,1,1,2,2.0,0,1,2,1,3.0,1.0,1,67,4.2
14,89,2,2,1,8,59,3,1,1,1,2.0,1,0,3,0,2.0,1.0,1,67,1.5555555555555556
25,72,2,2,0,6,86,3,1,0,2,2.0,0,0,2,0,1.0,3.0,0,66,3.5714285714285716
22,72,2,1,1,9,65,3,1,0,2,2.0,0,0,3,0,1.0,2.0,1,64,2.2
22,91,2,1,0,4,81,2,1,2,1,3.0,1,-1,3,0,1.0,1.0,1,68,4.4
17,72,3,2,1,7,94,3,1,1,1,2.0,0,0,5,0,1.0,2.0,1,66,2.125
23,83,3,2,0,5,74,2,1,3,1,2.0,0,-1,2,0,3.0,1.0,1,69,3.8333333333333335
18,70,3,1,1,7,60,2,1,1,2,3.0,0,1,3,0,2.0,1.0,1,65,2.25
23,93,2,1,1,9,94,3,1,2,2,1.0,1,-1,3,0,1.0,2.0,0,70,2.3
9,64,2,1,1,10,68,1,1,0,2,2.0,1,-1,3,0,1.0,1.0,1,57,0.8181818181818182
17,93,2,2,0,8,87,1,1,2,3,3.0,1,-1,3,0,2.0,2.0,1,69,1.8888888888888888
30,84,3,1,1,5,66,1,1,0,2,1.0,0,1,2,0,3.0,1.0,0,70,5.0
15,67,1,2,1,5,65,2,1,4,2,2.0,1,-1,2,0,2.0,1.0,1,63,2.5
16,82,2,2,0,7,82,2,1,1,2,1.0,0,0,3,0,3.0,2.0,0,66,2.0
17,71,2,2,1,6,58,2,1,3,2,2.0,1,1,3,1,1.0,1.0,1,64,2.4285714285714284
13,73,2,3,0,8,93,2,1,0,3,3.0,0,0,3,0,3.0,1.0,0,65,1.4444444444444444
7,74,3,2,0,10,69,3,1,1,3,2.0,0,1,4,0,1.0,1.0,1,64,0.6363636363636364
19,63,2,1,1,6,51,3,1,2,2,2.0,0,0,4,0,1.0,1.0,1,62,2.7142857142857144
21,99,3,2,1,6,65,1,1,1,2,2.0,1,1,2,0,2.0,3.0,0,71,3.0
20,61,2,3,0,5,89,2,1,1,2,2.0,0,0,2,0,3.0,3.0,0,64,3.3333333333333335
19,86,3,3,1,7,93,3,1,1,2,3.0,0,0,2,0,1.0,1.0,1,72,2.375
20,75,2,2,0,7,78,2,1,0,1,2.0,0,-1,2,0,2.0,1.0,0,64,2.5
26,86,2,1,1,7,65,2,1,2,3,3.0,1,0,4,0,3.0,2.0,1,71,3.25
19,74,2,2,1,8,76,3,1,5,2,3.0,0,0,4,1,2.0,1.0,0,68,2.111111111111111
17,87,2,2,1,8,92,2,0,3,3,1.0,0,-1,2,0,2.0,1.0,1,68,1.8888888888888888
18,89,2,2,0,7,66,2,1,2,2,2.0,0,1,3,0,2.0,2.0,1,68,2.25
23,88,2,2,0,7,69,2,1,3,1,3.0,0,-1,3,0,1.0,1.0,1,69,2.875
28,65,1,2,1,7,77,3,1,1,1,3.0,0,1,3,0,2.0,1.0,1,67,3.5
16,86,2,1,0,7,94,1,1,0,1,2.0,1,1,4,0,1.0,1.0,1,66,2.0
21,71,2,2,1,6,79,2,1,1,1,2.0,1,0,4,0,3.0,3.0,1,65,3.0
22,61,2,3,0,5,60,3,1,0,3,1.0,1,0,2,0,1.0,2.0,1,63,3.6666666666666665
14,77,3,1,0,7,54,2,1,1,2,3.0,0,-1,2,0,1.0,2.0,1,62,1.75
20,77,3,3,0,6,55,2,1,1,3,1.0,1,0,1,0,2.0,1.0,1,67,2.857142857142857
11,79,2,2,1,8,98,2,1,2,1,2.0,0,0,4,0,1.0,1.0,0,65,1.2222222222222223
9,88,2,2,1,7,91,2,1,1,1,2.0,0,-1,3,0,2.0,1.0,0,66,1.125
22,72,1,3,0,7,88,2,0,2,2,2.0,0,1,4,0,1.0,1.0,0,66,2.75
18,73,2,2,1,8,75,2,1,0,3,2.0,0,0,1,1,2.0,1.0,0,64,2.0
21,62,3,2,1,5,84,2,1,5,1,2.0,0,1,4,0,1.0,1.0,0,67,3.5
20,87,2,2,0,10,56,2,1,2,2,2.0,0,0,2,0,2.0,2.0,0,67,1.8181818181818181
14,83,1,1,0,4,81,1,1,1,1,2.0,0,-1,4,1,1.0,2.0,1,61,2.8
20,74,2,2,1,9,91,2,1,1,1,2.0,0,0,5,0,1.0,1.0,1,66,2.0
13,88,3,2,1,7,53,2,1,2,2,2.0,1,-1,4,0,2.0,2.0,1,66,1.625
28,81,2,1,1,6,65,2,1,1,1,2.0,0,1,2,0,1.0,2.0,1,67,4.0
12,79,3,2,0,5,56,3,1,1,1,1.0,0,1,5,0,1.0,1.0,0,64,2.0
19,80,3,1,0,6,63,1,1,1,1,2.0,0,0,3,0,1.0,1.0,1,64,2.7142857142857144
14,85,1,2,0,7,89,2,1,2,2,3.0,0,1,2,0,2.0,2.0,1,67,1.75
23,86,1,3,0,7,67,1,1,2,2,3.0,1,0,3,1,2.0,1.0,0,68,2.875
18,72,2,1,0,9,84,2,1,2,2,2.0,0,0,4,0,1.0,1.0,1,64,1.8
17,66,2,2,1,7,89,2,1,0,2,2.0,1,-1,3,0,2.0,1.0,1,63,2.125
25,66,2,3,1,7,91,2,1,2,1,3.0,0,0,3,0,2.0,1.0,1,68,3.125
20,86,1,1,0,8,94,1,1,2,1,2.0,1,-1,2,0,1.0,3.0,0,64,2.2222222222222223
23,95,1,2,1,7,80,3,1,2,1,2.0,0,0,4,0,1.0,2.0,0,70,2.875
14,76,1,2,0,7,64,2,1,3,2,2.0,1,1,3,0,2.0,1.0,1,64,1.75
12,67,3,2,0,7,58,2,1,0,3,2.0,0,0,2,1,1.0,3.0,1,59,1.5
21,90,3,2,1,8,75,2,1,4,1,3.0,0,0,2,0,1.0,2.0,1,71,2.3333333333333335
18,93,1,2,1,6,55,2,1,3,1,2.0,0,-1,5,0,1.0,2.0,1,67,2.5714285714285716
24,95,2,1,1,6,96,3,1,3,1,2.0,1,0,3,0,3.0,1.0,0,73,3.4285714285714284
20,84,1,1,0,8,72,2,1,3,3,2.0,0,0,3,0,1.0,1.0,1,66,2.2222222222222223
21,94,3,3,0,5,94,2,1,2,1,3.0,1,0,2,0,2.0,1.0,1,73,3.5
10,61,3,2,1,7,85,3,1,1,2,2.0,0,0,4,0,1.0,1.0,0,62,1.25
31,64,2,3,0,6,93,2,1,1,1,3.0,0,0,3,0,1.0,1.0,0,69,4.428571428571429
19,64,2,3,0,8,94,2,1,3,2,3.0,1,0,3,1,3.0,1.0,0,66,2.111111111111111
24,89,2,1,1,9,53,2,1,1,1,3.0,1,0,3,0,1.0,1.0,1,68,2.4
15,63,2,2,1,6,86,1,1,4,3,2.0,0,1,5,0,1.0,1.0,1,65,2.142857142857143
22,80,2,2,1,8,61,3,1,1,1,2.0,0,1,2,0,2.0,2.0,1,67,2.4444444444444446
12,79,2,2,1,7,99,1,1,2,2,2.0,0,-1,2,1,1.0,1.0,0,64,1.5
23,72,3,3,1,6,89,2,0,0,2,3.0,1,-1,3,0,1.0,2.0,1,67,3.2857142857142856
18,95,1,1,1,7,50,1,1,3,2,2.0,1,0,3,0,1.0,2.0,0,66,2.25
20,67,3,2,0,9,96,3,1,1,3,3.0,0,1,3,0,1.0,1.0,0,68,2.0
24,74,2,2,1,7,65,1,1,3,2,3.0,0,0,2,0,2.0,1.0,1,68,3.0
13,91,2,1,1,9,71,1,1,1,1,2.0,0,1,2,0,2.0,3.0,1,64,1.3
16,61,3,2,1,7,81,1,1,2,2,2.0,0,0,1,0,1.0,1.0,0,63,2.0
23,87,3,2,0,5,96,2,1,2,2,2.0,0,1,3,0,2.0,2.0,0,72,3.8333333333333335
33,93,3,2,0,7,96,2,1,1,1,3.0,0,1,1,0,3.0,2.0,0,75,4.125
19,97,3,2,0,5,78,1,1,2,1,2.0,0,1,3,0,1.0,1.0,1,71,3.1666666666666665
24,95,3,2,0,7,66,1,1,2,3,3.0,0,-1,3,0,1.0,1.0,1,71,3.0
19,73,2,2,1,6,64,1,1,4,2,2.0,0,1,5,1,2.0,1.0,0,66,2.7142857142857144
32,83,3,2,1,10,68,2,0,3,1,2.0,1,1,4,0,1.0,2.0,0,71,2.909090909090909
10,63,3,2,0,9,59,1,1,0,2,3.0,0,1,5,0,3.0,2.0,1,61,1.0
21,70,2,2,1,7,83,2,1,1,2,2.0,0,0,3,0,1.0,3.0,1,65,2.625
10,64,2,1,0,9,76,1,1,1,1,2.0,1,1,1,0,1.0,1.0,0,58,1.0
5,73,3,1,1,6,89,3,1,1,2,2.0,0,0,2,0,1.0,1.0,1,62,0.7142857142857143
22,95,3,1,0,5,55,2,1,2,3,3.0,0,0,0,1,2.0,1.0,0,69,3.6666666666666665
21,74,2,1,1,8,70,2,1,1,2,2.0,0,0,3,0,3.0,3.0,1,65,2.3333333333333335
18,82,3,2,1,8,62,3,1,3,1,2.0,1,0,4,0,1.0,1.0,0,69,2.0
19,77,3,2,1,6,77,3,1,1,1,3.0,1,0,3,0,2.0,1.0,0,68,2.7142857142857144
39,78,2,2,0,6,73,2,1,0,1,2.0,0,1,2,0,2.0,3.0,1,70,5.571428571428571
18,99,3,2,1,8,72,2,1,4,1,2.0,0,0,4,0,1.0,1.0,0,72,2.0
23,72,1,2,1,4,66,1,0,3,1,2.0,1,1,4,0,3.0,1.0,0,66,4.6
16,85,1,3,1,8,86,1,1,2,3,2.0,1,0,4,0,1.0,1.0,0,68,1.7777777777777777
22,77,2,2,1,7,74,3,1,2,1,1.0,1,-1,4,0,2.0,1.0,1,67,2.75
19,62,3,1,1,8,60,2,1,1,1,2.0,0,1,2,0,2.0,3.0,0,61,2.111111111111111
18,80,1,1,1,8,77,2,1,1,1,3.0,0,-1,2,0,2.0,1.0,0,64,2.0
31,93,3,2,0,6,80,2,1,3,2,2.0,0,0,2,0,1.0,1.0,1,74,4.428571428571429
27,64,2,2,0,5,51,3,1,1,1,3.0,0,-1,3,0,1.0,1.0,0,64,4.5
21,63,3,1,1,9,60,2,1,2,2,2.0,0,-1,2,0,3.0,1.0,1,64,2.1
6,66,3,2,1,7,62,1,1,2,1,2.0,0,0,4,0,3.0,1.0,1,61,0.75
18,91,3,3,1,7,62,2,1,3,1,2.0,1,1,3,0,1.0,1.0,1,71,2.25
36,89,3,1,1,8,62,1,1,2,1,3.0,1,-1,3,0,2.0,2.0,1,72,4.0
19,83,3,3,0,6,64,2,1,0,2,2.0,1,-1,5,0,3.0,1.0,0,68,2.7142857142857144
27,79,1,3,1,8,63,3,1,2,1,2.0,0,-1,5,0,2.0,2.0,0,69,3.0
29,96,2,3,0,8,94,3,0,2,1,3.0,0,-1,4,0,1.0,1.0,1,74,3.2222222222222223
21,91,2,3,1,9,66,1,1,3,1,2.0,0,0,4,0,2.0,2.0,0,70,2.1
15,92,3,1,1,9,67,1,1,1,3,3.0,0,1,2,0,3.0,1.0,1,69,1.5
5,93,1,1,0,7,63,2,1,2,2,3.0,0,0,3,0,3.0,1.0,1,64,0.625
24,86,1,1,1,8,98,2,1,2,3,2.0,0,1,5,0,3.0,3.0,1,71,2.6666666666666665
15,78,3,1,1,7,77,1,1,0,3,2.0,0,0,3,0,2.0,1.0,1,65,1.875
21,95,3,2,1,7,81,2,1,0,2,2.0,0,0,3,0,1.0,1.0,1,71,2.625
13,97,3,3,1,5,87,1,1,1,2,3.0,0,0,2,0,3.0,1.0,0,71,2.1666666666666665
18,61,1,2,1,7,67,2,1,5,3,3.0,0,1,2,0,3.0,1.0,1,66,2.25
20,62,2,2,0,4,98,3,1,1,3,1.0,0,-1,4,0,1.0,1.0,1,64,4.0
22,98,2,2,0,7,58,2,1,0,2,2.0,1,0,3,0,1.0,1.0,1,70,2.75
13,71,1,1,0,9,73,1,1,1,3,3.0,1,0,3,0,1.0,2.0,1,61,1.3
27,95,2,2,1,8,57,3,1,1,2,1.0,1,1,3,0,1.0,2.0,0,71,3.0
16,76,2,2,0,7,90,2,1,0,1,2.0,0,0,3,0,3.0,2.0,1,65,2.0
10,65,1,3,0,7,55,2,1,0,1,3.0,0,0,3,0,1.0,1.0,0,59,1.25
19,63,2,2,1,6,78,1,1,3,2,2.0,0,0,2,1,2.0,1.0,1,63,2.7142857142857144
20,66,2,2,1,6,55,1,1,1,3,3.0,0,-1,3,0,3.0,2.0,0,64,2.857142857142857
21,70,1,1,0,8,73,1,1,0,3,2.0,0,0,4,0,2.0,1.0,1,63,2.3333333333333335
28,80,3,3,0,5,64,2,1,1,1,2.0,1,0,2,0,3.0,2.0,0,70,4.666666666666667
19,88,3,2,1,5,95,2,1,1,2,3.0,0,0,3,0,1.0,1.0,1,70,3.1666666666666665
19,99,3,3,1,8,53,2,1,1,2,2.0,1,0,4,0,2.0,1.0,1,72,2.111111111111111
13,78,2,3,0,7,82,3,1,0,1,3.0,0,0,2,0,2.0,2.0,0,65,1.625
25,81,3,2,1,7,85,3,1,3,2,2.0,0,-1,1,0,3.0,2.0,0,71,3.125
21,81,3,2,1,7,94,2,1,3,2,2.0,0,0,1,0,3.0,2.0,1,70,2.625
17,82,2,1,0,10,94,2,1,1,3,3.0,1,0,3,0,1.0,2.0,0,66,1.5454545454545454
9,81,2,2,1,7,99,2,1,2,1,2.0,0,0,3,0,1.0,2.0,0,64,1.125
29,60,1,3,0,7,63,2,1,0,1,2.0,0,-1,4,0,3.0,1.0,1,64,3.625
13,60,3,1,0,10,64,1,1,1,2,2.0,0,0,4,0,2.0,3.0,1,59,1.1818181818181819
16,64,2,3,1,7,70,2,1,5,1,1.0,0,1,4,0,1.0,2.0,1,65,2.0
22,64,3,2,1,10,77,2,1,1,1,3.0,0,1,3,0,1.0,2.0,1,66,2.0
13,88,2,2,1,4,68,3,1,1,3,2.0,0,1,2,0,1.0,1.0,0,67,2.6
11,68,3,2,1,5,87,2,1,1,1,2.0,0,1,4,1,1.0,3.0,1,62,1.8333333333333333
7,96,3,1,0,6,50,2,1,1,3,2.0,1,-1,3,0,2.0,1.0,1,65,1.0
24,97,3,2,1,8,51,2,1,3,1,2.0,0,0,2,0,3.0,1.0,0,73,2.6666666666666665
17,99,2,2,0,10,86,1,1,1,2,2.0,1,1,2,0,2.0,1.0,1,70,1.5454545454545454
38,98,1,2,0,6,94,2,1,2,1,1.0,0,-1,4,0,3.0,1.0,0,75,5.428571428571429
14,71,3,3,1,8,89,2,1,0,2,2.0,0,0,3,0,3.0,1.0,0,66,1.5555555555555556
14,80,3,2,0,10,56,1,1,1,1,2.0,0,1,3,0,3.0,2.0,0,65,1.2727272727272727
17,67,2,2,0,9,97,2,1,1,2,1.0,0,0,3,0,3.0,2.0,0,64,1.7
21,92,3,1,0,6,76,1,1,2,1,2.0,0,1,5,0,2.0,1.0,1,70,3.0
17,96,2,3,1,8,87,2,1,0,2,2.0,1,1,5,0,1.0,2.0,1,71,1.8888888888888888
24,94,1,2,0,8,60,1,1,0,2,2.0,0,0,3,0,1.0,1.0,1,68,2.6666666666666665
14,77,2,2,1,6,77,1,1,1,1,3.0,1,0,2,0,2.0,1.0,1,64,2.0
12,90,3,3,0,8,67,1,1,2,1,1.0,0,0,3,0,1.0,1.0,0,67,1.3333333333333333
9,64,2,3,1,6,99,2,1,6,1,3.0,0,1,6,1,1.0,2.0,1,65,1.2857142857142858
7,62,3,2,1,7,74,2,1,3,2,2.0,0,0,3,0,3.0,1.0,0,62,0.875
17,90,1,3,1,5,88,1,1,1,2,2.0,0,-1,1,0,2.0,1.0,0,68,2.8333333333333335
18,77,3,2,1,4,80,2,1,1,2,1.0,1,-1,2,0,2.0,1.0,1,66,3.6
16,100,3,3,1,7,55,3,1,1,1,2.0,0,-1,2,1,2.0,2.0,1,69,2.0
27,64,2,2,1,7,77,3,1,3,3,2.0,0,0,4,0,1.0,2.0,1,68,3.375
27,94,2,1,0,5,77,2,1,0,2,3.0,0,1,2,0,2.0,1.0,0,71,4.5
18,79,2,3,1,8,86,2,1,3,1,1.0,0,0,4,0,2.0,1.0,0,68,2.0
9,93,3,1,1,7,66,2,1,0,1,1.0,1,0,2,0,2.0,2.0,1,64,1.125
17,93,1,2,0,8,93,1,1,0,1,2.0,0,-1,3,0,2.0,2.0,1,66,1.8888888888888888
16,97,2,1,1,8,81,3,1,0,3,3.0,1,1,2,0,1.0,1.0,1,70,1.7777777777777777
16,72,1,2,0,9,52,2,1,1,2,3.0,0,-1,1,1,2.0,2.0,0,60,1.6
16,98,2,2,1,8,85,1,1,0,1,3.0,0,1,2,0,2.0,3.0,1,69,1.7777777777777777
16,66,2,2,1,7,95,1,1,1,2,2.0,0,1,4,0,2.0,1.0,1,65,2.0
18,63,3,3,1,7,84,2,1,1,2,3.0,0,0,2,0,1.0,1.0,0,66,2.25
16,77,2,1,0,10,69,2,1,1,2,2.0,1,0,3,0,1.0,1.0,0,64,1.4545454545454546
21,93,2,3,0,8,80,2,1,0,3,3.0,0,1,1,0,2.0,2.0,0,71,2.3333333333333335
22,79,3,1,0,7,59,2,1,0,2,2.0,0,1,3,0,2.0,1.0,1,66,2.75
15,93,2,1,1,7,80,1,1,0,1,2.0,0,1,3,0,1.0,1.0,0,66,1.875
28,89,2,2,0,6,75,2,1,1,1,1.0,1,-1,3,0,1.0,2.0,1,68,4.0
14,68,3,3,0,5,51,3,1,1,3,2.0,0,0,5,1,1.0,2.0,1,63,2.3333333333333335
10,98,2,1,1,10,66,1,1,1,1,3.0,0,-1,2,0,2.0,1.0,0,66,0.9090909090909091
22,62,1,2,0,8,60,1,0,0,2,3.0,0,1,2,0,2.0,1.0,1,61,2.4444444444444446
15,96,2,1,0,5,70,3,1,4,1,3.0,1,1,3,0,2.0,1.0,1,70,2.5
22,72,2,3,1,7,62,1,1,5,3,2.0,1,0,2,0,2.0,2.0,0,68,2.75
6,80,2,2,1,9,92,1,1,5,1,2.0,0,0,2,0,3.0,2.0,1,65,0.6
28,77,3,2,0,6,85,3,1,0,1,2.0,0,-1,1,0,3.0,1.0,0,69,4.0
24,67,2,3,1,6,87,1,1,0,2,2.0,0,1,4,0,2.0,1.0,1,67,3.4285714285714284
11,74,3,2,0,8,68,1,1,0,2,2.0,0,1,3,0,1.0,2.0,1,62,1.2222222222222223
11,68,1,3,1,8,50,1,1,2,1,3.0,1,1,4,0,1.0,1.0,0,61,1.2222222222222223
30,68,3,3,1,6,61,3,1,1,2,2.0,0,1,3,0,3.0,1.0,0,70,4.285714285714286
16,67,3,2,1,6,88,2,1,0,3,1.0,0,0,3,0,2.0,1.0,1,65,2.2857142857142856
15,80,3,2,0,8,80,2,1,1,1,2.0,0,0,4,0,1.0,2.0,0,65,1.6666666666666667
6,92,2,2,1,5,77,2,1,1,1,3.0,0,1,4,0,1.0,1.0,1,66,1.0
18,83,2,3,1,6,64,1,0,1,2,3.0,1,-1,3,0,1.0,1.0,0,66,2.5714285714285716
19,96,2,2,1,7,54,3,1,1,1,2.0,0,0,3,0,2.0,1.0,1,69,2.375
24,85,3,3,0,8,89,2,1,1,1,2.0,0,0,3,0,1.0,2.0,0,70,2.6666666666666665
12,88,3,2,0,6,52,1,0,1,2,3.0,0,-1,1,0,1.0,1.0,1,63,1.7142857142857142
11,87,1,2,0,8,53,3,1,1,2,2.0,0,1,3,0,1.0,1.0,0,64,1.2222222222222223
23,78,3,1,0,9,65,3,1,1,1,3.0,0,0,2,1,2.0,3.0,0,65,2.3
26,88,3,2,1,6,79,2,1,1,1,3.0,0,0,4,0,1.0,3.0,1,71,3.7142857142857144
11,63,2,2,1,10,100,3,1,0,2,2.0,0,0,3,0,1.0,3.0,0,61,1.0
26,94,1,1,1,9,55,1,1,2,3,2.0,0,0,3,0,1.0,1.0,1,69,2.6
20,91,3,2,0,7,74,2,1,1,2,2.0,0,0,4,0,1.0,2.0,1,69,2.5
27,70,2,2,0,7,80,1,1,1,1,2.0,0,0,3,0,1.0,1.0,0,66,3.375
20,91,3,2,0,6,91,2,1,3,3,3.0,0,0,2,0,1.0,1.0,1,72,2.857142857142857
5,61,3,2,0,9,84,3,1,1,2,2.0,0,0,3,0,2.0,1.0,1,60,0.5
19,69,1,1,0,7,90,2,1,0,1,2.0,0,0,1,0,2.0,1.0,1,62,2.375
26,63,2,2,1,5,76,2,1,3,2,3.0,0,0,5,1,1.0,1.0,0,66,4.333333333333333
15,91,2,3,1,4,72,1,1,1,3,3.0,1,0,2,0,1.0,1.0,1,69,3.0
18,90,3,2,0,7,81,2,1,2,2,1.0,0,-1,3,0,3.0,2.0,1,69,2.25
19,93,2,3,0,7,95,1,1,3,2,2.0,1,-1,3,0,1.0,1.0,0,71,2.375
3,60,2,1,1,6,78,1,1,1,1,2.0,0,1,1,0,3.0,1.0,0,57,0.42857142857142855
30,80,3,3,0,5,80,2,1,0,1,2.0,1,1,4,0,3.0,1.0,0,72,5.0
15,88,1,2,1,4,67,2,1,1,2,3.0,1,1,4,0,1.0,3.0,0,66,3.0
23,66,2,2,1,6,80,2,1,1,2,2.0,0,1,3,0,2.0,1.0,0,66,3.2857142857142856
19,86,2,2,0,6,81,2,1,3,2,3.0,0,0,3,0,2.0,1.0,1,70,2.7142857142857144
28,63,2,2,0,8,88,2,1,2,1,3.0,0,1,2,0,1.0,1.0,1,67,3.111111111111111
22,67,2,2,1,7,79,2,1,1,2,1.0,1,0,3,0,2.0,2.0,0,65,2.75
19,79,2,2,1,9,60,1,1,1,1,2.0,0,0,3,1,1.0,1.0,0,63,1.9
15,86,3,1,0,8,79,2,1,3,1,2.0,0,1,3,0,2.0,1.0,0,68,1.6666666666666667
25,66,1,2,1,8,65,2,1,0,2,2.0,0,1,3,1,1.0,1.0,1,63,2.7777777777777777
9,67,2,3,1,8,54,2,1,3,2,3.0,1,1,5,0,2.0,2.0,1,63,1.0
24,68,2,2,1,5,91,3,1,1,3,2.0,0,-1,4,0,2.0,1.0,0,68,4.0
13,70,2,2,1,6,53,2,1,2,1,2.0,0,-1,0,1,2.0,2.0,0,60,1.8571428571428572
28,69,2,2,0,10,82,3,1,0,2,2.0,1,0,2,0,1.0,1.0,0,67,2.5454545454545454
21,76,1,1,1,4,99,3,1,0,1,1.0,0,1,3,0,2.0,3.0,1,65,4.2
24,86,3,1,1,7,54,2,1,0,1,3.0,0,0,2,0,2.0,1.0,1,68,3.0
20,78,2,1,0,8,61,2,1,0,2,2.0,0,0,2,1,1.0,2.0,0,62,2.2222222222222223
9,91,2,1,0,4,88,1,1,2,2,2.0,0,0,4,1,3.0,1.0,0,65,1.8
15,89,2,2,1,6,55,3,1,1,1,2.0,1,1,3,0,1.0,1.0,1,66,2.142857142857143
24,65,2,2,1,10,92,1,1,3,2,3.0,0,0,4,0,1.0,1.0,1,67,2.1818181818181817
21,62,1,3,1,7,50,1,0,1,3,2.0,0,-1,2,0,1.0,2.0,0,60,2.625
27,95,1,3,1,6,94,3,1,2,2,2.0,0,0,4,0,3.0,3.0,0,74,3.857142857142857
22,63,1,1,1,7,53,2,1,1,3,2.0,0,0,4,0,1.0,1.0,1,62,2.75
14,66,1,2,1,6,96,1,1,0,3,2.0,0,-1,3,0,2.0,2.0,1,61,2.0
15,61,2,2,0,10,93,3,1,0,2,3.0,0,0,4,0,1.0,1.0,1,63,1.3636363636363635
21,85,2,1,0,6,77,2,1,2,1,2.0,0,0,3,0,2.0,3.0,1,66,3.0
6,83,2,2,0,6,89,2,1,1,1,2.0,0,1,4,0,3.0,1.0,0,65,0.8571428571428571
30,99,1,2,0,5,54,2,1,0,2,2.0,1,1,3,0,3.0,1.0,1,72,5.0
23,95,3,2,0,7,57,2,1,1,1,2.0,1,0,2,0,1.0,1.0,0,70,2.875
27,76,3,3,1,7,68,2,1,1,2,2.0,0,0,3,0,3.0,2.0,0,71,3.375
11,75,3,3,1,9,77,2,0,1,3,3.0,1,0,2,1,2.0,2.0,1,64,1.1
27,72,2,3,0,5,93,1,1,1,3,2.0,0,1,2,0,2.0,1.0,1,70,4.5
33,66,2,2,0,8,77,2,1,2,2,1.0,0,0,3,0,1.0,1.0,1,68,3.6666666666666665
12,66,1,3,1,7,83,2,0,1,2,2.0,0,0,3,0,1.0,1.0,1,61,1.5
25,65,3,2,1,4,84,3,1,1,3,2.0,0,1,2,0,1.0,1.0,1,68,5.0
20,65,1,2,0,6,94,2,1,1,1,3.0,0,1,2,0,3.0,1.0,0,64,2.857142857142857
11,70,2,3,1,6,89,1,1,2,2,2.0,0,1,4,0,1.0,1.0,0,64,1.5714285714285714
23,72,2,3,1,10,99,2,1,2,2,3.0,1,0,4,0,3.0,1.0,0,71,2.090909090909091
25,98,2,3,1,8,51,2,1,0,2,2.0,1,1,2,0,2.0,2.0,0,72,2.7777777777777777
16,83,2,2,1,7,60,2,1,0,3,2.0,0,1,1,0,2.0,2.0,0,66,2.0
27,100,1,2,1,4,97,1,1,4,1,3.0,0,1,3,0,1.0,1.0,0,74,5.4
10,75,2,2,1,4,90,2,1,3,2,3.0,0,1,3,1,3.0,2.0,1,65,2.0
11,78,3,3,0,8,63,1,1,1,1,2.0,0,0,3,0,1.0,1.0,0,64,1.2222222222222223
21,73,3,2,1,8,99,2,1,1,2,3.0,0,1,4,0,2.0,2.0,1,69,2.3333333333333335
20,67,2,2,0,6,93,1,0,1,1,2.0,0,-1,3,1,2.0,1.0,1,62,2.857142857142857
16,66,2,2,1,7,53,3,1,2,2,2.0,0,-1,2,0,3.0,2.0,1,62,2.0
25,98,1,1,1,7,91,2,1,2,1,1.0,0,1,3,0,3.0,1.0,0,72,3.125
23,99,2,3,0,7,89,3,1,1,2,2.0,0,0,3,0,1.0,1.0,0,73,2.875
25,62,2,1,0,6,61,3,1,1,2,2.0,0,1,4,0,3.0,2.0,0,64,3.5714285714285716
19,66,2,2,0,8,83,2,1,2,2,3.0,0,0,3,0,1.0,1.0,0,65,2.111111111111111
24,77,3,3,1,9,99,2,1,1,1,2.0,0,1,1,0,1.0,1.0,1,70,2.4
17,67,2,2,1,6,84,3,1,1,3,3.0,0,0,3,0,3.0,2.0,0,66,2.4285714285714284
32,75,1,3,0,5,91,1,1,1,3,2.0,0,1,2,0,2.0,2.0,0,70,5.333333333333333
15,65,2,3,1,6,55,1,1,2,2,2.0,1,1,3,0,1.0,1.0,0,63,2.142857142857143
33,78,1,1,0,7,86,2,1,1,1,3.0,0,1,4,0,1.0,1.0,1,69,4.125
20,71,3,2,1,8,60,1,1,0,2,2.0,0,0,2,0,1.0,1.0,1,64,2.2222222222222223
12,74,1,2,0,8,54,2,1,2,2,2.0,1,1,5,0,3.0,2.0,0,63,1.3333333333333333
28,64,2,2,0,8,78,1,1,2,2,2.0,1,-1,3,0,3.0,1.0,1,66,3.111111111111111
21,77,2,2,1,8,88,1,1,2,3,2.0,1,1,1,0,2.0,2.0,0,68,2.3333333333333335
25,99,2,2,1,7,77,2,1,0,3,3.0,0,0,3,0,1.0,1.0,1,97,3.125
27,73,1,1,0,9,97,2,1,2,2,3.0,0,0,1,0,1.0,1.0,0,67,2.7
22,95,2,2,0,7,85,2,1,0,2,2.0,1,1,4,0,2.0,1.0,1,71,2.75
16,94,1,1,1,8,56,1,1,2,1,3.0,0,1,2,0,2.0,1.0,0,66,1.7777777777777777
26,98,2,1,1,7,97,2,1,2,1,2.0,0,0,2,1,3.0,2.0,1,72,3.25
20,92,3,2,1,7,58,1,1,2,1,1.0,0,0,4,0,3.0,1.0,0,70,2.5
24,86,2,2,1,7,88,2,1,1,1,2.0,0,0,3,0,1.0,3.0,1,69,3.0
7,94,2,1,1,9,57,3,1,2,2,2.0,0,-1,3,0,3.0,1.0,0,66,0.7
23,63,3,3,0,7,100,1,1,2,2,3.0,1,1,3,0,3.0,1.0,0,69,2.875
16,79,2,2,1,6,67,1,0,2,2,3.0,1,1,3,0,2.0,1.0,1,65,2.2857142857142856
30,100,3,3,0,6,75,2,1,0,1,2.0,0,0,4,0,2.0,2.0,0,75,4.285714285714286
24,91,1,2,0,8,73,2,1,2,1,3.0,1,1,2,0,3.0,2.0,1,70,2.6666666666666665
21,98,3,1,1,6,55,1,1,1,2,2.0,0,1,3,0,1.0,1.0,1,70,3.0
23,91,2,3,1,7,75,1,1,2,1,3.0,0,-1,2,0,1.0,3.0,1,69,2.875
14,95,3,2,0,7,57,2,1,2,1,1.0,0,0,2,0,2.0,1.0,0,68,1.75
30,88,1,2,1,6,90,3,1,4,3,2.0,1,-1,2,0,2.0,2.0,1,73,4.285714285714286
32,90,2,2,1,5,98,3,1,0,2,3.0,0,0,3,0,2.0,2.0,1,74,5.333333333333333
22,81,1,1,0,5,90,2,1,0,3,2.0,0,1,2,0,2.0,2.0,0,66,3.6666666666666665
30,97,3,2,1,6,72,3,1,1,1,3.0,0,1,2,0,1.0,3.0,0,74,4.285714285714286
17,93,2,1,1,5,50,1,1,3,3,2.0,0,1,2,0,1.0,2.0,1,67,2.8333333333333335
15,94,3,2,1,8,52,1,1,1,2,2.0,1,1,2,0,2.0,3.0,0,67,1.6666666666666667
20,87,2,3,0,10,75,1,1,3,2,2.0,1,0,2,0,2.0,1.0,0,70,1.8181818181818181
23,72,1,3,1,6,84,2,1,1,3,3.0,0,0,2,0,1.0,1.0,1,67,3.2857142857142856
18,61,2,1,1,6,91,3,1,3,2,3.0,0,1,3,0,2.0,2.0,0,80,2.5714285714285716
23,97,2,3,1,6,80,1,1,1,1,1.0,0,-1,2,0,2.0,2.0,1,70,3.2857142857142856
22,83,3,2,0,8,99,1,1,4,3,3.0,0,-1,4,1,1.0,1.0,0,71,2.4444444444444446
14,72,2,1,0,8,75,3,1,4,3,2.0,1,1,2,1,2.0,1.0,1,64,1.5555555555555556
23,66,3,3,1,7,80,2,1,1,2,2.0,0,1,3,0,2.0,2.0,0,68,2.875
25,93,2,2,0,5,62,2,1,0,1,2.0,0,0,3,0,1.0,3.0,1,68,4.166666666666667
21,93,2,2,1,6,67,2,0,1,3,2.0,0,1,3,0,1.0,1.0,0,69,3.0
27,93,3,1,1,7,84,1,1,1,2,2.0,1,0,2,0,3.0,1.0,1,72,3.375
13,86,2,2,0,7,80,2,1,0,1,2.0,1,-1,5,0,2.0,1.0,1,65,1.625
23,75,1,1,1,7,68,2,1,1,3,1.0,1,0,4,1,1.0,1.0,1,64,2.875
13,72,2,3,0,8,56,1,1,1,1,3.0,0,1,4,0,3.0,2.0,0,64,1.4444444444444444
13,60,1,2,0,5,67,3,1,1,1,2.0,0,1,4,1,1.0,3.0,1,58,2.1666666666666665
16,93,3,2,1,7,52,1,1,2,2,3.0,0,0,3,0,1.0,1.0,1,69,2.0
14,63,3,1,0,7,79,2,1,1,1,2.0,0,0,3,0,1.0,1.0,1,61,1.75
17,85,3,3,1,6,66,2,1,0,2,3.0,0,0,2,0,2.0,2.0,0,68,2.4285714285714284
19,80,3,2,1,6,69,1,1,1,1,1.0,1,0,4,1,2.0,1.0,1,66,2.7142857142857144
25,81,2,2,0,8,79,1,1,1,2,2.0,0,0,4,0,2.0,1.0,0,68,2.7777777777777777
18,97,1,3,0,5,79,1,1,2,1,3.0,0,1,3,0,2.0,2.0,1,70,3.0
10,61,3,1,1,10,79,2,1,4,3,3.0,0,1,2,1,2.0,2.0,1,62,0.9090909090909091
27,91,2,2,0,8,75,1,1,2,2,3.0,1,0,3,0,1.0,1.0,1,71,3.0
15,62,2,2,0,7,74,3,1,0,1,3.0,0,-1,3,0,3.0,2.0,0,61,1.875
20,62,3,2,1,7,91,1,1,1,2,1.0,0,-1,3,0,2.0,1.0,1,64,2.5
23,77,2,1,0,8,73,2,1,1,1,1.0,0,1,2,0,2.0,1.0,1,65,2.5555555555555554
21,63,1,2,1,6,77,1,1,3,2,3.0,0,-1,1,0,1.0,1.0,1,63,3.0
27,92,3,2,1,6,99,1,1,4,1,1.0,1,1,3,0,1.0,1.0,0,74,3.857142857142857
23,81,2,3,0,9,59,1,1,2,2,3.0,0,0,2,0,2.0,1.0,1,68,2.3
15,61,3,2,1,6,86,3,1,2,3,3.0,0,0,3,0,1.0,1.0,0,65,2.142857142857143
33,62,2,2,0,7,74,1,1,2,2,2.0,0,0,2,0,2.0,2.0,1,66,4.125
21,85,2,3,1,6,92,2,1,1,2,3.0,0,0,2,1,1.0,2.0,1,69,3.0
19,92,1,2,1,7,70,1,1,2,3,2.0,1,1,2,0,2.0,1.0,1,69,2.375
26,78,3,2,0,8,65,2,1,3,2,2.0,0,1,3,0,2.0,1.0,0,70,2.888888888888889
21,82,2,2,1,10,60,3,1,3,3,3.0,0,1,4,0,1.0,1.0,0,70,1.9090909090909092
22,92,2,2,1,6,94,2,1,1,2,2.0,0,1,3,0,1.0,1.0,1,71,3.142857142857143
35,84,2,2,0,5,86,2,1,1,2,2.0,0,0,3,0,1.0,1.0,0,72,5.833333333333333
18,69,2,1,0,7,54,2,1,1,1,3.0,0,0,4,0,1.0,2.0,1,61,2.25
18,85,2,3,1,6,86,3,0,1,2,2.0,1,0,3,0,1.0,1.0,0,68,2.5714285714285716
21,85,2,1,1,7,52,2,1,3,1,2.0,1,0,3,0,1.0,1.0,1,66,2.625
26,89,2,2,1,8,59,1,1,1,1,3.0,0,0,4,0,1.0,1.0,1,70,2.888888888888889
11,85,2,1,0,10,80,1,0,0,1,3.0,0,1,3,0,2.0,1.0,0,63,1.0
8,99,2,3,1,6,73,2,1,1,2,2.0,0,1,3,0,1.0,3.0,0,68,1.1428571428571428
16,68,1,2,1,4,92,2,0,1,2,2.0,0,-1,4,0,2.0,1.0,1,62,3.2
10,98,2,3,0,7,80,1,1,3,2,2.0,1,0,3,0,2.0,1.0,1,69,1.25
17,82,2,2,1,8,98,2,1,3,2,3.0,0,1,4,0,1.0,2.0,1,69,1.8888888888888888
23,87,2,1,1,6,93,2,1,1,3,3.0,1,1,4,0,3.0,1.0,0,72,3.2857142857142856
15,64,3,2,1,7,67,2,1,2,1,3.0,0,1,3,0,1.0,1.0,1,64,1.875
11,75,1,2,0,7,92,2,0,2,1,3.0,0,1,4,0,2.0,2.0,0,63,1.375
20,91,2,2,1,7,93,3,1,1,1,2.0,0,-1,3,0,3.0,2.0,1,70,2.5
25,88,1,2,1,8,98,1,0,1,1,1.0,1,0,4,0,3.0,1.0,1,69,2.7777777777777777
10,62,3,3,0,7,51,2,1,1,2,3.0,1,1,2,0,1.0,1.0,1,61,1.25
25,82,3,3,0,8,94,1,1,2,1,2.0,0,0,3,0,1.0,2.0,1,70,2.7777777777777777
25,64,2,2,1,4,53,1,1,1,2,2.0,0,0,2,0,2.0,1.0,1,64,5.0
26,100,3,3,1,6,76,3,1,0,2,3.0,0,-1,4,0,3.0,1.0,1,76,3.7142857142857144
27,96,2,2,1,6,71,2,1,2,2,2.0,0,0,2,0,2.0,1.0,0,73,3.857142857142857
33,61,1,1,1,5,96,2,1,2,2,2.0,0,-1,3,0,1.0,1.0,1,67,5.5
18,94,2,2,1,7,70,2,0,2,2,3.0,0,-1,3,0,2.0,1.0,0,69,2.25
21,97,2,2,1,6,80,1,1,2,2,2.0,1,1,4,0,2.0,1.0,1,72,3.0
18,74,2,2,0,6,85,2,1,4,2,2.0,1,-1,3,0,2.0,2.0,0,66,2.5714285714285716
20,89,2,2,1,8,51,2,1,3,2,3.0,0,1,3,0,3.0,1.0,0,70,2.2222222222222223
29,78,2,3,1,7,80,2,1,2,2,2.0,0,1,4,0,3.0,1.0,0,73,3.625
12,86,3,2,1,5,76,1,0,2,3,2.0,0,1,3,0,3.0,1.0,0,68,2.0
15,74,2,3,0,6,80,2,1,2,3,2.0,0,-1,3,0,3.0,2.0,1,66,2.142857142857143
28,73,1,2,1,8,54,2,1,4,2,2.0,1,0,1,0,1.0,1.0,0,67,3.111111111111111
26,77,2,1,0,7,53,3,0,3,2,3.0,1,1,3,0,1.0,1.0,0,67,3.25
18,66,2,3,1,9,59,2,0,0,1,2.0,1,1,3,0,1.0,1.0,1,62,1.8
25,93,1,2,0,8,93,2,1,2,2,2.0,0,1,3,0,2.0,1.0,1,72,2.7777777777777777
22,74,1,3,1,6,68,2,1,0,2,1.0,0,1,4,0,1.0,3.0,1,65,3.142857142857143
29,76,2,1,1,9,72,2,1,1,3,2.0,0,1,3,0,1.0,1.0,1,69,2.9
20,96,2,3,0,9,70,2,1,2,1,1.0,0,1,2,1,1.0,1.0,1,69,2.0
26,80,3,2,1,4,86,2,0,0,1,2.0,0,1,4,0,2.0,2.0,1,69,5.2
36,82,1,1,1,7,63,2,1,0,2,2.0,1,1,3,0,1.0,1.0,1,69,4.5
24,98,1,2,1,6,53,2,1,1,2,1.0,0,0,2,0,1.0,1.0,0,69,3.4285714285714284
20,95,2,3,1,7,69,1,1,0,2,3.0,0,0,3,0,1.0,1.0,1,70,2.5
24,67,3,1,0,6,86,2,1,6,1,2.0,1,1,3,1,3.0,2.0,0,67,3.4285714285714284
18,79,2,3,1,6,96,2,1,3,2,1.0,0,1,3,1,3.0,1.0,1,69,2.5714285714285716
34,99,2,2,1,8,53,2,1,0,2,3.0,0,0,5,0,2.0,1.0,1,75,3.7777777777777777
21,75,1,2,1,5,91,2,1,2,1,1.0,0,0,3,0,1.0,1.0,1,66,3.5
18,75,2,1,1,7,53,2,1,0,3,3.0,0,0,2,0,1.0,1.0,1,63,2.25
15,68,2,2,1,5,67,2,1,3,2,3.0,1,-1,4,0,3.0,2.0,1,64,2.5
27,65,2,2,1,9,51,2,1,2,3,2.0,1,1,2,0,3.0,2.0,0,66,2.7
25,90,2,2,1,7,96,2,1,1,2,2.0,0,1,4,0,2.0,2.0,1,72,3.125
17,91,2,3,0,8,85,3,1,3,2,3.0,0,0,4,0,2.0,2.0,0,71,1.8888888888888888
23,99,1,2,1,7,68,2,1,0,3,3.0,1,1,2,0,1.0,3.0,1,70,2.875
11,91,3,2,0,7,69,2,1,2,1,2.0,1,1,2,0,2.0,1.0,1,67,1.375
21,70,2,1,0,7,82,3,1,0,3,3.0,0,1,3,0,1.0,1.0,0,65,2.625
23,62,3,3,1,9,54,1,1,3,1,2.0,1,0,4,0,1.0,1.0,1,65,2.3
30,99,2,2,1,6,57,2,1,0,1,2.0,0,0,4,0,3.0,1.0,1,73,4.285714285714286
15,74,2,2,1,4,92,1,1,1,2,2.0,1,1,3,0,3.0,1.0,1,66,3.0
12,72,1,2,1,6,60,3,1,0,1,2.0,0,0,4,0,3.0,1.0,1,62,1.7142857142857142
15,96,2,3,0,5,86,2,1,2,3,2.0,1,1,2,0,1.0,1.0,1,71,2.5
12,83,2,3,0,8,61,2,1,3,3,2.0,0,0,5,1,1.0,1.0,1,66,1.3333333333333333
28,69,3,3,1,7,54,1,0,1,1,2.0,0,0,2,0,2.0,3.0,1,65,3.5
29,96,2,3,1,8,95,2,1,0,3,2.0,1,1,2,0,1.0,1.0,0,75,3.2222222222222223
22,100,3,2,0,7,95,2,1,2,1,2.0,0,1,4,0,2.0,1.0,1,74,2.75
27,63,2,1,1,7,80,3,1,1,2,3.0,1,0,3,0,1.0,2.0,1,65,3.375
21,94,2,2,0,7,73,1,1,2,1,2.0,1,1,3,0,3.0,1.0,0,71,2.625
19,76,3,1,1,9,78,1,1,1,1,2.0,0,-1,1,0,3.0,1.0,0,65,1.9
18,81,2,1,1,7,70,3,1,0,1,2.0,1,0,2,0,2.0,1.0,1,65,2.25
18,97,2,1,0,9,88,2,1,0,1,2.0,0,0,4,0,1.0,2.0,0,67,1.8
11,99,2,1,1,9,88,2,1,2,1,2.0,0,0,2,0,1.0,2.0,1,67,1.1
22,70,2,2,0,7,91,2,1,2,2,2.0,0,1,1,0,1.0,1.0,1,66,2.75
20,69,3,2,1,7,76,3,1,1,2,2.0,0,1,3,0,1.0,1.0,0,67,2.5
24,63,2,2,0,6,90,2,0,2,1,2.0,1,0,5,0,3.0,1.0,0,66,3.4285714285714284
21,82,1,3,0,9,58,2,1,0,2,2.0,0,-1,2,0,1.0,1.0,1,65,2.1
19,61,3,2,1,6,52,1,0,1,1,2.0,0,0,3,0,1.0,3.0,0,59,2.7142857142857144
15,76,3,3,1,6,82,2,1,4,1,3.0,1,1,4,0,1.0,2.0,0,69,2.142857142857143
20,63,2,2,0,7,55,3,1,2,1,3.0,0,-1,3,0,1.0,1.0,1,63,2.5
24,76,1,2,0,5,78,3,1,1,2,2.0,1,0,4,1,1.0,2.0,1,65,4.0
13,62,2,1,0,6,86,3,1,2,1,2.0,0,0,4,0,1.0,1.0,1,61,1.8571428571428572
21,93,1,2,0,9,70,2,1,0,2,3.0,0,0,1,0,3.0,3.0,0,68,2.1
21,68,2,3,1,8,52,2,1,3,1,2.0,0,0,2,0,2.0,2.0,1,65,2.3333333333333335
16,73,1,1,0,6,94,2,0,1,1,2.0,1,-1,2,0,2.0,1.0,0,61,2.2857142857142856
16,95,2,3,1,8,52,2,1,0,1,2.0,1,1,3,0,3.0,2.0,1,69,1.7777777777777777
21,90,1,2,1,10,95,3,1,2,3,3.0,1,0,4,0,2.0,1.0,1,72,1.9090909090909092
13,69,2,1,1,7,53,3,0,2,2,2.0,1,-1,3,1,1.0,1.0,0,59,1.625
22,63,2,2,0,9,87,1,1,0,3,3.0,0,-1,2,0,2.0,2.0,0,63,2.2
15,89,2,2,1,8,96,3,1,3,1,3.0,0,-1,3,0,1.0,1.0,1,69,1.6666666666666667
26,76,1,1,0,7,95,3,1,1,1,3.0,0,0,1,0,3.0,1.0,1,67,3.25
34,91,1,2,0,7,95,2,0,1,2,2.0,0,-1,3,1,2.0,2.0,1,70,4.25
15,78,2,3,0,8,94,3,1,0,1,2.0,1,1,4,0,3.0,2.0,1,67,1.6666666666666667
23,74,2,2,1,6,76,2,0,1,1,2.0,0,1,2,0,2.0,1.0,1,66,3.2857142857142856
16,78,2,2,1,4,78,2,1,5,3,2.0,0,1,3,0,1.0,1.0,0,68,3.2
26,90,1,3,1,6,81,2,1,1,1,2.0,1,0,3,0,3.0,1.0,1,71,3.7142857142857144
12,96,3,2,0,4,95,2,1,3,2,2.0,1,0,0,1,1.0,1.0,1,69,2.4
23,62,3,2,1,6,92,1,1,0,3,2.0,0,0,2,0,1.0,2.0,1,65,3.2857142857142856
15,81,2,2,0,4,89,3,1,0,1,2.0,1,-1,3,0,3.0,1.0,0,66,3.0
19,61,2,3,1,8,84,3,1,2,2,3.0,0,1,4,0,1.0,1.0,1,66,2.111111111111111
14,79,3,2,0,5,81,3,1,3,3,2.0,0,-1,3,0,1.0,1.0,0,67,2.3333333333333335
25,95,3,2,1,8,96,1,1,1,2,2.0,0,0,4,0,3.0,1.0,1,74,2.7777777777777777
15,74,3,3,0,8,60,1,1,3,1,2.0,0,1,5,0,1.0,2.0,1,66,1.6666666666666667
23,97,2,3,1,8,60,2,1,1,2,3.0,0,0,3,0,2.0,1.0,1,72,2.5555555555555554
18,85,3,1,1,4,99,3,1,0,1,2.0,1,0,4,0,2.0,1.0,1,69,3.6
19,97,1,3,0,9,78,2,1,0,2,2.0,1,-1,4,0,1.0,2.0,0,68,1.9
21,90,2,3,1,8,74,2,1,4,1,2.0,1,0,3,0,1.0,1.0,1,71,2.3333333333333335
15,64,2,2,0,8,93,2,1,0,1,2.0,0,-1,2,0,1.0,1.0,0,61,1.6666666666666667
21,69,2,2,1,10,92,1,1,2,1,2.0,1,0,3,0,1.0,1.0,1,65,1.9090909090909092
29,76,2,3,1,8,59,2,1,4,1,3.0,0,0,2,0,3.0,1.0,1,71,3.2222222222222223
15,67,1,2,1,5,59,1,1,0,1,2.0,1,0,3,0,1.0,1.0,1,59,2.5
27,80,3,2,0,8,90,1,1,1,2,3.0,0,0,3,0,3.0,1.0,0,71,3.0
29,79,2,3,0,5,89,2,1,0,3,3.0,0,0,3,0,3.0,1.0,0,72,4.833333333333333
15,98,3,3,1,7,61,2,1,1,1,3.0,1,1,3,0,2.0,2.0,0,71,1.875
11,77,1,1,1,6,92,1,1,0,1,2.0,0,0,5,0,1.0,1.0,1,61,1.5714285714285714
22,91,2,2,0,7,74,2,1,1,2,2.0,1,-1,2,1,2.0,2.0,0,67,2.75
17,98,2,2,0,5,73,1,1,0,1,3.0,0,-1,2,0,2.0,2.0,1,67,2.8333333333333335
31,95,2,2,0,5,99,2,1,1,2,2.0,1,0,4,0,1.0,1.0,0,74,5.166666666666667
20,68,3,3,0,6,76,1,1,2,2,2.0,0,0,3,0,1.0,1.0,0,66,2.857142857142857
15,80,2,2,1,7,57,1,1,1,1,2.0,1,-1,4,0,1.0,1.0,1,63,1.875
13,74,2,2,0,6,64,1,1,4,3,3.0,1,0,3,1,1.0,1.0,1,63,1.8571428571428572
27,76,3,3,0,9,67,2,1,1,1,2.0,0,1,4,0,1.0,3.0,0,68,2.7
17,74,2,1,1,8,98,1,1,1,3,3.0,0,0,3,0,1.0,1.0,0,65,1.8888888888888888
20,93,2,1,0,8,63,2,1,0,1,3.0,0,-1,3,0,1.0,2.0,1,66,2.2222222222222223
26,78,2,2,0,6,72,2,1,1,1,2.0,1,0,3,0,1.0,2.0,0,67,3.7142857142857144
17,81,2,2,0,5,87,3,1,0,1,3.0,1,0,2,0,2.0,1.0,0,67,2.8333333333333335
20,99,2,1,1,7,64,3,1,0,2,2.0,0,1,4,0,1.0,1.0,1,70,2.5
20,62,1,2,1,10,85,3,1,5,1,2.0,1,0,4,0,1.0,1.0,1,65,1.8181818181818181
24,80,2,2,1,7,60,2,1,1,3,3.0,0,1,3,0,1.0,2.0,0,68,3.0
24,91,2,3,1,9,62,1,1,3,1,2.0,0,-1,4,0,2.0,2.0,1,70,2.4
19,66,3,1,0,9,99,2,1,1,2,2.0,0,1,3,0,2.0,1.0,1,66,1.9
20,84,3,2,1,8,68,2,1,0,1,2.0,1,1,4,0,3.0,1.0,1,69,2.2222222222222223
18,70,2,2,0,7,86,2,1,1,3,2.0,0,1,2,0,1.0,1.0,0,65,2.25
11,95,2,2,1,6,92,2,0,2,2,1.0,0,0,3,0,3.0,2.0,0,68,1.5714285714285714
22,73,1,2,1,7,67,2,1,3,3,2.0,1,1,2,0,1.0,3.0,1,65,2.75
31,73,2,3,1,6,68,3,1,1,2,2.0,0,1,3,0,1.0,1.0,0,70,4.428571428571429
15,84,1,1,1,7,89,3,1,1,1,3.0,0,0,3,0,1.0,1.0,0,65,1.875
15,67,3,2,1,5,80,3,1,3,2,3.0,0,0,4,0,2.0,1.0,1,67,2.5
15,71,3,1,0,6,68,1,0,5,1,2.0,0,1,4,0,2.0,1.0,0,64,2.142857142857143
24,77,2,2,0,8,87,3,1,2,1,2.0,0,1,1,1,3.0,2.0,0,68,2.6666666666666665
23,74,2,3,1,6,93,2,1,4,3,2.0,1,0,3,0,1.0,1.0,0,70,3.2857142857142856
19,81,1,3,1,6,62,2,0,1,2,1.0,0,-1,3,0,1.0,2.0,0,64,2.7142857142857144
14,84,3,2,0,6,51,1,1,4,3,2.0,0,0,3,0,1.0,1.0,1,67,2.0
21,83,3,3,0,7,64,2,1,2,2,1.0,1,0,2,0,1.0,1.0,1,68,2.625
11,86,2,2,1,4,84,2,1,5,1,3.0,0,0,4,1,1.0,1.0,1,67,2.2
21,72,2,1,1,6,96,1,1,4,3,2.0,0,1,2,1,2.0,2.0,0,66,3.0
25,65,2,3,1,8,93,1,0,2,2,2.0,0,-1,3,0,2.0,2.0,0,66,2.7777777777777777
12,90,2,1,1,7,61,2,1,2,1,3.0,1,1,2,0,1.0,1.0,1,66,1.5
11,94,1,1,1,8,94,2,1,2,1,2.0,0,1,2,0,2.0,1.0,1,67,1.2222222222222223
29,70,2,2,1,4,91,1,1,2,1,2.0,0,1,3,0,2.0,1.0,1,69,5.8
16,76,1,2,0,6,87,2,1,3,1,2.0,1,0,4,0,2.0,1.0,0,65,2.2857142857142856
27,80,1,1,1,7,84,1,1,4,1,2.0,0,1,3,0,2.0,2.0,1,68,3.375
19,81,1,3,0,8,90,2,1,2,1,2.0,1,0,3,0,1.0,1.0,0,67,2.111111111111111
19,86,2,2,1,9,93,1,1,1,1,3.0,0,1,3,0,2.0,1.0,1,69,1.9
23,62,2,2,0,8,91,3,0,3,3,1.0,0,0,3,0,1.0,2.0,1,64,2.5555555555555554
15,89,2,2,0,6,56,1,1,2,2,2.0,0,1,4,0,2.0,1.0,1,67,2.142857142857143
21,62,3,2,0,6,86,2,1,2,2,3.0,1,1,4,0,1.0,1.0,0,67,3.0
18,79,2,3,0,9,92,1,1,1,1,2.0,1,0,3,0,2.0,1.0,1,67,1.8
12,93,2,3,0,6,59,2,1,2,1,2.0,1,1,3,0,1.0,2.0,0,67,1.7142857142857142
22,78,2,3,1,5,61,1,1,2,1,2.0,0,0,4,0,2.0,1.0,1,68,3.6666666666666665
18,66,2,2,1,7,89,3,1,4,1,2.0,0,1,3,1,1.0,1.0,1,65,2.25
19,99,1,3,0,9,67,1,1,3,3,2.0,0,0,1,0,2.0,2.0,1,70,1.9
13,96,2,2,0,6,70,2,1,1,1,3.0,0,0,3,0,2.0,1.0,0,68,1.8571428571428572
30,91,3,1,1,6,69,2,1,2,2,3.0,0,-1,4,0,1.0,2.0,0,72,4.285714285714286
25,76,2,3,0,6,61,2,1,1,2,2.0,0,0,3,0,3.0,3.0,1,67,3.5714285714285716
26,67,3,1,1,8,97,2,1,2,2,2.0,0,0,0,0,1.0,2.0,0,66,2.888888888888889
18,98,1,1,1,7,90,1,1,0,3,3.0,1,1,1,0,1.0,2.0,1,68,2.25
10,81,2,3,0,8,63,2,1,1,1,1.0,0,0,2,0,1.0,1.0,1,64,1.1111111111111112
32,94,2,3,1,9,55,3,1,4,2,2.0,1,1,2,1,1.0,1.0,1,75,3.2
20,74,3,1,1,5,69,3,1,1,2,2.0,0,1,4,0,2.0,2.0,0,66,3.3333333333333335
16,73,3,3,1,6,71,2,1,0,1,2.0,0,1,4,0,3.0,1.0,1,67,2.2857142857142856
23,99,3,3,0,6,50,2,0,1,3,2.0,1,0,5,1,1.0,1.0,1,71,3.2857142857142856
27,81,1,3,0,7,94,1,1,0,1,2.0,0,0,4,0,2.0,2.0,1,68,3.375
20,66,2,2,1,8,93,2,1,2,1,3.0,0,0,3,0,1.0,1.0,1,65,2.2222222222222223
28,69,1,3,1,6,93,1,1,0,3,1.0,0,-1,3,0,2.0,1.0,1,67,4.0
26,79,1,3,1,6,90,1,0,0,3,2.0,1,-1,2,1,2.0,2.0,1,66,3.7142857142857144
14,62,1,2,0,8,87,2,1,1,2,2.0,0,1,1,0,1.0,2.0,1,60,1.5555555555555556
16,79,2,2,0,8,82,1,1,2,1,2.0,1,0,3,1,3.0,2.0,0,64,1.7777777777777777
26,77,2,2,1,7,98,1,1,0,3,2.0,0,0,1,0,3.0,1.0,1,69,3.25
4,91,2,2,0,4,86,1,1,3,1,2.0,1,0,4,1,2.0,2.0,1,64,0.8
19,74,2,3,0,9,82,3,1,2,1,2.0,1,0,3,0,1.0,2.0,1,66,1.9
11,99,3,2,1,7,89,3,1,3,1,2.0,0,1,3,0,2.0,1.0,1,72,1.375
17,67,1,1,1,7,62,2,1,0,1,2.0,0,1,4,0,1.0,2.0,0,60,2.125
18,84,1,3,1,6,98,1,1,3,2,2.0,0,1,3,0,1.0,1.0,1,69,2.5714285714285716
18,64,2,2,1,6,51,2,1,2,1,2.0,0,1,1,0,1.0,1.0,0,62,2.5714285714285716
17,89,2,2,1,6,82,2,1,3,2,2.0,1,1,3,0,2.0,1.0,0,70,2.4285714285714284
13,100,1,1,1,4,54,1,1,3,1,1.0,0,1,2,0,1.0,1.0,0,65,2.6
34,93,3,2,1,6,93,3,1,2,1,3.0,0,0,4,0,1.0,1.0,1,77,4.857142857142857
31,82,2,3,1,5,98,2,1,0,1,1.0,0,0,3,0,1.0,1.0,1,71,5.166666666666667
13,79,2,3,0,7,70,3,1,4,1,2.0,0,1,3,1,1.0,1.0,0,66,1.625
29,93,2,2,0,5,93,2,1,2,1,2.0,0,1,3,0,3.0,1.0,0,74,4.833333333333333
18,97,2,3,0,8,67,2,1,1,2,3.0,0,0,3,0,1.0,1.0,1,70,2.0
21,100,2,2,0,5,58,2,1,2,2,2.0,1,0,2,0,1.0,2.0,1,69,3.5
20,76,2,2,0,9,64,1,1,2,1,2.0,0,-1,2,0,2.0,2.0,1,64,2.0
16,100,2,2,1,8,65,3,1,1,3,2.0,0,1,2,1,2.0,2.0,0,69,1.7777777777777777
26,66,3,3,1,5,82,2,1,1,1,2.0,0,0,3,0,1.0,1.0,0,68,4.333333333333333
21,70,2,1,1,7,90,2,0,1,1,2.0,0,0,4,0,1.0,2.0,1,63,2.625
17,64,2,2,1,6,60,2,1,1,2,2.0,1,1,2,1,1.0,1.0,1,61,2.4285714285714284
12,71,2,2,0,8,54,2,1,0,1,1.0,0,1,5,0,2.0,1.0,1,61,1.3333333333333333
15,91,2,1,1,10,61,2,1,0,1,3.0,0,0,4,0,1.0,2.0,1,65,1.3636363636363635
10,94,2,3,0,9,65,2,1,3,1,1.0,1,-1,2,0,1.0,2.0,0,65,1.0
20,91,3,2,1,6,64,3,1,0,3,2.0,1,1,3,1,1.0,2.0,0,69,2.857142857142857
13,85,3,3,1,7,61,3,1,3,2,3.0,0,1,2,0,1.0,2.0,0,69,1.625
18,81,1,2,0,9,73,2,1,1,3,2.0,0,-1,2,0,1.0,1.0,1,65,1.8
28,88,1,3,1,8,93,2,1,3,1,2.0,0,-1,1,0,3.0,2.0,0,72,3.111111111111111
27,76,3,3,1,9,55,2,1,3,1,2.0,1,0,0,0,1.0,2.0,0,69,2.7
20,94,3,2,1,8,93,1,1,1,2,2.0,0,0,3,0,2.0,2.0,0,71,2.2222222222222223
19,87,2,2,1,7,75,2,1,2,1,1.0,0,-1,3,0,1.0,2.0,0,67,2.375
31,88,2,3,0,7,83,2,1,0,1,2.0,1,0,2,0,1.0,1.0,1,72,3.875
23,81,3,3,0,5,91,1,1,0,3,3.0,0,1,3,1,1.0,1.0,0,70,3.8333333333333335
18,95,1,2,1,6,65,3,1,1,1,3.0,0,-1,3,0,1.0,1.0,0,68,2.5714285714285716
11,70,2,2,0,6,98,2,1,3,3,2.0,1,0,4,0,3.0,1.0,0,66,1.5714285714285714
22,75,2,3,0,6,54,1,1,4,1,3.0,0,1,4,0,1.0,1.0,1,68,3.142857142857143
25,91,3,1,1,7,76,1,1,1,1,3.0,1,1,3,0,2.0,1.0,0,71,3.125
16,80,1,2,1,7,63,3,1,2,1,2.0,1,0,3,0,1.0,3.0,1,63,2.0
22,96,2,3,0,7,70,2,0,2,2,2.0,1,-1,4,0,2.0,2.0,1,70,2.75
18,74,2,3,0,8,72,3,1,1,1,3.0,0,-1,2,0,2.0,2.0,1,65,2.0
19,75,3,3,1,6,96,2,1,2,2,2.0,0,1,4,0,1.0,1.0,0,70,2.7142857142857144
5,96,2,1,1,8,72,1,1,3,2,2.0,0,-1,5,0,1.0,1.0,1,65,0.5555555555555556
19,79,3,3,1,9,85,2,1,0,2,2.0,0,1,2,0,1.0,2.0,1,68,1.9
26,81,3,2,1,8,98,1,1,1,2,1.0,1,0,2,1,1.0,1.0,0,69,2.888888888888889
16,73,2,2,1,6,75,3,1,3,2,2.0,0,1,3,0,1.0,2.0,0,66,2.2857142857142856
20,71,1,2,0,8,70,2,1,0,2,3.0,1,0,3,0,1.0,3.0,0,62,2.2222222222222223
15,86,2,3,0,8,99,3,1,2,2,2.0,0,0,5,0,1.0,1.0,1,70,1.6666666666666667
22,65,3,1,0,8,91,2,1,2,3,2.0,0,-1,2,0,2.0,2.0,0,65,2.4444444444444446
19,95,1,3,1,9,97,1,1,0,2,2.0,0,0,2,0,3.0,1.0,1,71,1.9
14,91,2,3,1,8,70,2,1,2,1,2.0,1,0,0,0,3.0,2.0,1,68,1.5555555555555556
28,68,1,1,1,9,85,2,1,0,2,2.0,0,-1,3,0,3.0,1.0,1,65,2.8
26,88,1,3,1,7,62,3,0,1,3,3.0,1,1,2,0,1.0,1.0,0,70,3.25
16,84,2,3,1,6,93,2,1,0,3,2.0,0,1,3,0,1.0,2.0,1,69,2.2857142857142856
23,67,2,1,1,9,97,2,1,1,2,2.0,1,1,3,0,2.0,2.0,1,66,2.3
23,71,2,2,1,6,63,1,1,1,1,3.0,0,1,5,0,1.0,2.0,1,66,3.2857142857142856
24,76,3,2,0,10,55,1,1,2,1,2.0,0,1,4,0,1.0,1.0,1,67,2.1818181818181817
10,88,1,2,0,9,60,2,1,1,1,2.0,0,1,3,0,1.0,2.0,0,63,1.0
26,86,1,3,1,7,82,2,1,2,1,2.0,1,1,3,0,1.0,2.0,0,70,3.25
17,81,3,2,0,9,64,2,1,0,3,2.0,0,1,3,1,1.0,3.0,1,65,1.7
18,91,2,3,0,8,82,2,1,3,2,2.0,1,1,2,0,1.0,2.0,1,70,2.0
36,90,2,3,1,5,68,1,1,1,1,3.0,0,1,2,0,1.0,2.0,1,74,6.0
22,85,3,2,1,6,96,2,1,0,1,2.0,0,0,3,0,1.0,2.0,0,69,3.142857142857143
18,91,3,2,0,7,73,1,1,0,1,2.0,0,-1,4,0,2.0,1.0,1,68,2.25
7,73,2,2,1,7,75,2,1,1,3,3.0,1,1,3,0,2.0,1.0,1,64,0.875
28,95,3,2,0,9,67,1,1,2,2,2.0,0,0,3,0,1.0,1.0,1,73,2.8
12,85,2,2,1,7,54,2,1,4,1,3.0,0,1,3,0,2.0,2.0,1,66,1.5
14,93,2,1,1,5,75,1,1,0,2,3.0,0,-1,3,0,1.0,2.0,1,65,2.3333333333333335
18,82,3,1,1,6,89,3,1,0,2,2.0,1,1,1,1,2.0,2.0,1,66,2.5714285714285716
28,69,2,1,0,8,98,2,1,0,2,2.0,0,1,5,0,1.0,1.0,1,67,3.111111111111111
25,82,2,3,0,4,54,2,1,0,2,2.0,0,0,3,0,1.0,1.0,1,67,5.0
19,75,2,2,1,5,90,3,1,0,2,2.0,1,-1,3,0,3.0,1.0,0,66,3.1666666666666665
22,88,2,1,1,6,63,1,1,3,1,2.0,0,1,3,0,3.0,1.0,1,69,3.142857142857143
16,79,2,2,1,8,91,2,1,4,3,2.0,1,1,1,0,3.0,1.0,1,69,1.7777777777777777
21,93,2,1,0,7,67,3,1,2,1,2.0,0,0,3,0,2.0,3.0,0,68,2.625
20,87,1,1,0,8,56,2,0,1,3,2.0,0,-1,1,0,2.0,1.0,0,64,2.2222222222222223
26,87,2,2,1,7,81,2,1,1,3,2.0,0,-1,2,0,1.0,1.0,1,70,3.25
26,69,2,2,0,7,95,2,1,1,1,2.0,0,-1,4,0,3.0,1.0,0,67,3.25
23,99,1,1,0,6,59,2,1,1,2,2.0,0,1,3,0,1.0,3.0,1,68,3.2857142857142856
18,94,2,2,1,8,51,2,1,0,3,2.0,0,1,3,1,2.0,2.0,0,67,2.0
24,92,3,2,1,5,94,1,1,1,2,2.0,0,0,2,0,3.0,1.0,0,73,4.0
19,73,2,2,1,7,85,2,1,1,2,2.0,0,0,3,0,1.0,3.0,1,65,2.375
14,81,2,3,0,9,90,2,1,3,3,3.0,0,0,3,0,3.0,1.0,1,69,1.4
18,65,2,2,1,6,53,2,1,1,2,2.0,1,1,3,1,3.0,1.0,1,63,2.5714285714285716
21,82,2,2,0,5,95,2,1,3,1,1.0,0,1,4,0,1.0,1.0,0,68,3.5
25,66,2,3,0,4,71,3,1,0,2,2.0,0,-1,3,1,1.0,1.0,0,64,5.0
19,82,1,3,0,8,95,2,1,2,1,3.0,0,0,4,1,3.0,2.0,0,68,2.111111111111111
13,86,2,3,1,8,53,2,1,2,1,3.0,0,1,4,0,1.0,3.0,1,66,1.4444444444444444
20,76,2,2,0,6,94,1,1,2,1,3.0,0,0,3,1,1.0,2.0,1,65,2.857142857142857
21,80,2,2,1,5,84,1,1,4,1,2.0,1,0,2,0,3.0,1.0,0,69,3.5
21,95,1,2,0,7,78,3,1,2,1,3.0,0,0,2,1,1.0,1.0,1,69,2.625
26,64,1,3,1,9,53,2,0,2,1,3.0,0,-1,4,0,2.0,1.0,1,64,2.6
26,92,3,3,0,5,84,3,1,0,2,3.0,0,0,2,0,3.0,1.0,1,74,4.333333333333333
16,67,3,2,0,9,80,2,1,1,1,3.0,0,0,3,0,1.0,1.0,0,64,1.6
16,61,2,1,0,4,86,2,1,3,2,3.0,0,1,4,0,1.0,1.0,0,63,3.2
14,67,3,2,1,5,86,2,0,0,3,2.0,0,1,4,0,2.0,2.0,0,64,2.3333333333333335
24,91,2,2,1,7,72,2,1,3,2,3.0,0,0,3,0,1.0,2.0,1,71,3.0
29,76,1,3,1,8,60,2,1,2,2,2.0,0,-1,3,0,1.0,1.0,0,68,3.2222222222222223
18,95,2,2,1,9,96,1,1,4,2,2.0,0,-1,4,0,2.0,1.0,0,72,1.8
19,81,2,1,1,8,96,3,1,1,1,2.0,1,-1,4,0,3.0,1.0,1,67,2.111111111111111
29,61,2,3,0,9,61,2,1,0,1,2.0,1,-1,3,0,1.0,1.0,1,64,2.9
23,89,2,1,0,7,82,2,1,2,3,3.0,0,1,1,0,2.0,1.0,1,70,2.875
23,64,3,2,1,6,60,1,1,2,2,2.0,0,-1,3,0,2.0,1.0,0,65,3.2857142857142856
13,92,3,2,0,9,93,3,1,2,3,2.0,0,-1,2,0,2.0,2.0,1,69,1.3
24,67,3,2,0,9,55,3,1,2,1,1.0,0,1,2,0,2.0,2.0,1,65,2.4
14,74,3,2,0,8,100,2,1,1,1,2.0,0,0,3,0,2.0,1.0,1,66,1.5555555555555556
13,90,3,2,0,8,81,2,1,0,2,2.0,0,1,3,0,1.0,2.0,0,67,1.4444444444444444
18,98,2,1,0,9,51,2,1,1,3,2.0,0,0,4,0,2.0,1.0,1,68,1.8
16,75,2,2,1,8,94,2,1,0,2,2.0,1,1,3,0,1.0,2.0,1,65,1.7777777777777777
19,93,2,2,0,7,84,3,0,0,2,1.0,0,0,2,0,2.0,1.0,1,68,2.375
11,68,2,3,1,8,85,3,0,2,2,2.0,0,-1,2,0,2.0,1.0,1,63,1.2222222222222223
26,92,2,2,0,8,64,2,1,1,2,2.0,1,1,5,0,1.0,1.0,1,71,2.888888888888889
27,86,3,2,0,8,67,2,1,1,1,2.0,0,1,4,0,2.0,1.0,1,71,3.0
8,68,3,2,1,7,96,2,1,2,1,3.0,0,1,3,0,3.0,1.0,0,65,1.0
26,72,2,1,0,8,82,2,1,2,2,1.0,0,-1,2,0,3.0,3.0,0,65,2.888888888888889
15,65,2,1,1,8,51,2,1,1,3,2.0,0,1,3,0,1.0,2.0,0,61,1.6666666666666667
25,75,3,3,1,7,66,1,1,0,1,3.0,0,-1,4,0,1.0,1.0,1,68,3.125
20,68,1,2,1,6,80,1,1,4,1,2.0,1,0,4,0,2.0,1.0,0,65,2.857142857142857
20,86,1,2,0,9,57,2,1,0,2,3.0,0,1,4,0,1.0,2.0,1,66,2.0
19,100,3,1,1,5,55,1,1,2,1,2.0,0,1,4,0,1.0,2.0,1,69,3.1666666666666665
27,60,3,3,0,6,53,1,1,3,1,1.0,1,1,2,0,1.0,2.0,0,65,3.857142857142857
13,82,2,3,0,7,82,2,1,1,1,1.0,0,1,3,0,1.0,1.0,0,65,1.625
24,83,3,2,0,4,66,3,1,2,2,3.0,1,1,4,1,3.0,2.0,1,70,4.8
27,97,2,2,0,9,69,2,1,1,1,2.0,1,0,2,0,1.0,2.0,0,70,2.7
24,80,2,2,1,7,53,2,1,2,1,2.0,0,1,4,1,1.0,1.0,0,67,3.0
34,82,2,3,1,9,87,3,1,3,1,2.0,0,1,4,0,1.0,1.0,0,75,3.4
17,79,1,1,1,10,88,1,1,3,2,3.0,1,0,3,0,1.0,2.0,0,65,1.5454545454545454
26,71,2,2,1,7,91,2,0,2,1,2.0,1,0,3,0,1.0,2.0,0,66,3.25
19,62,3,2,1,9,83,3,1,2,2,2.0,0,1,3,0,2.0,1.0,1,67,1.9
27,76,1,2,1,5,89,1,1,0,1,2.0,1,1,4,0,3.0,3.0,1,67,4.5
20,62,1,2,0,8,79,3,1,2,1,2.0,0,1,1,0,1.0,1.0,0,62,2.2222222222222223
18,82,2,2,1,6,75,2,1,0,1,2.0,1,-1,4,0,2.0,1.0,1,66,2.5714285714285716
28,72,1,3,0,8,63,1,1,1,1,3.0,0,0,2,0,1.0,1.0,1,66,3.111111111111111
17,81,3,1,1,8,53,3,1,0,2,2.0,0,0,2,0,1.0,3.0,1,64,1.8888888888888888
12,65,1,2,0,7,65,2,1,2,2,2.0,0,0,2,0,1.0,1.0,1,60,1.5
17,97,2,2,1,8,84,2,0,3,1,1.0,1,0,3,0,3.0,1.0,0,70,1.8888888888888888
24,96,2,2,0,8,96,2,1,2,1,1.0,0,1,3,0,2.0,1.0,0,72,2.6666666666666665
28,68,3,2,1,7,63,2,1,0,1,3.0,0,-1,2,0,2.0,1.0,1,67,3.5
21,74,2,3,1,10,83,1,1,1,3,2.0,0,0,3,0,1.0,2.0,0,67,1.9090909090909092
28,85,2,2,1,7,74,2,1,1,2,3.0,0,1,3,0,3.0,1.0,0,72,3.5
12,64,3,3,1,9,81,2,0,1,3,3.0,0,0,3,0,1.0,2.0,1,63,1.2
17,74,1,2,0,9,50,2,1,0,1,3.0,0,-1,2,0,1.0,3.0,0,60,1.7
18,70,2,2,1,4,56,2,1,1,3,3.0,0,0,4,0,1.0,1.0,1,65,3.6
19,97,3,2,1,9,61,3,1,2,2,3.0,0,0,1,0,3.0,2.0,1,72,1.9
21,94,2,3,0,9,95,1,1,0,2,3.0,1,-1,3,0,1.0,1.0,1,70,2.1
24,83,3,2,1,7,52,3,1,1,2,3.0,0,1,4,0,2.0,1.0,0,71,3.0
17,81,1,2,1,8,78,1,1,1,1,3.0,1,1,4,0,2.0,2.0,1,66,1.8888888888888888
21,97,1,2,1,8,96,3,1,2,1,3.0,0,1,4,0,2.0,2.0,0,72,2.3333333333333335
20,97,1,2,1,9,83,3,1,3,2,3.0,0,1,3,0,3.0,1.0,0,73,2.0
14,99,3,2,1,6,74,2,1,2,2,2.0,0,0,3,0,2.0,1.0,1,71,2.0
19,65,3,1,0,9,69,2,1,4,1,3.0,0,0,2,0,2.0,3.0,1,64,1.9
19,66,2,3,1,5,81,2,1,1,3,2.0,1,1,3,0,2.0,2.0,1,66,3.1666666666666665
19,87,2,2,0,4,74,3,1,1,3,2.0,0,1,3,0,2.0,1.0,1,69,3.8
20,82,1,2,0,8,85,1,1,1,2,3.0,1,0,3,1,3.0,1.0,0,66,2.2222222222222223
20,61,2,3,0,9,81,2,1,0,3,3.0,0,0,2,1,1.0,1.0,1,63,2.0
17,62,2,2,1,7,78,2,1,0,2,3.0,0,-1,3,0,1.0,1.0,1,62,2.125
28,96,3,1,1,4,98,3,1,1,3,3.0,0,1,3,0,1.0,1.0,1,98,5.6
13,95,3,3,1,5,92,1,1,1,2,2.0,1,1,2,0,2.0,1.0,0,71,2.1666666666666665
16,74,3,2,0,8,80,2,1,0,1,2.0,0,1,4,0,3.0,1.0,0,66,1.7777777777777777
37,96,2,2,0,7,77,2,1,2,2,2.0,0,1,3,0,1.0,2.0,0,75,4.625
14,84,3,2,1,9,86,3,1,1,1,2.0,1,1,4,0,1.0,1.0,0,68,1.4
12,92,3,2,0,7,90,2,1,2,2,3.0,0,-1,5,0,1.0,1.0,1,69,1.5
24,77,2,1,1,6,65,3,1,2,2,3.0,1,1,3,0,1.0,1.0,1,68,3.4285714285714284
8,65,2,2,0,7,83,1,1,3,2,2.0,0,-1,4,0,1.0,1.0,0,60,1.0
19,77,2,1,0,9,57,1,1,4,2,2.0,0,0,3,1,1.0,1.0,0,64,1.9
33,78,2,2,0,9,72,2,1,4,2,2.0,0,1,3,0,1.0,2.0,1,71,3.3
11,82,3,3,0,7,97,1,1,2,3,2.0,0,1,3,0,2.0,1.0,1,69,1.375
8,64,2,2,1,7,66,2,1,1,1,2.0,1,1,3,0,2.0,1.0,1,60,1.0
11,100,3,3,1,8,58,3,1,1,1,2.0,1,1,3,0,2.0,1.0,0,70,1.2222222222222223
25,70,1,2,1,6,57,2,1,4,2,2.0,1,0,3,0,1.0,1.0,1,66,3.5714285714285716
27,68,3,2,0,8,70,3,1,0,2,2.0,1,1,3,0,3.0,1.0,1,68,3.0
17,81,3,1,0,7,61,2,1,2,3,2.0,0,1,2,0,2.0,1.0,0,67,2.125
24,81,2,2,1,7,71,3,1,1,2,3.0,0,0,3,0,2.0,1.0,1,70,3.0
28,78,3,2,1,7,86,1,1,0,1,3.0,0,0,2,0,2.0,2.0,1,69,3.5
31,91,2,3,1,7,94,3,1,2,3,3.0,0,-1,3,0,1.0,3.0,1,75,3.875
19,81,2,1,1,10,56,1,1,1,2,3.0,0,1,3,0,1.0,1.0,1,65,1.7272727272727273
6,84,2,2,1,6,88,2,1,1,1,2.0,1,1,5,0,3.0,2.0,1,65,0.8571428571428571
15,89,2,1,0,6,55,2,1,1,2,2.0,0,1,4,0,3.0,2.0,1,66,2.142857142857143
17,61,3,2,1,9,69,3,1,1,2,3.0,0,1,3,0,1.0,3.0,1,64,1.7
18,83,1,2,0,8,100,2,1,1,1,3.0,1,-1,2,0,1.0,1.0,0,66,2.0
19,95,2,3,1,8,53,2,1,3,1,2.0,0,1,1,0,1.0,2.0,0,70,2.111111111111111
27,61,3,1,0,5,51,3,1,1,1,2.0,1,1,1,0,2.0,3.0,1,63,4.5
28,76,1,1,0,7,67,3,1,1,3,1.0,0,-1,4,0,2.0,1.0,1,66,3.5
19,97,1,2,1,8,98,1,1,1,2,2.0,0,1,3,0,2.0,1.0,0,71,2.111111111111111
27,74,2,3,0,6,51,3,1,2,2,2.0,1,1,4,0,1.0,3.0,1,68,3.857142857142857
22,78,2,2,1,8,61,2,1,2,3,2.0,0,1,5,0,1.0,2.0,1,68,2.4444444444444446
20,99,1,2,0,7,80,3,1,0,2,3.0,0,-1,3,0,3.0,1.0,1,71,2.5
25,68,1,2,0,6,62,1,1,1,1,3.0,1,-1,4,0,2.0,2.0,0,63,3.5714285714285716
20,63,1,1,0,9,53,1,1,1,2,2.0,0,1,4,0,1.0,1.0,1,60,2.0
32,94,2,3,1,9,53,2,1,1,2,2.0,0,0,3,0,1.0,1.0,0,73,3.2
11,95,2,2,1,7,78,1,1,4,2,2.0,1,-1,4,0,1.0,1.0,0,68,1.375
17,79,3,3,1,8,78,2,1,2,3,2.0,0,1,5,0,1.0,1.0,0,70,1.8888888888888888
19,81,2,2,1,9,85,2,1,1,1,2.0,0,0,1,0,1.0,2.0,1,66,1.9
23,93,3,2,0,6,57,2,1,1,3,2.0,0,1,2,0,3.0,1.0,0,72,3.2857142857142856
28,90,3,1,1,8,75,2,1,1,1,3.0,0,0,3,1,1.0,2.0,1,70,3.111111111111111
20,71,3,3,1,6,80,2,1,2,3,1.0,0,1,3,0,1.0,1.0,1,68,2.857142857142857
11,61,2,2,1,5,61,2,1,3,2,3.0,0,0,0,1,3.0,1.0,1,60,1.8333333333333333
25,79,3,2,0,6,77,1,0,2,1,3.0,0,0,3,0,1.0,1.0,1,68,3.5714285714285716
25,94,3,3,0,5,85,3,1,1,2,2.0,0,0,2,0,2.0,1.0,0,74,4.166666666666667
8,96,2,2,1,8,100,3,1,1,3,2.0,0,-1,4,0,1.0,2.0,1,68,0.8888888888888888
20,98,1,2,1,6,80,1,1,4,2,2.0,0,1,4,0,2.0,1.0,1,72,2.857142857142857
10,95,2,3,1,5,93,3,1,0,1,3.0,0,1,3,0,1.0,2.0,1,69,1.6666666666666667
16,83,1,2,1,8,92,1,1,2,3,3.0,0,1,4,0,3.0,1.0,0,98,1.7777777777777777
15,78,2,3,0,8,97,2,1,1,2,2.0,0,0,4,0,3.0,1.0,1,68,1.6666666666666667
25,91,2,1,0,7,86,2,1,0,2,2.0,0,0,5,0,1.0,1.0,0,70,3.125
21,90,2,2,0,8,61,2,1,1,3,2.0,0,1,4,0,3.0,2.0,0,69,2.3333333333333335
12,82,3,1,0,6,65,1,1,3,2,2.0,1,-1,3,0,1.0,1.0,0,64,1.7142857142857142
25,63,2,1,0,6,89,3,1,1,2,3.0,1,0,4,0,1.0,2.0,1,65,3.5714285714285716
11,97,2,2,0,8,76,3,1,2,2,3.0,0,1,2,0,1.0,2.0,0,69,1.2222222222222223
22,78,2,1,0,9,63,3,1,2,2,3.0,0,0,4,0,1.0,1.0,1,67,2.2
15,75,2,3,0,6,83,1,1,1,3,2.0,1,-1,2,0,1.0,1.0,0,65,2.142857142857143
18,85,2,3,1,6,95,3,1,2,1,1.0,1,1,4,0,2.0,1.0,0,70,2.5714285714285716
23,87,3,1,0,8,68,2,1,0,3,3.0,1,0,3,0,2.0,3.0,1,68,2.5555555555555554
23,68,2,2,1,8,80,2,1,1,2,1.0,0,0,1,0,1.0,1.0,0,65,2.5555555555555554
28,93,2,2,0,7,79,3,1,0,2,2.0,0,1,4,0,3.0,1.0,1,74,3.5
20,72,2,2,1,9,56,2,1,4,3,2.0,0,-1,2,0,1.0,1.0,1,65,2.0
22,67,3,3,1,10,55,2,1,1,1,2.0,0,1,2,0,1.0,2.0,1,65,2.0
17,76,3,2,1,8,94,2,1,3,2,2.0,0,0,4,0,1.0,2.0,0,68,1.8888888888888888
21,89,2,2,0,6,97,2,0,1,1,2.0,1,-1,3,0,3.0,3.0,0,68,3.0
23,99,2,2,0,8,95,3,1,5,2,2.0,0,0,4,0,1.0,2.0,0,74,2.5555555555555554
19,92,3,2,0,6,70,3,1,2,2,2.0,1,-1,3,0,1.0,1.0,0,71,2.7142857142857144
9,98,3,2,1,9,64,2,1,1,1,2.0,1,-1,3,0,1.0,1.0,1,67,0.9
22,66,2,2,1,6,97,1,1,0,3,1.0,0,0,3,0,1.0,2.0,0,64,3.142857142857143
22,63,1,1,1,7,94,2,1,0,2,2.0,0,-1,3,1,1.0,3.0,1,61,2.75
16,82,2,2,0,6,91,2,1,0,1,2.0,0,1,3,0,1.0,1.0,0,66,2.2857142857142856
12,72,2,2,0,7,67,1,1,0,1,2.0,0,1,2,0,1.0,1.0,0,61,1.5
29,93,2,3,0,7,82,2,1,5,1,2.0,0,-1,3,0,1.0,2.0,1,73,3.625
23,87,1,2,0,8,88,3,1,2,2,3.0,0,0,3,0,1.0,1.0,1,70,2.5555555555555554
19,99,1,2,0,7,79,2,1,2,1,2.0,1,0,2,0,3.0,1.0,1,70,2.375
13,70,2,1,1,7,80,3,1,1,3,2.0,0,1,4,0,2.0,3.0,0,63,1.625
15,79,3,2,1,6,88,2,1,3,3,2.0,0,0,3,0,3.0,2.0,1,69,2.142857142857143
28,80,3,3,0,7,88,2,1,2,3,2.0,0,-1,2,0,1.0,1.0,1,72,3.5
21,70,2,3,1,5,62,2,1,2,1,3.0,0,0,2,0,1.0,1.0,0,66,3.5
17,84,3,3,0,9,70,2,1,1,3,2.0,0,-1,4,0,1.0,1.0,1,68,1.7
23,78,2,3,0,7,89,2,1,1,2,1.0,0,0,3,0,1.0,3.0,1,67,2.875
15,78,2,3,1,9,63,2,0,2,2,2.0,1,1,3,0,3.0,3.0,0,65,1.5
29,75,1,2,1,7,96,1,1,2,1,2.0,0,1,3,0,1.0,2.0,1,68,3.625
28,61,3,2,1,4,92,1,1,1,2,3.0,1,0,4,0,2.0,1.0,0,68,5.6
17,81,3,2,0,6,95,3,1,2,2,2.0,1,1,3,0,1.0,1.0,1,69,2.4285714285714284
16,73,3,3,1,7,65,1,1,1,2,2.0,1,1,4,0,2.0,2.0,1,66,2.0
4,60,2,2,1,7,55,2,1,2,1,2.0,1,0,2,0,3.0,1.0,1,58,0.5
11,72,3,1,0,8,55,3,1,0,2,1.0,0,0,3,1,2.0,1.0,1,60,1.2222222222222223
12,71,3,3,1,7,78,3,1,3,1,2.0,0,1,4,0,2.0,2.0,0,67,1.5
21,76,2,2,1,6,65,1,1,2,1,3.0,0,-1,2,0,1.0,1.0,0,65,3.0
18,65,3,2,1,6,63,3,1,1,1,2.0,0,-1,2,0,1.0,3.0,1,62,2.5714285714285716
12,80,2,3,1,6,61,2,1,0,3,3.0,1,0,2,0,1.0,1.0,1,65,1.7142857142857142
18,88,3,3,0,8,78,2,1,0,2,2.0,0,0,2,0,2.0,2.0,1,69,2.0
23,85,1,3,0,8,77,2,1,0,3,2.0,0,1,4,0,2.0,1.0,1,70,2.5555555555555554
23,92,1,3,1,6,71,3,1,2,1,2.0,0,1,2,0,1.0,2.0,1,70,3.2857142857142856
9,78,3,2,0,9,57,1,1,1,1,3.0,0,1,5,0,1.0,2.0,0,63,0.9
19,81,1,2,1,8,96,3,1,0,2,3.0,0,0,4,0,3.0,1.0,1,69,2.111111111111111
12,92,1,2,0,6,71,1,1,0,2,3.0,1,-1,4,0,1.0,1.0,1,64,1.7142857142857142
25,77,2,3,0,7,56,2,1,1,1,2.0,0,1,3,0,3.0,1.0,1,69,3.125
25,88,3,2,1,8,52,1,1,1,2,2.0,0,1,2,0,1.0,1.0,1,70,2.7777777777777777
15,77,2,2,1,5,58,2,1,1,1,2.0,0,1,3,0,2.0,2.0,0,64,2.5
15,77,3,2,1,5,65,1,0,2,1,2.0,0,1,4,1,3.0,1.0,1,65,2.5
17,90,3,2,0,8,82,2,1,0,2,3.0,0,0,4,0,2.0,1.0,1,70,1.8888888888888888
6,67,2,1,1,6,99,1,1,0,2,2.0,1,0,2,0,2.0,1.0,1,60,0.8571428571428571
22,74,2,3,1,9,64,3,1,3,2,2.0,0,0,3,0,1.0,1.0,0,68,2.2
18,69,1,1,1,10,89,1,1,2,1,3.0,0,0,1,1,1.0,2.0,1,61,1.6363636363636365
26,74,2,1,1,8,96,2,1,2,2,3.0,1,0,3,0,1.0,1.0,0,68,2.888888888888889
13,69,2,1,0,8,70,2,1,1,3,3.0,1,0,3,0,1.0,2.0,1,61,1.4444444444444444
16,83,1,2,0,5,63,1,1,2,3,2.0,1,1,3,1,1.0,2.0,0,64,2.6666666666666665
11,92,2,2,0,5,75,2,1,2,2,2.0,0,-1,3,0,1.0,1.0,0,66,1.8333333333333333
14,91,2,2,1,7,95,2,1,2,3,3.0,0,1,2,0,1.0,2.0,1,70,1.75
13,75,3,3,1,5,51,2,1,3,2,2.0,1,-1,3,0,1.0,1.0,0,65,2.1666666666666665
26,100,2,3,1,7,74,3,1,1,2,2.0,0,0,2,0,1.0,1.0,0,74,3.25
16,84,3,3,0,6,88,1,1,1,2,2.0,1,-1,1,1,1.0,1.0,1,66,2.2857142857142856
21,76,1,2,1,7,80,3,1,3,1,2.0,0,-1,2,1,2.0,1.0,1,65,2.625
18,93,1,3,0,7,75,3,1,1,3,2.0,1,1,1,0,2.0,2.0,0,69,2.25
12,89,2,3,1,8,78,1,1,4,1,2.0,0,0,5,0,3.0,1.0,0,69,1.3333333333333333
19,90,1,3,0,7,81,2,1,2,2,2.0,1,1,2,0,1.0,1.0,0,69,2.375
24,68,3,1,0,6,84,2,1,1,1,3.0,0,1,4,0,1.0,1.0,0,66,3.4285714285714284
13,79,2,1,0,5,68,2,0,2,3,2.0,1,1,3,0,1.0,1.0,0,63,2.1666666666666665
25,94,2,1,1,7,76,2,1,1,1,3.0,1,0,2,1,1.0,2.0,0,69,3.125
15,80,2,3,1,4,64,2,1,1,2,2.0,0,0,1,0,1.0,1.0,1,65,3.0
17,87,2,2,0,9,99,2,1,1,2,1.0,1,0,3,0,1.0,2.0,1,67,1.7
23,84,2,2,0,8,59,1,1,1,1,3.0,0,1,4,1,3.0,3.0,0,66,2.5555555555555554
16,94,1,2,1,8,58,2,1,2,1,2.0,0,1,3,1,2.0,1.0,1,67,1.7777777777777777
20,71,1,3,1,6,63,3,1,1,1,2.0,0,1,2,0,2.0,2.0,1,65,2.857142857142857
18,83,2,3,0,8,96,1,1,0,2,3.0,0,1,4,1,3.0,1.0,0,69,2.0
21,65,1,3,0,6,83,2,1,3,1,3.0,0,0,5,0,1.0,1.0,1,65,3.0
6,88,3,3,1,7,73,2,1,3,1,2.0,1,0,3,0,2.0,1.0,1,67,0.75
9,89,2,2,1,6,96,2,1,0,3,1.0,0,-1,4,0,1.0,1.0,1,66,1.2857142857142858
24,62,1,2,0,7,95,2,1,1,3,1.0,0,1,3,0,2.0,3.0,0,64,3.0
26,87,2,3,0,5,70,1,1,1,1,2.0,1,1,2,0,1.0,1.0,0,70,4.333333333333333
15,77,2,3,1,7,78,2,1,0,1,3.0,0,0,3,0,1.0,2.0,1,65,1.875
19,65,1,2,1,5,95,2,1,2,2,3.0,1,0,4,0,2.0,1.0,1,65,3.1666666666666665
22,77,1,1,0,10,66,2,1,2,1,2.0,0,1,3,0,2.0,2.0,1,64,2.0
24,68,2,1,1,7,70,1,1,1,1,1.0,0,0,3,0,2.0,1.0,1,64,3.0
8,77,2,1,1,7,90,1,1,1,2,2.0,0,0,0,0,1.0,2.0,1,61,1.0
15,75,3,2,0,8,85,2,1,1,1,3.0,0,0,3,0,1.0,1.0,1,65,1.6666666666666667
18,90,3,2,1,5,52,1,1,5,2,2.0,1,1,3,1,1.0,2.0,1,68,3.0
24,91,1,3,1,6,56,2,1,1,1,3.0,0,1,2,0,2.0,2.0,1,70,3.4285714285714284
35,84,1,2,1,8,92,3,1,6,1,3.0,0,-1,4,0,1.0,2.0,1,74,3.888888888888889
19,61,2,2,0,7,51,1,1,1,1,3.0,0,0,1,0,1.0,1.0,0,60,2.375
12,97,3,1,1,6,96,2,1,2,1,3.0,0,1,2,0,3.0,1.0,0,71,1.7142857142857142
22,87,3,3,1,8,64,2,0,2,2,3.0,0,-1,3,0,1.0,2.0,0,70,2.4444444444444446
28,61,1,2,1,7,80,1,1,2,2,2.0,0,1,4,0,3.0,1.0,0,67,3.5
21,93,2,2,1,8,78,2,0,0,1,2.0,1,0,3,0,1.0,1.0,1,68,2.3333333333333335
15,68,3,2,0,8,70,2,1,3,2,3.0,0,-1,3,0,1.0,1.0,0,64,1.6666666666666667
26,83,3,1,0,6,52,2,1,0,1,3.0,0,-1,3,0,1.0,1.0,1,67,3.7142857142857144
24,79,1,1,0,7,60,1,1,0,1,3.0,0,0,3,0,3.0,1.0,0,65,3.0
14,77,2,2,1,4,81,1,1,3,2,2.0,1,0,3,0,2.0,1.0,0,66,2.8
22,96,2,2,1,6,72,1,1,1,3,2.0,0,1,4,0,2.0,1.0,0,72,3.142857142857143
26,77,1,2,1,7,71,3,1,3,3,2.0,0,0,3,0,1.0,1.0,0,69,3.25
27,63,2,2,1,8,55,1,1,1,2,2.0,1,0,3,0,3.0,1.0,0,65,3.0
20,98,1,3,1,8,67,2,1,0,3,2.0,0,1,3,0,1.0,1.0,0,71,2.2222222222222223
18,97,3,3,1,6,76,2,1,0,2,3.0,0,0,5,0,1.0,2.0,1,72,2.5714285714285716
27,87,3,2,0,6,54,2,1,0,2,2.0,1,1,2,0,1.0,1.0,0,70,3.857142857142857
13,79,3,2,0,9,53,2,0,1,2,2.0,1,1,2,0,2.0,2.0,1,63,1.3
23,64,2,2,0,7,75,2,1,2,2,3.0,0,1,2,0,1.0,1.0,0,66,2.875
12,92,1,1,1,7,78,3,1,3,2,3.0,0,-1,2,0,2.0,1.0,1,67,1.5
26,63,2,3,0,8,63,1,1,1,3,3.0,0,0,3,0,3.0,1.0,1,67,2.888888888888889
18,63,2,2,1,7,66,1,1,2,2,2.0,1,-1,2,0,2.0,1.0,0,62,2.25
28,81,2,3,1,7,90,3,1,3,2,2.0,1,-1,3,0,1.0,2.0,1,72,3.5
23,66,2,3,1,7,93,3,1,1,3,3.0,0,1,1,0,1.0,1.0,0,69,2.875
13,60,2,2,1,6,66,2,1,1,2,3.0,0,1,5,1,2.0,2.0,1,61,1.8571428571428572
29,77,2,1,1,7,68,3,1,1,2,2.0,0,1,3,0,1.0,3.0,0,67,3.625
29,65,1,2,1,4,92,2,0,0,2,2.0,1,1,4,0,1.0,1.0,0,66,5.8
25,66,2,2,1,6,99,2,1,2,2,2.0,0,1,3,0,2.0,1.0,0,68,3.5714285714285716
15,63,2,3,0,8,66,3,1,1,1,2.0,1,-1,4,0,2.0,1.0,1,62,1.6666666666666667
18,68,3,1,1,8,89,2,1,0,2,1.0,0,-1,3,0,2.0,3.0,1,63,2.0
21,89,2,2,1,9,74,3,1,3,1,2.0,1,1,4,0,1.0,2.0,0,70,2.1
16,92,1,3,1,8,63,2,1,2,1,2.0,0,0,4,0,2.0,2.0,1,68,1.7777777777777777
30,78,2,3,1,8,84,2,1,1,3,1.0,1,-1,1,0,2.0,1.0,1,71,3.3333333333333335
21,80,3,1,0,7,73,2,1,0,2,1.0,1,0,2,0,1.0,2.0,0,65,2.625
4,61,1,3,1,6,63,2,1,4,2,2.0,0,0,3,0,1.0,2.0,1,59,0.5714285714285714
22,63,3,1,1,8,55,2,1,2,2,2.0,1,0,4,0,1.0,1.0,1,64,2.4444444444444446
18,70,2,3,0,7,93,2,1,0,2,3.0,0,1,3,0,2.0,1.0,1,67,2.25
20,82,2,2,0,6,94,2,1,3,1,2.0,1,1,2,0,1.0,1.0,1,68,2.857142857142857
18,90,3,3,1,6,54,1,1,1,2,3.0,0,-1,3,0,1.0,1.0,0,95,2.5714285714285716
25,84,2,2,1,7,83,3,1,1,1,2.0,0,1,3,0,1.0,2.0,1,70,3.125
27,76,2,2,0,9,58,2,1,1,2,2.0,0,1,3,0,2.0,1.0,0,68,2.7
22,65,1,2,0,7,82,2,1,2,2,3.0,0,1,4,1,2.0,1.0,1,65,2.75
18,91,1,2,0,7,95,2,1,2,1,3.0,0,1,2,0,3.0,1.0,1,70,2.25
20,75,2,2,0,8,63,2,1,4,2,1.0,0,0,3,0,3.0,1.0,1,67,2.2222222222222223
20,89,2,3,0,8,67,2,1,2,1,3.0,0,0,2,1,2.0,1.0,1,69,2.2222222222222223
15,81,2,3,1,7,90,3,1,1,1,2.0,1,1,2,0,3.0,3.0,0,68,1.875
23,90,3,3,0,7,87,3,1,1,1,2.0,0,0,2,0,1.0,1.0,0,72,2.875
23,96,2,3,0,6,70,2,1,1,2,2.0,0,0,2,0,1.0,1.0,1,71,3.2857142857142856
29,97,2,3,1,9,92,2,1,2,1,2.0,0,1,4,0,1.0,2.0,0,75,2.9
28,81,2,3,0,6,96,2,1,0,2,2.0,0,0,2,0,1.0,1.0,1,70,4.0
16,80,2,2,0,9,73,2,1,2,2,2.0,1,-1,4,0,2.0,1.0,1,66,1.6
25,71,2,3,1,7,52,3,1,3,1,2.0,1,0,3,0,1.0,1.0,1,67,3.125
14,97,2,2,1,7,75,3,1,1,2,2.0,0,1,4,0,2.0,1.0,0,70,1.75
24,78,3,3,1,8,87,2,1,2,2,2.0,0,0,3,0,1.0,1.0,1,71,2.6666666666666665
17,65,2,2,0,6,61,2,1,5,1,2.0,0,1,4,0,1.0,1.0,0,64,2.4285714285714284
14,77,2,2,0,8,55,3,1,2,3,3.0,1,0,4,0,1.0,1.0,1,65,1.5555555555555556
22,65,2,2,1,7,64,3,1,1,2,3.0,1,-1,2,0,1.0,2.0,1,64,2.75
4,80,1,2,1,8,51,2,1,4,2,3.0,0,-1,5,0,1.0,1.0,1,62,0.4444444444444444
9,82,3,1,1,6,86,2,1,2,1,3.0,1,-1,2,0,2.0,3.0,0,64,1.2857142857142858
19,74,2,3,1,6,57,3,1,1,2,2.0,1,1,2,0,1.0,1.0,0,66,2.7142857142857144
20,63,2,2,1,4,86,1,1,0,3,2.0,0,0,3,0,2.0,1.0,1,64,4.0
18,98,3,2,1,6,62,1,1,3,2,3.0,0,1,3,0,1.0,3.0,0,71,2.5714285714285716
11,91,3,1,1,6,100,1,1,4,1,2.0,0,-1,2,0,3.0,1.0,1,68,1.5714285714285714
15,94,2,2,1,6,77,1,1,3,3,3.0,1,0,4,0,2.0,1.0,0,70,2.142857142857143
22,75,3,2,0,7,52,3,1,0,1,2.0,1,0,3,0,2.0,1.0,0,66,2.75
23,90,2,2,0,7,89,1,1,2,3,2.0,0,1,4,0,2.0,2.0,0,71,2.875
20,79,2,2,1,8,71,2,1,1,2,3.0,0,0,3,0,2.0,1.0,0,68,2.2222222222222223
27,68,1,1,1,8,80,3,1,3,2,2.0,0,1,4,1,1.0,1.0,1,66,3.0
22,65,1,2,0,8,98,3,1,4,2,2.0,1,0,3,0,1.0,1.0,0,66,2.4444444444444446
16,74,1,3,0,8,76,2,1,5,1,2.0,0,-1,3,0,2.0,2.0,1,65,1.7777777777777777
18,66,2,2,1,7,90,2,1,0,2,2.0,0,-1,4,0,3.0,1.0,1,64,2.25
12,100,1,2,1,7,65,2,1,1,1,2.0,1,1,2,0,1.0,1.0,1,67,1.5
19,62,2,2,1,8,86,1,1,1,3,2.0,0,1,3,0,2.0,1.0,1,65,2.111111111111111
27,78,2,2,1,8,55,1,1,3,3,2.0,0,0,2,0,3.0,2.0,1,69,3.0
24,78,3,2,1,5,95,1,1,1,1,2.0,1,1,2,0,2.0,1.0,1,69,4.0
28,72,1,2,1,7,60,2,1,4,3,2.0,0,0,3,0,3.0,1.0,1,69,3.5
18,83,2,3,0,4,65,1,1,3,1,2.0,0,1,4,0,2.0,2.0,1,68,3.6
28,66,2,1,1,4,98,2,1,0,2,3.0,0,1,3,0,1.0,1.0,0,67,5.6
19,91,2,1,0,6,58,3,1,2,1,3.0,0,1,3,0,2.0,2.0,1,68,2.7142857142857144
29,73,1,1,1,7,63,2,1,1,1,2.0,0,-1,4,0,3.0,3.0,0,65,3.625
20,84,3,2,1,6,79,2,1,3,2,2.0,0,-1,3,0,2.0,2.0,1,69,2.857142857142857
24,89,2,1,0,4,99,3,1,1,3,3.0,1,1,3,0,3.0,1.0,1,73,4.8
29,96,3,2,0,8,85,1,1,3,3,2.0,0,0,3,0,3.0,1.0,1,76,3.2222222222222223
19,93,2,3,1,6,56,2,1,0,1,3.0,1,-1,3,0,2.0,1.0,1,69,2.7142857142857144
21,84,3,1,1,8,87,1,1,2,3,2.0,0,1,1,0,3.0,3.0,0,69,2.3333333333333335
28,76,2,2,1,6,71,2,1,3,1,2.0,1,1,2,0,1.0,3.0,0,68,4.0
19,80,3,3,1,6,100,2,1,1,2,2.0,0,1,3,0,1.0,1.0,1,70,2.7142857142857144
12,91,2,1,1,8,81,1,1,0,1,1.0,0,1,4,0,1.0,2.0,1,64,1.3333333333333333
33,95,1,1,1,6,77,1,1,2,3,3.0,1,1,3,0,1.0,2.0,0,73,4.714285714285714
17,64,2,2,1,7,78,3,1,1,2,2.0,0,1,3,0,1.0,1.0,1,64,2.125
21,75,2,1,1,7,82,2,1,1,2,2.0,0,-1,4,0,1.0,1.0,1,65,2.625
27,91,1,3,0,5,87,2,0,0,2,2.0,0,-1,3,0,1.0,1.0,0,69,4.5
16,77,2,1,1,8,54,2,0,0,2,2.0,0,-1,3,0,3.0,1.0,1,62,1.7777777777777777
14,73,3,2,1,6,57,3,1,2,2,2.0,0,0,4,0,1.0,2.0,0,64,2.0
22,76,1,3,0,5,65,1,1,0,2,3.0,0,0,3,0,1.0,3.0,0,64,3.6666666666666665
9,84,2,2,0,6,74,2,1,5,3,2.0,0,0,2,0,1.0,1.0,1,67,1.2857142857142858
18,100,2,1,1,8,66,3,0,3,1,2.0,0,-1,3,0,2.0,1.0,1,69,2.0
21,80,2,1,1,5,61,2,1,2,3,2.0,0,1,3,0,1.0,1.0,1,67,3.5
18,68,1,3,0,8,96,2,1,1,3,2.0,0,0,3,0,1.0,2.0,1,65,2.0
11,67,2,3,0,8,52,3,1,3,3,3.0,0,-1,3,0,2.0,2.0,0,63,1.2222222222222223
30,62,1,1,1,7,97,2,1,0,3,2.0,1,0,5,0,2.0,1.0,0,66,3.75
21,82,2,3,0,7,95,3,1,1,3,2.0,0,-1,3,0,1.0,1.0,1,70,2.625
29,82,2,3,0,7,84,1,1,1,1,2.0,1,1,2,0,1.0,1.0,1,70,3.625
18,68,3,3,1,8,52,3,1,0,3,3.0,0,1,3,0,2.0,1.0,1,67,2.0
15,88,1,2,1,6,61,2,1,0,3,2.0,0,0,4,1,3.0,3.0,1,65,2.142857142857143
22,90,1,3,0,5,99,2,1,1,1,1.0,1,1,2,0,2.0,1.0,0,70,3.6666666666666665
19,70,2,2,1,7,95,3,0,0,2,3.0,1,1,3,0,2.0,1.0,0,66,2.375
13,74,2,3,1,8,98,3,1,1,3,3.0,0,-1,2,0,1.0,1.0,1,66,1.4444444444444444
29,100,2,1,1,8,100,1,1,0,1,2.0,1,0,5,1,1.0,1.0,1,72,3.2222222222222223
16,75,3,1,1,10,53,3,1,0,1,1.0,0,1,4,0,2.0,1.0,0,64,1.4545454545454546
9,90,3,3,1,7,79,1,1,4,3,3.0,0,1,4,0,1.0,1.0,1,70,1.125
28,78,2,3,0,7,92,1,1,1,2,3.0,0,1,3,0,3.0,2.0,0,71,3.5
17,92,2,2,0,7,66,1,1,2,1,2.0,0,-1,3,0,1.0,1.0,1,66,2.125
16,91,3,2,1,6,72,3,1,0,3,3.0,0,-1,2,0,3.0,1.0,0,70,2.2857142857142856
9,87,1,2,1,6,64,2,1,1,3,2.0,0,0,2,0,1.0,1.0,0,64,1.2857142857142858
30,94,2,1,0,5,52,1,0,3,3,2.0,1,0,2,0,3.0,2.0,0,70,5.0
12,98,2,1,1,4,54,2,1,2,2,3.0,1,0,3,0,1.0,1.0,0,67,2.4
20,83,2,1,0,6,51,1,1,2,2,2.0,0,0,4,0,1.0,2.0,0,65,2.857142857142857
25,69,3,2,0,7,76,2,1,1,3,2.0,0,1,2,0,1.0,1.0,0,68,3.125
23,76,3,2,0,8,81,2,1,3,1,3.0,0,1,2,0,1.0,1.0,0,69,2.5555555555555554
20,90,2,1,1,6,65,1,1,3,1,2.0,0,-1,2,0,3.0,1.0,0,68,2.857142857142857
10,86,3,3,1,6,91,3,1,2,1,2.0,1,1,3,0,1.0,3.0,0,68,1.4285714285714286
15,67,2,1,1,9,94,2,1,0,2,2.0,0,1,4,0,3.0,1.0,1,64,1.5
